subject,condition,dyad,count,total_transitions,rate,dyad_total,spam_included,m_minus_2sd_threshold,auc
202511171004,gravity,ball->ball,487,584,0.833904109589041,1152,True,431.1657434710614,0.5196078431372549
202511171004,gravity,ball->position,35,584,0.059931506849315065,1152,True,431.1657434710614,0.5196078431372549
202511171004,gravity,position->ball,35,584,0.059931506849315065,1152,True,431.1657434710614,0.5196078431372549
202511171004,gravity,position->position,27,584,0.046232876712328765,1152,True,431.1657434710614,0.5196078431372549
202511171004,zero_gravity,ball->ball,408,568,0.7183098591549296,1152,True,431.1657434710614,0.45665634674922595
202511171004,zero_gravity,ball->position,53,568,0.09330985915492958,1152,True,431.1657434710614,0.45665634674922595
202511171004,zero_gravity,position->ball,53,568,0.09330985915492958,1152,True,431.1657434710614,0.45665634674922595
202511171004,zero_gravity,position->position,54,568,0.09507042253521127,1152,True,431.1657434710614,0.45665634674922595
202511171621,gravity,ball->ball,444,588,0.7551020408163265,1248,True,431.1657434710614,0.74609375
202511171621,gravity,ball->position,44,588,0.07482993197278912,1248,True,431.1657434710614,0.74609375
202511171621,gravity,position->ball,44,588,0.07482993197278912,1248,True,431.1657434710614,0.74609375
202511171621,gravity,position->position,56,588,0.09523809523809523,1248,True,431.1657434710614,0.74609375
202511171621,zero_gravity,ball->ball,436,660,0.6606060606060606,1248,True,431.1657434710614,0.7548387096774194
202511171621,zero_gravity,ball->position,43,660,0.06515151515151515,1248,True,431.1657434710614,0.7548387096774194
202511171621,zero_gravity,position->ball,43,660,0.06515151515151515,1248,True,431.1657434710614,0.7548387096774194
202511171621,zero_gravity,position->position,138,660,0.20909090909090908,1248,True,431.1657434710614,0.7548387096774194
202511181005,gravity,ball->ball,301,346,0.869942196531792,769,True,431.1657434710614,0.7217741935483871
202511181005,gravity,ball->position,20,346,0.057803468208092484,769,True,431.1657434710614,0.7217741935483871
202511181005,gravity,position->ball,20,346,0.057803468208092484,769,True,431.1657434710614,0.7217741935483871
202511181005,gravity,position->position,5,346,0.014450867052023121,769,True,431.1657434710614,0.7217741935483871
202511181005,zero_gravity,ball->ball,310,423,0.7328605200945626,769,True,431.1657434710614,0.7424749163879598
202511181005,zero_gravity,ball->position,42,423,0.09929078014184398,769,True,431.1657434710614,0.7424749163879598
202511181005,zero_gravity,position->ball,42,423,0.09929078014184398,769,True,431.1657434710614,0.7424749163879598
202511181005,zero_gravity,position->position,29,423,0.06855791962174941,769,True,431.1657434710614,0.7424749163879598
202511181030,gravity,ball->ball,573,784,0.7308673469387755,1251,True,431.1657434710614,0.6496212121212122
202511181030,gravity,ball->position,70,784,0.08928571428571429,1251,True,431.1657434710614,0.6496212121212122
202511181030,gravity,position->ball,69,784,0.08801020408163265,1251,True,431.1657434710614,0.6496212121212122
202511181030,gravity,position->position,72,784,0.09183673469387756,1251,True,431.1657434710614,0.6496212121212122
202511181030,zero_gravity,ball->ball,333,467,0.7130620985010707,1251,True,431.1657434710614,0.6648550724637681
202511181030,zero_gravity,ball->position,43,467,0.09207708779443255,1251,True,431.1657434710614,0.6648550724637681
202511181030,zero_gravity,position->ball,43,467,0.09207708779443255,1251,True,431.1657434710614,0.6648550724637681
202511181030,zero_gravity,position->position,48,467,0.10278372591006424,1251,True,431.1657434710614,0.6648550724637681
202511181442,gravity,ball->ball,323,447,0.7225950782997763,998,True,431.1657434710614,0.5707070707070707
202511181442,gravity,ball->position,49,447,0.10961968680089486,998,True,431.1657434710614,0.5707070707070707
202511181442,gravity,position->ball,49,447,0.10961968680089486,998,True,431.1657434710614,0.5707070707070707
202511181442,gravity,position->position,26,447,0.058165548098434,998,True,431.1657434710614,0.5707070707070707
202511181442,zero_gravity,ball->ball,312,551,0.5662431941923775,998,True,431.1657434710614,0.5595238095238095
202511181442,zero_gravity,ball->position,80,551,0.14519056261343014,998,True,431.1657434710614,0.5595238095238095
202511181442,zero_gravity,position->ball,80,551,0.14519056261343014,998,True,431.1657434710614,0.5595238095238095
202511181442,zero_gravity,position->position,79,551,0.14337568058076225,998,True,431.1657434710614,0.5595238095238095
202511181445,gravity,ball->ball,328,504,0.6507936507936508,1013,True,431.1657434710614,0.7
202511181445,gravity,ball->position,62,504,0.12301587301587301,1013,True,431.1657434710614,0.7
202511181445,gravity,position->ball,62,504,0.12301587301587301,1013,True,431.1657434710614,0.7
202511181445,gravity,position->position,52,504,0.10317460317460317,1013,True,431.1657434710614,0.7
202511181445,zero_gravity,ball->ball,492,509,0.9666011787819253,1013,True,431.1657434710614,0.6964285714285714
202511181445,zero_gravity,ball->position,7,509,0.0137524557956778,1013,True,431.1657434710614,0.6964285714285714
202511181445,zero_gravity,position->ball,8,509,0.015717092337917484,1013,True,431.1657434710614,0.6964285714285714
202511181445,zero_gravity,position->position,2,509,0.003929273084479371,1013,True,431.1657434710614,0.6964285714285714
202511181455,gravity,ball->ball,199,221,0.9004524886877828,472,True,431.1657434710614,0.4734848484848485
202511181455,gravity,ball->position,10,221,0.04524886877828054,472,True,431.1657434710614,0.4734848484848485
202511181455,gravity,position->ball,10,221,0.04524886877828054,472,True,431.1657434710614,0.4734848484848485
202511181455,gravity,position->position,2,221,0.00904977375565611,472,True,431.1657434710614,0.4734848484848485
202511181455,zero_gravity,ball->ball,163,251,0.649402390438247,472,True,431.1657434710614,0.35625
202511181455,zero_gravity,ball->position,38,251,0.15139442231075698,472,True,431.1657434710614,0.35625
202511181455,zero_gravity,position->ball,38,251,0.15139442231075698,472,True,431.1657434710614,0.35625
202511181455,zero_gravity,position->position,12,251,0.04780876494023904,472,True,431.1657434710614,0.35625
202511181644,gravity,ball->ball,269,472,0.5699152542372882,980,True,431.1657434710614,0.6031468531468531
202511181644,gravity,ball->position,70,472,0.1483050847457627,980,True,431.1657434710614,0.6031468531468531
202511181644,gravity,position->ball,69,472,0.1461864406779661,980,True,431.1657434710614,0.6031468531468531
202511181644,gravity,position->position,64,472,0.13559322033898305,980,True,431.1657434710614,0.6031468531468531
202511181644,zero_gravity,ball->ball,432,508,0.8503937007874016,980,True,431.1657434710614,0.584375
202511181644,zero_gravity,ball->position,31,508,0.0610236220472441,980,True,431.1657434710614,0.584375
202511181644,zero_gravity,position->ball,32,508,0.06299212598425197,980,True,431.1657434710614,0.584375
202511181644,zero_gravity,position->position,13,508,0.025590551181102362,980,True,431.1657434710614,0.584375
202511190941,gravity,ball->ball,409,499,0.8196392785571143,1013,True,431.1657434710614,0.6625000000000001
202511190941,gravity,ball->position,41,499,0.08216432865731463,1013,True,431.1657434710614,0.6625000000000001
202511190941,gravity,position->ball,41,499,0.08216432865731463,1013,True,431.1657434710614,0.6625000000000001
202511190941,gravity,position->position,8,499,0.01603206412825651,1013,True,431.1657434710614,0.6625000000000001
202511190941,zero_gravity,ball->ball,323,514,0.6284046692607004,1013,True,431.1657434710614,0.5833333333333333
202511190941,zero_gravity,ball->position,50,514,0.09727626459143969,1013,True,431.1657434710614,0.5833333333333333
202511190941,zero_gravity,position->ball,50,514,0.09727626459143969,1013,True,431.1657434710614,0.5833333333333333
202511190941,zero_gravity,position->position,91,514,0.17704280155642024,1013,True,431.1657434710614,0.5833333333333333
202511191004,gravity,ball->ball,297,382,0.7774869109947644,823,True,431.1657434710614,0.8064516129032258
202511191004,gravity,ball->position,30,382,0.07853403141361257,823,True,431.1657434710614,0.8064516129032258
202511191004,gravity,position->ball,30,382,0.07853403141361257,823,True,431.1657434710614,0.8064516129032258
202511191004,gravity,position->position,25,382,0.06544502617801047,823,True,431.1657434710614,0.8064516129032258
202511191004,zero_gravity,ball->ball,299,441,0.6780045351473923,823,True,431.1657434710614,0.84765625
202511191004,zero_gravity,ball->position,47,441,0.10657596371882086,823,True,431.1657434710614,0.84765625
202511191004,zero_gravity,position->ball,47,441,0.10657596371882086,823,True,431.1657434710614,0.84765625
202511191004,zero_gravity,position->position,48,441,0.10884353741496598,823,True,431.1657434710614,0.84765625
202511191614,gravity,ball->ball,242,332,0.7289156626506024,566,True,431.1657434710614,0.5027472527472527
202511191614,gravity,ball->position,40,332,0.12048192771084337,566,True,431.1657434710614,0.5027472527472527
202511191614,gravity,position->ball,40,332,0.12048192771084337,566,True,431.1657434710614,0.5027472527472527
202511191614,gravity,position->position,10,332,0.030120481927710843,566,True,431.1657434710614,0.5027472527472527
202511191614,zero_gravity,ball->ball,125,234,0.5341880341880342,566,True,431.1657434710614,0.5652173913043479
202511191614,zero_gravity,ball->position,36,234,0.15384615384615385,566,True,431.1657434710614,0.5652173913043479
202511191614,zero_gravity,position->ball,35,234,0.14957264957264957,566,True,431.1657434710614,0.5652173913043479
202511191614,zero_gravity,position->position,38,234,0.1623931623931624,566,True,431.1657434710614,0.5652173913043479
202511191626,gravity,ball->ball,360,431,0.8352668213457076,974,True,431.1657434710614,0.7966666666666667
202511191626,gravity,ball->position,30,431,0.06960556844547564,974,True,431.1657434710614,0.7966666666666667
202511191626,gravity,position->ball,30,431,0.06960556844547564,974,True,431.1657434710614,0.7966666666666667
202511191626,gravity,position->position,11,431,0.025522041763341066,974,True,431.1657434710614,0.7966666666666667
202511191626,zero_gravity,ball->ball,410,543,0.7550644567219152,974,True,431.1657434710614,0.46683673469387754
202511191626,zero_gravity,ball->position,41,543,0.07550644567219153,974,True,431.1657434710614,0.46683673469387754
202511191626,zero_gravity,position->ball,41,543,0.07550644567219153,974,True,431.1657434710614,0.46683673469387754
202511191626,zero_gravity,position->position,51,543,0.09392265193370165,974,True,431.1657434710614,0.46683673469387754
202511201020,gravity,ball->ball,355,462,0.7683982683982684,905,True,431.1657434710614,0.546875
202511201020,gravity,ball->position,35,462,0.07575757575757576,905,True,431.1657434710614,0.546875
202511201020,gravity,position->ball,35,462,0.07575757575757576,905,True,431.1657434710614,0.546875
202511201020,gravity,position->position,37,462,0.08008658008658008,905,True,431.1657434710614,0.546875
202511201020,zero_gravity,ball->ball,282,443,0.636568848758465,905,True,431.1657434710614,
202511201020,zero_gravity,ball->position,58,443,0.1309255079006772,905,True,431.1657434710614,
202511201020,zero_gravity,position->ball,58,443,0.1309255079006772,905,True,431.1657434710614,
202511201020,zero_gravity,position->position,45,443,0.10158013544018059,905,True,431.1657434710614,
202511201417,gravity,ball->ball,273,414,0.6594202898550725,890,True,431.1657434710614,0.5568181818181818
202511201417,gravity,ball->position,54,414,0.13043478260869565,890,True,431.1657434710614,0.5568181818181818
202511201417,gravity,position->ball,54,414,0.13043478260869565,890,True,431.1657434710614,0.5568181818181818
202511201417,gravity,position->position,33,414,0.07971014492753623,890,True,431.1657434710614,0.5568181818181818
202511201417,zero_gravity,ball->ball,373,476,0.7836134453781513,890,True,431.1657434710614,0.4375
202511201417,zero_gravity,ball->position,38,476,0.07983193277310924,890,True,431.1657434710614,0.4375
202511201417,zero_gravity,position->ball,38,476,0.07983193277310924,890,True,431.1657434710614,0.4375
202511201417,zero_gravity,position->position,27,476,0.05672268907563025,890,True,431.1657434710614,0.4375
202511201419,gravity,ball->ball,441,493,0.8945233265720081,1006,True,431.1657434710614,0.5317460317460317
202511201419,gravity,ball->position,23,493,0.04665314401622718,1006,True,431.1657434710614,0.5317460317460317
202511201419,gravity,position->ball,23,493,0.04665314401622718,1006,True,431.1657434710614,0.5317460317460317
202511201419,gravity,position->position,6,493,0.012170385395537525,1006,True,431.1657434710614,0.5317460317460317
202511201419,zero_gravity,ball->ball,339,513,0.6608187134502924,1006,True,431.1657434710614,0.5906250000000001
202511201419,zero_gravity,ball->position,48,513,0.0935672514619883,1006,True,431.1657434710614,0.5906250000000001
202511201419,zero_gravity,position->ball,48,513,0.0935672514619883,1006,True,431.1657434710614,0.5906250000000001
202511201419,zero_gravity,position->position,78,513,0.15204678362573099,1006,True,431.1657434710614,0.5906250000000001
202511201635,gravity,ball->ball,379,521,0.727447216890595,932,True,431.1657434710614,0.6666666666666667
202511201635,gravity,ball->position,55,521,0.10556621880998081,932,True,431.1657434710614,0.6666666666666667
202511201635,gravity,position->ball,56,521,0.10748560460652591,932,True,431.1657434710614,0.6666666666666667
202511201635,gravity,position->position,31,521,0.05950095969289827,932,True,431.1657434710614,0.6666666666666667
202511201635,zero_gravity,ball->ball,303,411,0.7372262773722628,932,True,431.1657434710614,
202511201635,zero_gravity,ball->position,49,411,0.1192214111922141,932,True,431.1657434710614,
202511201635,zero_gravity,position->ball,49,411,0.1192214111922141,932,True,431.1657434710614,
202511201635,zero_gravity,position->position,10,411,0.024330900243309004,932,True,431.1657434710614,
202511210958,gravity,ball->ball,370,498,0.7429718875502008,1045,True,431.1657434710614,0.3208333333333333
202511210958,gravity,ball->position,37,498,0.07429718875502007,1045,True,431.1657434710614,0.3208333333333333
202511210958,gravity,position->ball,37,498,0.07429718875502007,1045,True,431.1657434710614,0.3208333333333333
202511210958,gravity,position->position,54,498,0.10843373493975904,1045,True,431.1657434710614,0.3208333333333333
202511210958,zero_gravity,ball->ball,321,547,0.5868372943327239,1045,True,431.1657434710614,0.6257142857142857
202511210958,zero_gravity,ball->position,70,547,0.12797074954296161,1045,True,431.1657434710614,0.6257142857142857
202511210958,zero_gravity,position->ball,70,547,0.12797074954296161,1045,True,431.1657434710614,0.6257142857142857
202511210958,zero_gravity,position->position,86,547,0.15722120658135283,1045,True,431.1657434710614,0.6257142857142857
202511211007,gravity,ball->ball,294,463,0.6349892008639308,939,True,431.1657434710614,0.35333333333333333
202511211007,gravity,ball->position,68,463,0.1468682505399568,939,True,431.1657434710614,0.35333333333333333
202511211007,gravity,position->ball,68,463,0.1468682505399568,939,True,431.1657434710614,0.35333333333333333
202511211007,gravity,position->position,33,463,0.07127429805615551,939,True,431.1657434710614,0.35333333333333333
202511211007,zero_gravity,ball->ball,241,476,0.5063025210084033,939,True,431.1657434710614,0.44243421052631576
202511211007,zero_gravity,ball->position,73,476,0.15336134453781514,939,True,431.1657434710614,0.44243421052631576
202511211007,zero_gravity,position->ball,73,476,0.15336134453781514,939,True,431.1657434710614,0.44243421052631576
202511211007,zero_gravity,position->position,89,476,0.1869747899159664,939,True,431.1657434710614,0.44243421052631576
202511211421,gravity,ball->ball,536,585,0.9162393162393162,1132,True,431.1657434710614,0.42500000000000004
202511211421,gravity,ball->position,24,585,0.041025641025641026,1132,True,431.1657434710614,0.42500000000000004
202511211421,gravity,position->ball,24,585,0.041025641025641026,1132,True,431.1657434710614,0.42500000000000004
202511211421,gravity,position->position,1,585,0.0017094017094017094,1132,True,431.1657434710614,0.42500000000000004
202511211421,zero_gravity,ball->ball,290,547,0.5301645338208409,1132,True,431.1657434710614,0.44318181818181823
202511211421,zero_gravity,ball->position,76,547,0.13893967093235832,1132,True,431.1657434710614,0.44318181818181823
202511211421,zero_gravity,position->ball,76,547,0.13893967093235832,1132,True,431.1657434710614,0.44318181818181823
202511211421,zero_gravity,position->position,105,547,0.19195612431444242,1132,True,431.1657434710614,0.44318181818181823
202511211426,gravity,ball->ball,355,553,0.6419529837251357,1083,True,431.1657434710614,0.4980392156862745
202511211426,gravity,ball->position,61,553,0.11030741410488246,1083,True,431.1657434710614,0.4980392156862745
202511211426,gravity,position->ball,61,553,0.11030741410488246,1083,True,431.1657434710614,0.4980392156862745
202511211426,gravity,position->position,76,553,0.13743218806509946,1083,True,431.1657434710614,0.4980392156862745
202511211426,zero_gravity,ball->ball,411,530,0.7754716981132076,1083,True,431.1657434710614,
202511211426,zero_gravity,ball->position,46,530,0.08679245283018867,1083,True,431.1657434710614,
202511211426,zero_gravity,position->ball,46,530,0.08679245283018867,1083,True,431.1657434710614,
202511211426,zero_gravity,position->position,27,530,0.0509433962264151,1083,True,431.1657434710614,
202511211610,gravity,ball->ball,332,457,0.7264770240700219,830,True,431.1657434710614,0.6770833333333335
202511211610,gravity,ball->position,54,457,0.11816192560175055,830,True,431.1657434710614,0.6770833333333335
202511211610,gravity,position->ball,54,457,0.11816192560175055,830,True,431.1657434710614,0.6770833333333335
202511211610,gravity,position->position,17,457,0.037199124726477024,830,True,431.1657434710614,0.6770833333333335
202511211610,zero_gravity,ball->ball,233,373,0.6246648793565683,830,True,431.1657434710614,0.7879464285714286
202511211610,zero_gravity,ball->position,49,373,0.13136729222520108,830,True,431.1657434710614,0.7879464285714286
202511211610,zero_gravity,position->ball,49,373,0.13136729222520108,830,True,431.1657434710614,0.7879464285714286
202511211610,zero_gravity,position->position,42,373,0.1126005361930295,830,True,431.1657434710614,0.7879464285714286
202511211621,gravity,ball->ball,334,452,0.7389380530973452,942,True,431.1657434710614,0.5833333333333333
202511211621,gravity,ball->position,47,452,0.10398230088495575,942,True,431.1657434710614,0.5833333333333333
202511211621,gravity,position->ball,47,452,0.10398230088495575,942,True,431.1657434710614,0.5833333333333333
202511211621,gravity,position->position,24,452,0.05309734513274336,942,True,431.1657434710614,0.5833333333333333
202511211621,zero_gravity,ball->ball,314,490,0.6408163265306123,942,True,431.1657434710614,0.7708333333333334
202511211621,zero_gravity,ball->position,59,490,0.12040816326530612,942,True,431.1657434710614,0.7708333333333334
202511211621,zero_gravity,position->ball,59,490,0.12040816326530612,942,True,431.1657434710614,0.7708333333333334
202511211621,zero_gravity,position->position,58,490,0.11836734693877551,942,True,431.1657434710614,0.7708333333333334
202511241622,gravity,ball->ball,421,486,0.8662551440329218,998,True,431.1657434710614,0.47619047619047616
202511241622,gravity,ball->position,27,486,0.05555555555555555,998,True,431.1657434710614,0.47619047619047616
202511241622,gravity,position->ball,27,486,0.05555555555555555,998,True,431.1657434710614,0.47619047619047616
202511241622,gravity,position->position,11,486,0.02263374485596708,998,True,431.1657434710614,0.47619047619047616
202511241622,zero_gravity,ball->ball,307,512,0.599609375,998,True,431.1657434710614,0.546875
202511241622,zero_gravity,ball->position,64,512,0.125,998,True,431.1657434710614,0.546875
202511241622,zero_gravity,position->ball,64,512,0.125,998,True,431.1657434710614,0.546875
202511241622,zero_gravity,position->position,77,512,0.150390625,998,True,431.1657434710614,0.546875
202511241649,gravity,ball->ball,459,559,0.8211091234347049,1092,True,431.1657434710614,0.49836601307189543
202511241649,gravity,ball->position,34,559,0.06082289803220036,1092,True,431.1657434710614,0.49836601307189543
202511241649,gravity,position->ball,34,559,0.06082289803220036,1092,True,431.1657434710614,0.49836601307189543
202511241649,gravity,position->position,32,559,0.057245080500894455,1092,True,431.1657434710614,0.49836601307189543
202511241649,zero_gravity,ball->ball,356,533,0.6679174484052532,1092,True,431.1657434710614,
202511241649,zero_gravity,ball->position,46,533,0.08630393996247655,1092,True,431.1657434710614,
202511241649,zero_gravity,position->ball,46,533,0.08630393996247655,1092,True,431.1657434710614,
202511241649,zero_gravity,position->position,85,533,0.15947467166979362,1092,True,431.1657434710614,
202511250951,gravity,ball->ball,428,510,0.8392156862745098,999,True,431.1657434710614,0.484375
202511250951,gravity,ball->position,33,510,0.06470588235294118,999,True,431.1657434710614,0.484375
202511250951,gravity,position->ball,33,510,0.06470588235294118,999,True,431.1657434710614,0.484375
202511250951,gravity,position->position,16,510,0.03137254901960784,999,True,431.1657434710614,0.484375
202511250951,zero_gravity,ball->ball,468,489,0.9570552147239264,999,True,431.1657434710614,0.6428571428571428
202511250951,zero_gravity,ball->position,10,489,0.02044989775051125,999,True,431.1657434710614,0.6428571428571428
202511250951,zero_gravity,position->ball,10,489,0.02044989775051125,999,True,431.1657434710614,0.6428571428571428
202511250951,zero_gravity,position->position,1,489,0.002044989775051125,999,True,431.1657434710614,0.6428571428571428
202511250957,gravity,ball->ball,338,386,0.8756476683937824,894,True,431.1657434710614,0.6088709677419355
202511250957,gravity,ball->position,23,386,0.05958549222797927,894,True,431.1657434710614,0.6088709677419355
202511250957,gravity,position->ball,23,386,0.05958549222797927,894,True,431.1657434710614,0.6088709677419355
202511250957,gravity,position->position,2,386,0.0051813471502590676,894,True,431.1657434710614,0.6088709677419355
202511250957,zero_gravity,ball->ball,372,508,0.7322834645669292,894,True,431.1657434710614,0.6618181818181819
202511250957,zero_gravity,ball->position,49,508,0.09645669291338582,894,True,431.1657434710614,0.6618181818181819
202511250957,zero_gravity,position->ball,49,508,0.09645669291338582,894,True,431.1657434710614,0.6618181818181819
202511250957,zero_gravity,position->position,38,508,0.07480314960629922,894,True,431.1657434710614,0.6618181818181819
202511251431,gravity,ball->ball,477,629,0.7583465818759937,1344,True,431.1657434710614,0.5802469135802469
202511251431,gravity,ball->position,54,629,0.08585055643879173,1344,True,431.1657434710614,0.5802469135802469
202511251431,gravity,position->ball,54,629,0.08585055643879173,1344,True,431.1657434710614,0.5802469135802469
202511251431,gravity,position->position,44,629,0.06995230524642289,1344,True,431.1657434710614,0.5802469135802469
202511251431,zero_gravity,ball->ball,578,715,0.8083916083916084,1344,True,431.1657434710614,0.6176470588235294
202511251431,zero_gravity,ball->position,54,715,0.07552447552447553,1344,True,431.1657434710614,0.6176470588235294
202511251431,zero_gravity,position->ball,54,715,0.07552447552447553,1344,True,431.1657434710614,0.6176470588235294
202511251431,zero_gravity,position->position,29,715,0.04055944055944056,1344,True,431.1657434710614,0.6176470588235294
202511251659,gravity,ball->ball,494,679,0.727540500736377,1395,True,431.1657434710614,0.5125
202511251659,gravity,ball->position,68,679,0.10014727540500737,1395,True,431.1657434710614,0.5125
202511251659,gravity,position->ball,68,679,0.10014727540500737,1395,True,431.1657434710614,0.5125
202511251659,gravity,position->position,49,679,0.07216494845360824,1395,True,431.1657434710614,0.5125
202511251659,zero_gravity,ball->ball,398,716,0.5558659217877095,1395,True,431.1657434710614,0.50625
202511251659,zero_gravity,ball->position,123,716,0.1717877094972067,1395,True,431.1657434710614,0.50625
202511251659,zero_gravity,position->ball,123,716,0.1717877094972067,1395,True,431.1657434710614,0.50625
202511251659,zero_gravity,position->position,72,716,0.1005586592178771,1395,True,431.1657434710614,0.50625
202511260959,gravity,ball->ball,363,483,0.7515527950310559,919,True,431.1657434710614,0.5892857142857143
202511260959,gravity,ball->position,51,483,0.10559006211180125,919,True,431.1657434710614,0.5892857142857143
202511260959,gravity,position->ball,52,483,0.10766045548654245,919,True,431.1657434710614,0.5892857142857143
202511260959,gravity,position->position,17,483,0.035196687370600416,919,True,431.1657434710614,0.5892857142857143
202511260959,zero_gravity,ball->ball,263,436,0.6032110091743119,919,True,431.1657434710614,0.4180602006688964
202511260959,zero_gravity,ball->position,55,436,0.12614678899082568,919,True,431.1657434710614,0.4180602006688964
202511260959,zero_gravity,position->ball,55,436,0.12614678899082568,919,True,431.1657434710614,0.4180602006688964
202511260959,zero_gravity,position->position,63,436,0.1444954128440367,919,True,431.1657434710614,0.4180602006688964
202511261442,gravity,ball->ball,301,365,0.8246575342465754,726,True,431.1657434710614,0.4583333333333333
202511261442,gravity,ball->position,28,365,0.07671232876712329,726,True,431.1657434710614,0.4583333333333333
202511261442,gravity,position->ball,28,365,0.07671232876712329,726,True,431.1657434710614,0.4583333333333333
202511261442,gravity,position->position,8,365,0.021917808219178082,726,True,431.1657434710614,0.4583333333333333
202511261442,zero_gravity,ball->ball,245,361,0.6786703601108033,726,True,431.1657434710614,
202511261442,zero_gravity,ball->position,50,361,0.13850415512465375,726,True,431.1657434710614,
202511261442,zero_gravity,position->ball,50,361,0.13850415512465375,726,True,431.1657434710614,
202511261442,zero_gravity,position->position,16,361,0.0443213296398892,726,True,431.1657434710614,
202511261447,gravity,ball->ball,353,441,0.800453514739229,922,True,431.1657434710614,0.46153846153846156
202511261447,gravity,ball->position,38,441,0.08616780045351474,922,True,431.1657434710614,0.46153846153846156
202511261447,gravity,position->ball,38,441,0.08616780045351474,922,True,431.1657434710614,0.46153846153846156
202511261447,gravity,position->position,12,441,0.027210884353741496,922,True,431.1657434710614,0.46153846153846156
202511261447,zero_gravity,ball->ball,245,481,0.5093555093555093,922,True,431.1657434710614,
202511261447,zero_gravity,ball->position,57,481,0.11850311850311851,922,True,431.1657434710614,
202511261447,zero_gravity,position->ball,57,481,0.11850311850311851,922,True,431.1657434710614,
202511261447,zero_gravity,position->position,122,481,0.25363825363825365,922,True,431.1657434710614,
202511261624,gravity,ball->ball,345,440,0.7840909090909091,900,True,431.1657434710614,0.5208333333333333
202511261624,gravity,ball->position,41,440,0.09318181818181819,900,True,431.1657434710614,0.5208333333333333
202511261624,gravity,position->ball,41,440,0.09318181818181819,900,True,431.1657434710614,0.5208333333333333
202511261624,gravity,position->position,13,440,0.029545454545454545,900,True,431.1657434710614,0.5208333333333333
202511261624,zero_gravity,ball->ball,355,460,0.7717391304347826,900,True,431.1657434710614,0.55625
202511261624,zero_gravity,ball->position,43,460,0.09347826086956522,900,True,431.1657434710614,0.55625
202511261624,zero_gravity,position->ball,43,460,0.09347826086956522,900,True,431.1657434710614,0.55625
202511261624,zero_gravity,position->position,19,460,0.041304347826086954,900,True,431.1657434710614,0.55625
202511261626,gravity,ball->ball,198,266,0.7443609022556391,536,True,431.1657434710614,0.8161290322580645
202511261626,gravity,ball->position,27,266,0.10150375939849623,536,True,431.1657434710614,0.8161290322580645
202511261626,gravity,position->ball,27,266,0.10150375939849623,536,True,431.1657434710614,0.8161290322580645
202511261626,gravity,position->position,14,266,0.05263157894736842,536,True,431.1657434710614,0.8161290322580645
202511261626,zero_gravity,ball->ball,158,270,0.5851851851851851,536,True,431.1657434710614,0.515625
202511261626,zero_gravity,ball->position,53,270,0.1962962962962963,536,True,431.1657434710614,0.515625
202511261626,zero_gravity,position->ball,52,270,0.1925925925925926,536,True,431.1657434710614,0.515625
202511261626,zero_gravity,position->position,7,270,0.025925925925925925,536,True,431.1657434710614,0.515625
202511261627,gravity,ball->ball,409,546,0.7490842490842491,1091,True,431.1657434710614,0.5499999999999999
202511261627,gravity,ball->position,55,546,0.10073260073260074,1091,True,431.1657434710614,0.5499999999999999
202511261627,gravity,position->ball,55,546,0.10073260073260074,1091,True,431.1657434710614,0.5499999999999999
202511261627,gravity,position->position,27,546,0.04945054945054945,1091,True,431.1657434710614,0.5499999999999999
202511261627,zero_gravity,ball->ball,364,545,0.6678899082568808,1091,True,431.1657434710614,0.5785953177257525
202511261627,zero_gravity,ball->position,82,545,0.15045871559633028,1091,True,431.1657434710614,0.5785953177257525
202511261627,zero_gravity,position->ball,82,545,0.15045871559633028,1091,True,431.1657434710614,0.5785953177257525
202511261627,zero_gravity,position->position,17,545,0.031192660550458717,1091,True,431.1657434710614,0.5785953177257525
202511271030,gravity,ball->ball,395,565,0.6991150442477876,1313,True,431.1657434710614,0.6625
202511271030,gravity,ball->position,57,565,0.10088495575221239,1313,True,431.1657434710614,0.6625
202511271030,gravity,position->ball,57,565,0.10088495575221239,1313,True,431.1657434710614,0.6625
202511271030,gravity,position->position,56,565,0.09911504424778761,1313,True,431.1657434710614,0.6625
202511271030,zero_gravity,ball->ball,452,748,0.6042780748663101,1313,True,431.1657434710614,0.5683760683760684
202511271030,zero_gravity,ball->position,103,748,0.13770053475935828,1313,True,431.1657434710614,0.5683760683760684
202511271030,zero_gravity,position->ball,103,748,0.13770053475935828,1313,True,431.1657434710614,0.5683760683760684
202511271030,zero_gravity,position->position,90,748,0.12032085561497326,1313,True,431.1657434710614,0.5683760683760684
202511271033,gravity,ball->ball,224,250,0.896,587,True,431.1657434710614,0.6176470588235294
202511271033,gravity,ball->position,11,250,0.044,587,True,431.1657434710614,0.6176470588235294
202511271033,gravity,position->ball,11,250,0.044,587,True,431.1657434710614,0.6176470588235294
202511271033,gravity,position->position,4,250,0.016,587,True,431.1657434710614,0.6176470588235294
202511271033,zero_gravity,ball->ball,228,337,0.6765578635014837,587,True,431.1657434710614,0.6280276816608997
202511271033,zero_gravity,ball->position,46,337,0.13649851632047477,587,True,431.1657434710614,0.6280276816608997
202511271033,zero_gravity,position->ball,46,337,0.13649851632047477,587,True,431.1657434710614,0.6280276816608997
202511271033,zero_gravity,position->position,17,337,0.050445103857566766,587,True,431.1657434710614,0.6280276816608997
202511271431,gravity,ball->ball,312,372,0.8387096774193549,702,True,431.1657434710614,0.44999999999999996
202511271431,gravity,ball->position,28,372,0.07526881720430108,702,True,431.1657434710614,0.44999999999999996
202511271431,gravity,position->ball,29,372,0.07795698924731183,702,True,431.1657434710614,0.44999999999999996
202511271431,gravity,position->position,3,372,0.008064516129032258,702,True,431.1657434710614,0.44999999999999996
202511271431,zero_gravity,ball->ball,78,330,0.23636363636363636,702,True,431.1657434710614,0.47777777777777775
202511271431,zero_gravity,ball->position,50,330,0.15151515151515152,702,True,431.1657434710614,0.47777777777777775
202511271431,zero_gravity,position->ball,49,330,0.1484848484848485,702,True,431.1657434710614,0.47777777777777775
202511271431,zero_gravity,position->position,153,330,0.4636363636363636,702,True,431.1657434710614,0.47777777777777775
202511271434,gravity,ball->ball,437,614,0.7117263843648208,1277,True,431.1657434710614,0.48653846153846153
202511271434,gravity,ball->position,45,614,0.0732899022801303,1277,True,431.1657434710614,0.48653846153846153
202511271434,gravity,position->ball,45,614,0.0732899022801303,1277,True,431.1657434710614,0.48653846153846153
202511271434,gravity,position->position,87,614,0.14169381107491857,1277,True,431.1657434710614,0.48653846153846153
202511271434,zero_gravity,ball->ball,412,663,0.6214177978883861,1277,True,431.1657434710614,0.4636363636363637
202511271434,zero_gravity,ball->position,71,663,0.10708898944193061,1277,True,431.1657434710614,0.4636363636363637
202511271434,zero_gravity,position->ball,71,663,0.10708898944193061,1277,True,431.1657434710614,0.4636363636363637
202511271434,zero_gravity,position->position,109,663,0.16440422322775264,1277,True,431.1657434710614,0.4636363636363637
202511271638,gravity,ball->ball,420,567,0.7407407407407407,1129,True,431.1657434710614,0.5
202511271638,gravity,ball->position,48,567,0.08465608465608465,1129,True,431.1657434710614,0.5
202511271638,gravity,position->ball,48,567,0.08465608465608465,1129,True,431.1657434710614,0.5
202511271638,gravity,position->position,51,567,0.08994708994708994,1129,True,431.1657434710614,0.5
202511271638,zero_gravity,ball->ball,517,562,0.9199288256227758,1129,True,431.1657434710614,0.4791666666666667
202511271638,zero_gravity,ball->position,18,562,0.03202846975088968,1129,True,431.1657434710614,0.4791666666666667
202511271638,zero_gravity,position->ball,18,562,0.03202846975088968,1129,True,431.1657434710614,0.4791666666666667
202511271638,zero_gravity,position->position,9,562,0.01601423487544484,1129,True,431.1657434710614,0.4791666666666667
202511281023,gravity,ball->ball,389,548,0.7098540145985401,1153,True,431.1657434710614,0.47058823529411764
202511281023,gravity,ball->position,53,548,0.09671532846715329,1153,True,431.1657434710614,0.47058823529411764
202511281023,gravity,position->ball,54,548,0.09854014598540146,1153,True,431.1657434710614,0.47058823529411764
202511281023,gravity,position->position,52,548,0.0948905109489051,1153,True,431.1657434710614,0.47058823529411764
202511281023,zero_gravity,ball->ball,459,605,0.7586776859504132,1153,True,431.1657434710614,
202511281023,zero_gravity,ball->position,59,605,0.09752066115702479,1153,True,431.1657434710614,
202511281023,zero_gravity,position->ball,59,605,0.09752066115702479,1153,True,431.1657434710614,
202511281023,zero_gravity,position->position,28,605,0.04628099173553719,1153,True,431.1657434710614,
202511281031,gravity,ball->ball,450,514,0.8754863813229572,1127,True,431.1657434710614,0.47916666666666674
202511281031,gravity,ball->position,30,514,0.058365758754863814,1127,True,431.1657434710614,0.47916666666666674
202511281031,gravity,position->ball,30,514,0.058365758754863814,1127,True,431.1657434710614,0.47916666666666674
202511281031,gravity,position->position,4,514,0.007782101167315175,1127,True,431.1657434710614,0.47916666666666674
202511281031,zero_gravity,ball->ball,317,613,0.5171288743882545,1127,True,431.1657434710614,0.5803571428571428
202511281031,zero_gravity,ball->position,82,613,0.13376835236541598,1127,True,431.1657434710614,0.5803571428571428
202511281031,zero_gravity,position->ball,82,613,0.13376835236541598,1127,True,431.1657434710614,0.5803571428571428
202511281031,zero_gravity,position->position,132,613,0.21533442088091354,1127,True,431.1657434710614,0.5803571428571428
202511281419,gravity,ball->ball,373,445,0.8382022471910112,826,True,431.1657434710614,0.45454545454545453
202511281419,gravity,ball->position,32,445,0.07191011235955057,826,True,431.1657434710614,0.45454545454545453
202511281419,gravity,position->ball,32,445,0.07191011235955057,826,True,431.1657434710614,0.45454545454545453
202511281419,gravity,position->position,8,445,0.017977528089887642,826,True,431.1657434710614,0.45454545454545453
202511281419,zero_gravity,ball->ball,230,381,0.6036745406824147,826,True,431.1657434710614,
202511281419,zero_gravity,ball->position,46,381,0.12073490813648294,826,True,431.1657434710614,
202511281419,zero_gravity,position->ball,46,381,0.12073490813648294,826,True,431.1657434710614,
202511281419,zero_gravity,position->position,59,381,0.15485564304461943,826,True,431.1657434710614,
202511281437,gravity,ball->ball,337,455,0.7406593406593407,925,True,431.1657434710614,0.59375
202511281437,gravity,ball->position,46,455,0.1010989010989011,925,True,431.1657434710614,0.59375
202511281437,gravity,position->ball,46,455,0.1010989010989011,925,True,431.1657434710614,0.59375
202511281437,gravity,position->position,26,455,0.05714285714285714,925,True,431.1657434710614,0.59375
202511281437,zero_gravity,ball->ball,302,470,0.6425531914893617,925,True,431.1657434710614,0.6346153846153846
202511281437,zero_gravity,ball->position,51,470,0.10851063829787234,925,True,431.1657434710614,0.6346153846153846
202511281437,zero_gravity,position->ball,51,470,0.10851063829787234,925,True,431.1657434710614,0.6346153846153846
202511281437,zero_gravity,position->position,66,470,0.14042553191489363,925,True,431.1657434710614,0.6346153846153846
202511281438,gravity,ball->ball,201,317,0.6340694006309149,668,True,431.1657434710614,0.4791666666666667
202511281438,gravity,ball->position,47,317,0.14826498422712933,668,True,431.1657434710614,0.4791666666666667
202511281438,gravity,position->ball,47,317,0.14826498422712933,668,True,431.1657434710614,0.4791666666666667
202511281438,gravity,position->position,22,317,0.0694006309148265,668,True,431.1657434710614,0.4791666666666667
202511281438,zero_gravity,ball->ball,191,351,0.5441595441595442,668,True,431.1657434710614,0.5083333333333333
202511281438,zero_gravity,ball->position,65,351,0.18518518518518517,668,True,431.1657434710614,0.5083333333333333
202511281438,zero_gravity,position->ball,65,351,0.18518518518518517,668,True,431.1657434710614,0.5083333333333333
202511281438,zero_gravity,position->position,30,351,0.08547008547008547,668,True,431.1657434710614,0.5083333333333333
202511281630,gravity,ball->ball,378,521,0.72552783109405,1027,True,431.1657434710614,0.46774193548387094
202511281630,gravity,ball->position,50,521,0.09596928982725528,1027,True,431.1657434710614,0.46774193548387094
202511281630,gravity,position->ball,50,521,0.09596928982725528,1027,True,431.1657434710614,0.46774193548387094
202511281630,gravity,position->position,43,521,0.08253358925143954,1027,True,431.1657434710614,0.46774193548387094
202511281630,zero_gravity,ball->ball,378,506,0.7470355731225297,1027,True,431.1657434710614,0.5357142857142857
202511281630,zero_gravity,ball->position,43,506,0.08498023715415019,1027,True,431.1657434710614,0.5357142857142857
202511281630,zero_gravity,position->ball,43,506,0.08498023715415019,1027,True,431.1657434710614,0.5357142857142857
202511281630,zero_gravity,position->position,42,506,0.08300395256916997,1027,True,431.1657434710614,0.5357142857142857
202512011436,gravity,ball->ball,496,590,0.8406779661016949,1139,True,431.1657434710614,0.456656346749226
202512011436,gravity,ball->position,38,590,0.06440677966101695,1139,True,431.1657434710614,0.456656346749226
202512011436,gravity,position->ball,38,590,0.06440677966101695,1139,True,431.1657434710614,0.456656346749226
202512011436,gravity,position->position,18,590,0.030508474576271188,1139,True,431.1657434710614,0.456656346749226
202512011436,zero_gravity,ball->ball,289,549,0.5264116575591985,1139,True,431.1657434710614,0.43803418803418803
202512011436,zero_gravity,ball->position,71,549,0.12932604735883424,1139,True,431.1657434710614,0.43803418803418803
202512011436,zero_gravity,position->ball,71,549,0.12932604735883424,1139,True,431.1657434710614,0.43803418803418803
202512011436,zero_gravity,position->position,118,549,0.21493624772313297,1139,True,431.1657434710614,0.43803418803418803
202512011444,gravity,ball->ball,302,336,0.8988095238095238,748,True,431.1657434710614,0.64
202512011444,gravity,ball->position,15,336,0.044642857142857144,748,True,431.1657434710614,0.64
202512011444,gravity,position->ball,16,336,0.047619047619047616,748,True,431.1657434710614,0.64
202512011444,gravity,position->position,3,336,0.008928571428571428,748,True,431.1657434710614,0.64
202512011444,zero_gravity,ball->ball,279,412,0.6771844660194175,748,True,431.1657434710614,0.6714285714285714
202512011444,zero_gravity,ball->position,41,412,0.09951456310679611,748,True,431.1657434710614,0.6714285714285714
202512011444,zero_gravity,position->ball,40,412,0.0970873786407767,748,True,431.1657434710614,0.6714285714285714
202512011444,zero_gravity,position->position,52,412,0.1262135922330097,748,True,431.1657434710614,0.6714285714285714
202512021035,gravity,ball->ball,299,469,0.6375266524520256,865,True,431.1657434710614,0.9479166666666667
202512021035,gravity,ball->position,62,469,0.13219616204690832,865,True,431.1657434710614,0.9479166666666667
202512021035,gravity,position->ball,61,469,0.1300639658848614,865,True,431.1657434710614,0.9479166666666667
202512021035,gravity,position->position,47,469,0.10021321961620469,865,True,431.1657434710614,0.9479166666666667
202512021035,zero_gravity,ball->ball,158,396,0.398989898989899,865,True,431.1657434710614,0.7388888888888889
202512021035,zero_gravity,ball->position,68,396,0.1717171717171717,865,True,431.1657434710614,0.7388888888888889
202512021035,zero_gravity,position->ball,68,396,0.1717171717171717,865,True,431.1657434710614,0.7388888888888889
202512021035,zero_gravity,position->position,102,396,0.25757575757575757,865,True,431.1657434710614,0.7388888888888889
202512021459,gravity,ball->ball,441,578,0.7629757785467128,1158,True,431.1657434710614,0.30787037037037035
202512021459,gravity,ball->position,40,578,0.06920415224913495,1158,True,431.1657434710614,0.30787037037037035
202512021459,gravity,position->ball,41,578,0.07093425605536333,1158,True,431.1657434710614,0.30787037037037035
202512021459,gravity,position->position,56,578,0.09688581314878893,1158,True,431.1657434710614,0.30787037037037035
202512021459,zero_gravity,ball->ball,493,580,0.85,1158,True,431.1657434710614,0.5401785714285714
202512021459,zero_gravity,ball->position,35,580,0.0603448275862069,1158,True,431.1657434710614,0.5401785714285714
202512021459,zero_gravity,position->ball,35,580,0.0603448275862069,1158,True,431.1657434710614,0.5401785714285714
202512021459,zero_gravity,position->position,17,580,0.029310344827586206,1158,True,431.1657434710614,0.5401785714285714
202512021644,gravity,ball->ball,238,375,0.6346666666666667,592,True,431.1657434710614,0.5
202512021644,gravity,ball->position,54,375,0.144,592,True,431.1657434710614,0.5
202512021644,gravity,position->ball,53,375,0.14133333333333334,592,True,431.1657434710614,0.5
202512021644,gravity,position->position,30,375,0.08,592,True,431.1657434710614,0.5
202512021644,zero_gravity,ball->ball,86,217,0.39631336405529954,592,True,431.1657434710614,0.49380804953560364
202512021644,zero_gravity,ball->position,49,217,0.22580645161290322,592,True,431.1657434710614,0.49380804953560364
202512021644,zero_gravity,position->ball,49,217,0.22580645161290322,592,True,431.1657434710614,0.49380804953560364
202512021644,zero_gravity,position->position,33,217,0.15207373271889402,592,True,431.1657434710614,0.49380804953560364
202512031019,gravity,ball->ball,179,263,0.6806083650190115,443,True,431.1657434710614,0.46875
202512031019,gravity,ball->position,36,263,0.13688212927756654,443,True,431.1657434710614,0.46875
202512031019,gravity,position->ball,36,263,0.13688212927756654,443,True,431.1657434710614,0.46875
202512031019,gravity,position->position,12,263,0.045627376425855515,443,True,431.1657434710614,0.46875
202512031019,zero_gravity,ball->ball,104,180,0.5777777777777777,443,True,431.1657434710614,0.4772727272727273
202512031019,zero_gravity,ball->position,33,180,0.18333333333333332,443,True,431.1657434710614,0.4772727272727273
202512031019,zero_gravity,position->ball,32,180,0.17777777777777778,443,True,431.1657434710614,0.4772727272727273
202512031019,zero_gravity,position->position,11,180,0.06111111111111111,443,True,431.1657434710614,0.4772727272727273
202512031140,gravity,ball->ball,262,334,0.7844311377245509,696,True,431.1657434710614,0.55625
202512031140,gravity,ball->position,33,334,0.09880239520958084,696,True,431.1657434710614,0.55625
202512031140,gravity,position->ball,31,334,0.09281437125748503,696,True,431.1657434710614,0.55625
202512031140,gravity,position->position,8,334,0.023952095808383235,696,True,431.1657434710614,0.55625
202512031140,zero_gravity,ball->ball,178,362,0.49171270718232046,696,True,431.1657434710614,0.519047619047619
202512031140,zero_gravity,ball->position,55,362,0.15193370165745856,696,True,431.1657434710614,0.519047619047619
202512031140,zero_gravity,position->ball,55,362,0.15193370165745856,696,True,431.1657434710614,0.519047619047619
202512031140,zero_gravity,position->position,74,362,0.20441988950276244,696,True,431.1657434710614,0.519047619047619
202512031412,gravity,ball->ball,186,296,0.6283783783783784,679,True,431.1657434710614,0.4107142857142857
202512031412,gravity,ball->position,39,296,0.13175675675675674,679,True,431.1657434710614,0.4107142857142857
202512031412,gravity,position->ball,39,296,0.13175675675675674,679,True,431.1657434710614,0.4107142857142857
202512031412,gravity,position->position,32,296,0.10810810810810811,679,True,431.1657434710614,0.4107142857142857
202512031412,zero_gravity,ball->ball,296,383,0.7728459530026109,679,True,431.1657434710614,0.7254464285714286
202512031412,zero_gravity,ball->position,34,383,0.08877284595300261,679,True,431.1657434710614,0.7254464285714286
202512031412,zero_gravity,position->ball,34,383,0.08877284595300261,679,True,431.1657434710614,0.7254464285714286
202512031412,zero_gravity,position->position,19,383,0.04960835509138381,679,True,431.1657434710614,0.7254464285714286
202512031441,gravity,ball->ball,414,523,0.7915869980879541,1005,True,431.1657434710614,0.4375
202512031441,gravity,ball->position,44,523,0.0841300191204589,1005,True,431.1657434710614,0.4375
202512031441,gravity,position->ball,44,523,0.0841300191204589,1005,True,431.1657434710614,0.4375
202512031441,gravity,position->position,21,523,0.040152963671128104,1005,True,431.1657434710614,0.4375
202512031441,zero_gravity,ball->ball,265,482,0.549792531120332,1005,True,431.1657434710614,
202512031441,zero_gravity,ball->position,74,482,0.15352697095435686,1005,True,431.1657434710614,
202512031441,zero_gravity,position->ball,74,482,0.15352697095435686,1005,True,431.1657434710614,
202512031441,zero_gravity,position->position,69,482,0.14315352697095435,1005,True,431.1657434710614,
202512031606,gravity,ball->ball,267,353,0.7563739376770539,651,True,431.1657434710614,0.6896551724137931
202512031606,gravity,ball->position,36,353,0.10198300283286119,651,True,431.1657434710614,0.6896551724137931
202512031606,gravity,position->ball,36,353,0.10198300283286119,651,True,431.1657434710614,0.6896551724137931
202512031606,gravity,position->position,14,353,0.039660056657223795,651,True,431.1657434710614,0.6896551724137931
202512031606,zero_gravity,ball->ball,170,298,0.5704697986577181,651,True,431.1657434710614,0.6009615384615384
202512031606,zero_gravity,ball->position,46,298,0.15436241610738255,651,True,431.1657434710614,0.6009615384615384
202512031606,zero_gravity,position->ball,46,298,0.15436241610738255,651,True,431.1657434710614,0.6009615384615384
202512031606,zero_gravity,position->position,36,298,0.12080536912751678,651,True,431.1657434710614,0.6009615384615384
202512041624,gravity,ball->ball,184,259,0.7104247104247104,556,True,431.1657434710614,0.5454545454545454
202512041624,gravity,ball->position,31,259,0.11969111969111969,556,True,431.1657434710614,0.5454545454545454
202512041624,gravity,position->ball,31,259,0.11969111969111969,556,True,431.1657434710614,0.5454545454545454
202512041624,gravity,position->position,13,259,0.05019305019305019,556,True,431.1657434710614,0.5454545454545454
202512041624,zero_gravity,ball->ball,135,297,0.45454545454545453,556,True,431.1657434710614,0.5909090909090908
202512041624,zero_gravity,ball->position,51,297,0.1717171717171717,556,True,431.1657434710614,0.5909090909090908
202512041624,zero_gravity,position->ball,51,297,0.1717171717171717,556,True,431.1657434710614,0.5909090909090908
202512041624,zero_gravity,position->position,60,297,0.20202020202020202,556,True,431.1657434710614,0.5909090909090908
202512041627,gravity,ball->ball,351,541,0.6487985212569316,993,True,431.1657434710614,0.47619047619047616
202512041627,gravity,ball->position,59,541,0.10905730129390019,993,True,431.1657434710614,0.47619047619047616
202512041627,gravity,position->ball,59,541,0.10905730129390019,993,True,431.1657434710614,0.47619047619047616
202512041627,gravity,position->position,72,541,0.133086876155268,993,True,431.1657434710614,0.47619047619047616
202512041627,zero_gravity,ball->ball,159,452,0.35176991150442477,993,True,431.1657434710614,0.4375
202512041627,zero_gravity,ball->position,62,452,0.13716814159292035,993,True,431.1657434710614,0.4375
202512041627,zero_gravity,position->ball,62,452,0.13716814159292035,993,True,431.1657434710614,0.4375
202512041627,zero_gravity,position->position,169,452,0.37389380530973454,993,True,431.1657434710614,0.4375
202512051006,gravity,ball->ball,287,409,0.7017114914425427,824,True,431.1657434710614,0.44212962962962965
202512051006,gravity,ball->position,42,409,0.10268948655256724,824,True,431.1657434710614,0.44212962962962965
202512051006,gravity,position->ball,42,409,0.10268948655256724,824,True,431.1657434710614,0.44212962962962965
202512051006,gravity,position->position,38,409,0.09290953545232274,824,True,431.1657434710614,0.44212962962962965
202512051006,zero_gravity,ball->ball,197,415,0.4746987951807229,824,True,431.1657434710614,0.4528985507246377
202512051006,zero_gravity,ball->position,63,415,0.15180722891566265,824,True,431.1657434710614,0.4528985507246377
202512051006,zero_gravity,position->ball,63,415,0.15180722891566265,824,True,431.1657434710614,0.4528985507246377
202512051006,zero_gravity,position->position,92,415,0.2216867469879518,824,True,431.1657434710614,0.4528985507246377
202512051012,gravity,ball->ball,177,233,0.759656652360515,435,True,431.1657434710614,0.5555555555555557
202512051012,gravity,ball->position,26,233,0.11158798283261803,435,True,431.1657434710614,0.5555555555555557
202512051012,gravity,position->ball,26,233,0.11158798283261803,435,True,431.1657434710614,0.5555555555555557
202512051012,gravity,position->position,4,233,0.017167381974248927,435,True,431.1657434710614,0.5555555555555557
202512051012,zero_gravity,ball->ball,141,202,0.698019801980198,435,True,431.1657434710614,0.4053497942386831
202512051012,zero_gravity,ball->position,28,202,0.13861386138613863,435,True,431.1657434710614,0.4053497942386831
202512051012,zero_gravity,position->ball,28,202,0.13861386138613863,435,True,431.1657434710614,0.4053497942386831
202512051012,zero_gravity,position->position,5,202,0.024752475247524754,435,True,431.1657434710614,0.4053497942386831
202512051458,gravity,ball->ball,337,453,0.7439293598233996,864,True,431.1657434710614,
202512051458,gravity,ball->position,46,453,0.10154525386313466,864,True,431.1657434710614,
202512051458,gravity,position->ball,46,453,0.10154525386313466,864,True,431.1657434710614,
202512051458,gravity,position->position,24,453,0.052980132450331126,864,True,431.1657434710614,
202512051458,zero_gravity,ball->ball,379,411,0.9221411192214112,864,True,431.1657434710614,0.5789473684210527
202512051458,zero_gravity,ball->position,16,411,0.038929440389294405,864,True,431.1657434710614,0.5789473684210527
202512051458,zero_gravity,position->ball,16,411,0.038929440389294405,864,True,431.1657434710614,0.5789473684210527
202512051458,zero_gravity,position->position,0,411,0.0,864,True,431.1657434710614,0.5789473684210527
202512051625,gravity,ball->ball,269,334,0.8053892215568862,667,True,431.1657434710614,0.518939393939394
202512051625,gravity,ball->position,31,334,0.09281437125748503,667,True,431.1657434710614,0.518939393939394
202512051625,gravity,position->ball,31,334,0.09281437125748503,667,True,431.1657434710614,0.518939393939394
202512051625,gravity,position->position,3,334,0.008982035928143712,667,True,431.1657434710614,0.518939393939394
202512051625,zero_gravity,ball->ball,187,333,0.5615615615615616,667,True,431.1657434710614,0.6649305555555556
202512051625,zero_gravity,ball->position,57,333,0.17117117117117117,667,True,431.1657434710614,0.6649305555555556
202512051625,zero_gravity,position->ball,57,333,0.17117117117117117,667,True,431.1657434710614,0.6649305555555556
202512051625,zero_gravity,position->position,32,333,0.0960960960960961,667,True,431.1657434710614,0.6649305555555556
202512081052,gravity,ball->ball,398,462,0.8614718614718615,768,True,431.1657434710614,0.5317460317460317
202512081052,gravity,ball->position,27,462,0.05844155844155844,768,True,431.1657434710614,0.5317460317460317
202512081052,gravity,position->ball,28,462,0.06060606060606061,768,True,431.1657434710614,0.5317460317460317
202512081052,gravity,position->position,9,462,0.01948051948051948,768,True,431.1657434710614,0.5317460317460317
202512081052,zero_gravity,ball->ball,164,306,0.5359477124183006,768,True,431.1657434710614,0.3333333333333333
202512081052,zero_gravity,ball->position,49,306,0.16013071895424835,768,True,431.1657434710614,0.3333333333333333
202512081052,zero_gravity,position->ball,49,306,0.16013071895424835,768,True,431.1657434710614,0.3333333333333333
202512081052,zero_gravity,position->position,44,306,0.1437908496732026,768,True,431.1657434710614,0.3333333333333333
202512081420,gravity,ball->ball,472,569,0.8295254833040422,1091,True,431.1657434710614,0.4772727272727273
202512081420,gravity,ball->position,37,569,0.06502636203866433,1091,True,431.1657434710614,0.4772727272727273
202512081420,gravity,position->ball,37,569,0.06502636203866433,1091,True,431.1657434710614,0.4772727272727273
202512081420,gravity,position->position,23,569,0.040421792618629174,1091,True,431.1657434710614,0.4772727272727273
202512081420,zero_gravity,ball->ball,385,522,0.7375478927203065,1091,True,431.1657434710614,0.4772727272727273
202512081420,zero_gravity,ball->position,51,522,0.09770114942528736,1091,True,431.1657434710614,0.4772727272727273
202512081420,zero_gravity,position->ball,51,522,0.09770114942528736,1091,True,431.1657434710614,0.4772727272727273
202512081420,zero_gravity,position->position,35,522,0.06704980842911877,1091,True,431.1657434710614,0.4772727272727273
202512081422,gravity,ball->ball,232,308,0.7532467532467533,580,True,431.1657434710614,0.7724137931034483
202512081422,gravity,ball->position,31,308,0.10064935064935066,580,True,431.1657434710614,0.7724137931034483
202512081422,gravity,position->ball,31,308,0.10064935064935066,580,True,431.1657434710614,0.7724137931034483
202512081422,gravity,position->position,14,308,0.045454545454545456,580,True,431.1657434710614,0.7724137931034483
202512081422,zero_gravity,ball->ball,131,272,0.48161764705882354,580,True,431.1657434710614,
202512081422,zero_gravity,ball->position,50,272,0.18382352941176472,580,True,431.1657434710614,
202512081422,zero_gravity,position->ball,50,272,0.18382352941176472,580,True,431.1657434710614,
202512081422,zero_gravity,position->position,41,272,0.15073529411764705,580,True,431.1657434710614,
202512081637,gravity,ball->ball,224,355,0.6309859154929578,756,True,431.1657434710614,0.6015873015873016
202512081637,gravity,ball->position,50,355,0.14084507042253522,756,True,431.1657434710614,0.6015873015873016
202512081637,gravity,position->ball,50,355,0.14084507042253522,756,True,431.1657434710614,0.6015873015873016
202512081637,gravity,position->position,31,355,0.08732394366197183,756,True,431.1657434710614,0.6015873015873016
202512081637,zero_gravity,ball->ball,342,401,0.8528678304239401,756,True,431.1657434710614,0.5
202512081637,zero_gravity,ball->position,26,401,0.06483790523690773,756,True,431.1657434710614,0.5
202512081637,zero_gravity,position->ball,26,401,0.06483790523690773,756,True,431.1657434710614,0.5
202512081637,zero_gravity,position->position,7,401,0.017456359102244388,756,True,431.1657434710614,0.5
202512090949,gravity,ball->ball,357,532,0.6710526315789473,1136,True,431.1657434710614,0.6173469387755102
202512090949,gravity,ball->position,60,532,0.11278195488721804,1136,True,431.1657434710614,0.6173469387755102
202512090949,gravity,position->ball,60,532,0.11278195488721804,1136,True,431.1657434710614,0.6173469387755102
202512090949,gravity,position->position,55,532,0.10338345864661654,1136,True,431.1657434710614,0.6173469387755102
202512090949,zero_gravity,ball->ball,330,604,0.5463576158940397,1136,True,431.1657434710614,0.5287356321839081
202512090949,zero_gravity,ball->position,80,604,0.13245033112582782,1136,True,431.1657434710614,0.5287356321839081
202512090949,zero_gravity,position->ball,80,604,0.13245033112582782,1136,True,431.1657434710614,0.5287356321839081
202512090949,zero_gravity,position->position,114,604,0.18874172185430463,1136,True,431.1657434710614,0.5287356321839081
202512091017,gravity,ball->ball,343,483,0.7101449275362319,910,True,431.1657434710614,0.4807692307692308
202512091017,gravity,ball->position,49,483,0.10144927536231885,910,True,431.1657434710614,0.4807692307692308
202512091017,gravity,position->ball,49,483,0.10144927536231885,910,True,431.1657434710614,0.4807692307692308
202512091017,gravity,position->position,42,483,0.08695652173913043,910,True,431.1657434710614,0.4807692307692308
202512091017,zero_gravity,ball->ball,258,427,0.6042154566744731,910,True,431.1657434710614,0.43548387096774194
202512091017,zero_gravity,ball->position,61,427,0.14285714285714285,910,True,431.1657434710614,0.43548387096774194
202512091017,zero_gravity,position->ball,61,427,0.14285714285714285,910,True,431.1657434710614,0.43548387096774194
202512091017,zero_gravity,position->position,47,427,0.11007025761124122,910,True,431.1657434710614,0.43548387096774194
202512091426,gravity,ball->ball,369,522,0.7068965517241379,1075,True,431.1657434710614,0.7922077922077922
202512091426,gravity,ball->position,63,522,0.1206896551724138,1075,True,431.1657434710614,0.7922077922077922
202512091426,gravity,position->ball,63,522,0.1206896551724138,1075,True,431.1657434710614,0.7922077922077922
202512091426,gravity,position->position,27,522,0.05172413793103448,1075,True,431.1657434710614,0.7922077922077922
202512091426,zero_gravity,ball->ball,432,553,0.7811934900542495,1075,True,431.1657434710614,0.4178571428571428
202512091426,zero_gravity,ball->position,49,553,0.08860759493670886,1075,True,431.1657434710614,0.4178571428571428
202512091426,zero_gravity,position->ball,49,553,0.08860759493670886,1075,True,431.1657434710614,0.4178571428571428
202512091426,zero_gravity,position->position,23,553,0.04159132007233273,1075,True,431.1657434710614,0.4178571428571428
202512091427,gravity,ball->ball,214,287,0.7456445993031359,481,True,431.1657434710614,0.6182795698924731
202512091427,gravity,ball->position,32,287,0.11149825783972125,481,True,431.1657434710614,0.6182795698924731
202512091427,gravity,position->ball,32,287,0.11149825783972125,481,True,431.1657434710614,0.6182795698924731
202512091427,gravity,position->position,9,287,0.0313588850174216,481,True,431.1657434710614,0.6182795698924731
202512091427,zero_gravity,ball->ball,118,194,0.6082474226804123,481,True,431.1657434710614,0.5227272727272727
202512091427,zero_gravity,ball->position,34,194,0.17525773195876287,481,True,431.1657434710614,0.5227272727272727
202512091427,zero_gravity,position->ball,34,194,0.17525773195876287,481,True,431.1657434710614,0.5227272727272727
202512091427,zero_gravity,position->position,8,194,0.041237113402061855,481,True,431.1657434710614,0.5227272727272727
202512091621,gravity,ball->ball,430,562,0.7651245551601423,1134,True,431.1657434710614,0.6138888888888889
202512091621,gravity,ball->position,50,562,0.08896797153024912,1134,True,431.1657434710614,0.6138888888888889
202512091621,gravity,position->ball,50,562,0.08896797153024912,1134,True,431.1657434710614,0.6138888888888889
202512091621,gravity,position->position,32,562,0.05693950177935943,1134,True,431.1657434710614,0.6138888888888889
202512091621,zero_gravity,ball->ball,513,572,0.8968531468531469,1134,True,431.1657434710614,0.6204013377926421
202512091621,zero_gravity,ball->position,26,572,0.045454545454545456,1134,True,431.1657434710614,0.6204013377926421
202512091621,zero_gravity,position->ball,26,572,0.045454545454545456,1134,True,431.1657434710614,0.6204013377926421
202512091621,zero_gravity,position->position,7,572,0.012237762237762238,1134,True,431.1657434710614,0.6204013377926421
202512091629,gravity,ball->ball,203,254,0.7992125984251969,625,True,431.1657434710614,0.6666666666666667
202512091629,gravity,ball->position,24,254,0.09448818897637795,625,True,431.1657434710614,0.6666666666666667
202512091629,gravity,position->ball,23,254,0.09055118110236221,625,True,431.1657434710614,0.6666666666666667
202512091629,gravity,position->position,4,254,0.015748031496062992,625,True,431.1657434710614,0.6666666666666667
202512091629,zero_gravity,ball->ball,303,371,0.816711590296496,625,True,431.1657434710614,0.648888888888889
202512091629,zero_gravity,ball->position,31,371,0.08355795148247978,625,True,431.1657434710614,0.648888888888889
202512091629,zero_gravity,position->ball,31,371,0.08355795148247978,625,True,431.1657434710614,0.648888888888889
202512091629,zero_gravity,position->position,6,371,0.016172506738544475,625,True,431.1657434710614,0.648888888888889
202512100952,gravity,ball->ball,302,391,0.7723785166240409,831,True,431.1657434710614,
202512100952,gravity,ball->position,34,391,0.08695652173913043,831,True,431.1657434710614,
202512100952,gravity,position->ball,34,391,0.08695652173913043,831,True,431.1657434710614,
202512100952,gravity,position->position,21,391,0.05370843989769821,831,True,431.1657434710614,
202512100952,zero_gravity,ball->ball,319,440,0.725,831,True,431.1657434710614,0.48148148148148145
202512100952,zero_gravity,ball->position,42,440,0.09545454545454546,831,True,431.1657434710614,0.48148148148148145
202512100952,zero_gravity,position->ball,42,440,0.09545454545454546,831,True,431.1657434710614,0.48148148148148145
202512100952,zero_gravity,position->position,37,440,0.08409090909090909,831,True,431.1657434710614,0.48148148148148145
202512101006,gravity,ball->ball,342,488,0.7008196721311475,1018,True,431.1657434710614,
202512101006,gravity,ball->position,54,488,0.11065573770491803,1018,True,431.1657434710614,
202512101006,gravity,position->ball,54,488,0.11065573770491803,1018,True,431.1657434710614,
202512101006,gravity,position->position,38,488,0.0778688524590164,1018,True,431.1657434710614,
202512101006,zero_gravity,ball->ball,323,530,0.6094339622641509,1018,True,431.1657434710614,0.4523809523809524
202512101006,zero_gravity,ball->position,68,530,0.12830188679245283,1018,True,431.1657434710614,0.4523809523809524
202512101006,zero_gravity,position->ball,68,530,0.12830188679245283,1018,True,431.1657434710614,0.4523809523809524
202512101006,zero_gravity,position->position,71,530,0.1339622641509434,1018,True,431.1657434710614,0.4523809523809524
202512101010,gravity,ball->ball,219,266,0.8233082706766918,688,True,431.1657434710614,0.45483870967741935
202512101010,gravity,ball->position,22,266,0.08270676691729323,688,True,431.1657434710614,0.45483870967741935
202512101010,gravity,position->ball,21,266,0.07894736842105263,688,True,431.1657434710614,0.45483870967741935
202512101010,gravity,position->position,4,266,0.015037593984962405,688,True,431.1657434710614,0.45483870967741935
202512101010,zero_gravity,ball->ball,351,422,0.8317535545023697,688,True,431.1657434710614,0.4
202512101010,zero_gravity,ball->position,33,422,0.07819905213270142,688,True,431.1657434710614,0.4
202512101010,zero_gravity,position->ball,33,422,0.07819905213270142,688,True,431.1657434710614,0.4
202512101010,zero_gravity,position->position,5,422,0.011848341232227487,688,True,431.1657434710614,0.4
202512101424,gravity,ball->ball,365,539,0.6771799628942486,1068,True,431.1657434710614,0.425
202512101424,gravity,ball->position,48,539,0.08905380333951762,1068,True,431.1657434710614,0.425
202512101424,gravity,position->ball,48,539,0.08905380333951762,1068,True,431.1657434710614,0.425
202512101424,gravity,position->position,78,539,0.14471243042671614,1068,True,431.1657434710614,0.425
202512101424,zero_gravity,ball->ball,271,529,0.5122873345935728,1068,True,431.1657434710614,0.4583333333333333
202512101424,zero_gravity,ball->position,72,529,0.13610586011342155,1068,True,431.1657434710614,0.4583333333333333
202512101424,zero_gravity,position->ball,72,529,0.13610586011342155,1068,True,431.1657434710614,0.4583333333333333
202512101424,zero_gravity,position->position,114,529,0.21550094517958412,1068,True,431.1657434710614,0.4583333333333333
202512101439,gravity,ball->ball,373,513,0.7270955165692008,1045,True,431.1657434710614,0.42578125
202512101439,gravity,ball->position,45,513,0.08771929824561403,1045,True,431.1657434710614,0.42578125
202512101439,gravity,position->ball,44,513,0.08576998050682261,1045,True,431.1657434710614,0.42578125
202512101439,gravity,position->position,51,513,0.09941520467836257,1045,True,431.1657434710614,0.42578125
202512101439,zero_gravity,ball->ball,275,532,0.5169172932330827,1045,True,431.1657434710614,0.3979591836734694
202512101439,zero_gravity,ball->position,67,532,0.12593984962406016,1045,True,431.1657434710614,0.3979591836734694
202512101439,zero_gravity,position->ball,67,532,0.12593984962406016,1045,True,431.1657434710614,0.3979591836734694
202512101439,zero_gravity,position->position,123,532,0.231203007518797,1045,True,431.1657434710614,0.3979591836734694
202512101615,gravity,ball->ball,373,489,0.7627811860940695,984,True,431.1657434710614,0.8333333333333333
202512101615,gravity,ball->position,42,489,0.08588957055214724,984,True,431.1657434710614,0.8333333333333333
202512101615,gravity,position->ball,42,489,0.08588957055214724,984,True,431.1657434710614,0.8333333333333333
202512101615,gravity,position->position,32,489,0.065439672801636,984,True,431.1657434710614,0.8333333333333333
202512101615,zero_gravity,ball->ball,313,495,0.6323232323232323,984,True,431.1657434710614,0.5333333333333333
202512101615,zero_gravity,ball->position,49,495,0.09898989898989899,984,True,431.1657434710614,0.5333333333333333
202512101615,zero_gravity,position->ball,49,495,0.09898989898989899,984,True,431.1657434710614,0.5333333333333333
202512101615,zero_gravity,position->position,84,495,0.1696969696969697,984,True,431.1657434710614,0.5333333333333333
202512101635,gravity,ball->ball,208,268,0.7761194029850746,633,True,431.1657434710614,0.81640625
202512101635,gravity,ball->position,27,268,0.10074626865671642,633,True,431.1657434710614,0.81640625
202512101635,gravity,position->ball,27,268,0.10074626865671642,633,True,431.1657434710614,0.81640625
202512101635,gravity,position->position,6,268,0.022388059701492536,633,True,431.1657434710614,0.81640625
202512101635,zero_gravity,ball->ball,329,365,0.9013698630136986,633,True,431.1657434710614,0.7134615384615385
202512101635,zero_gravity,ball->position,17,365,0.04657534246575343,633,True,431.1657434710614,0.7134615384615385
202512101635,zero_gravity,position->ball,17,365,0.04657534246575343,633,True,431.1657434710614,0.7134615384615385
202512101635,zero_gravity,position->position,2,365,0.005479452054794521,633,True,431.1657434710614,0.7134615384615385
202512111013,gravity,ball->ball,230,364,0.6318681318681318,728,True,431.1657434710614,0.33333333333333337
202512111013,gravity,ball->position,44,364,0.12087912087912088,728,True,431.1657434710614,0.33333333333333337
202512111013,gravity,position->ball,44,364,0.12087912087912088,728,True,431.1657434710614,0.33333333333333337
202512111013,gravity,position->position,46,364,0.12637362637362637,728,True,431.1657434710614,0.33333333333333337
202512111013,zero_gravity,ball->ball,206,364,0.5659340659340659,728,True,431.1657434710614,0.5517241379310345
202512111013,zero_gravity,ball->position,46,364,0.12637362637362637,728,True,431.1657434710614,0.5517241379310345
202512111013,zero_gravity,position->ball,46,364,0.12637362637362637,728,True,431.1657434710614,0.5517241379310345
202512111013,zero_gravity,position->position,66,364,0.1813186813186813,728,True,431.1657434710614,0.5517241379310345
202512111440,gravity,ball->ball,474,547,0.8665447897623401,998,True,431.1657434710614,0.5905797101449276
202512111440,gravity,ball->position,30,547,0.054844606946983544,998,True,431.1657434710614,0.5905797101449276
202512111440,gravity,position->ball,30,547,0.054844606946983544,998,True,431.1657434710614,0.5905797101449276
202512111440,gravity,position->position,13,547,0.02376599634369287,998,True,431.1657434710614,0.5905797101449276
202512111440,zero_gravity,ball->ball,200,451,0.4434589800443459,998,True,431.1657434710614,0.5227272727272727
202512111440,zero_gravity,ball->position,71,451,0.1574279379157428,998,True,431.1657434710614,0.5227272727272727
202512111440,zero_gravity,position->ball,71,451,0.1574279379157428,998,True,431.1657434710614,0.5227272727272727
202512111440,zero_gravity,position->position,109,451,0.24168514412416853,998,True,431.1657434710614,0.5227272727272727
202512111443,gravity,ball->ball,246,368,0.6684782608695652,550,True,431.1657434710614,0.7447916666666667
202512111443,gravity,ball->position,48,368,0.13043478260869565,550,True,431.1657434710614,0.7447916666666667
202512111443,gravity,position->ball,48,368,0.13043478260869565,550,True,431.1657434710614,0.7447916666666667
202512111443,gravity,position->position,26,368,0.07065217391304347,550,True,431.1657434710614,0.7447916666666667
202512111443,zero_gravity,ball->ball,100,182,0.5494505494505495,550,True,431.1657434710614,0.664
202512111443,zero_gravity,ball->position,33,182,0.1813186813186813,550,True,431.1657434710614,0.664
202512111443,zero_gravity,position->ball,33,182,0.1813186813186813,550,True,431.1657434710614,0.664
202512111443,zero_gravity,position->position,16,182,0.08791208791208792,550,True,431.1657434710614,0.664
202512111615,gravity,ball->ball,314,451,0.6962305986696231,1015,True,431.1657434710614,0.5416666666666667
202512111615,gravity,ball->position,40,451,0.08869179600886919,1015,True,431.1657434710614,0.5416666666666667
202512111615,gravity,position->ball,40,451,0.08869179600886919,1015,True,431.1657434710614,0.5416666666666667
202512111615,gravity,position->position,57,451,0.12638580931263857,1015,True,431.1657434710614,0.5416666666666667
202512111615,zero_gravity,ball->ball,263,564,0.46631205673758863,1015,True,431.1657434710614,0.33928571428571425
202512111615,zero_gravity,ball->position,95,564,0.16843971631205673,1015,True,431.1657434710614,0.33928571428571425
202512111615,zero_gravity,position->ball,95,564,0.16843971631205673,1015,True,431.1657434710614,0.33928571428571425
202512111615,zero_gravity,position->position,111,564,0.19680851063829788,1015,True,431.1657434710614,0.33928571428571425
202512111620,gravity,ball->ball,269,413,0.6513317191283293,883,True,431.1657434710614,0.49535603715170284
202512111620,gravity,ball->position,42,413,0.1016949152542373,883,True,431.1657434710614,0.49535603715170284
202512111620,gravity,position->ball,42,413,0.1016949152542373,883,True,431.1657434710614,0.49535603715170284
202512111620,gravity,position->position,60,413,0.14527845036319612,883,True,431.1657434710614,0.49535603715170284
202512111620,zero_gravity,ball->ball,402,470,0.8553191489361702,883,True,431.1657434710614,0.57
202512111620,zero_gravity,ball->position,27,470,0.0574468085106383,883,True,431.1657434710614,0.57
202512111620,zero_gravity,position->ball,27,470,0.0574468085106383,883,True,431.1657434710614,0.57
202512111620,zero_gravity,position->position,14,470,0.029787234042553193,883,True,431.1657434710614,0.57
202512121004,gravity,ball->ball,476,630,0.7555555555555555,1246,True,431.1657434710614,0.6666666666666667
202512121004,gravity,ball->position,57,630,0.09047619047619047,1246,True,431.1657434710614,0.6666666666666667
202512121004,gravity,position->ball,57,630,0.09047619047619047,1246,True,431.1657434710614,0.6666666666666667
202512121004,gravity,position->position,40,630,0.06349206349206349,1246,True,431.1657434710614,0.6666666666666667
202512121004,zero_gravity,ball->ball,330,616,0.5357142857142857,1246,True,431.1657434710614,0.5183946488294314
202512121004,zero_gravity,ball->position,81,616,0.1314935064935065,1246,True,431.1657434710614,0.5183946488294314
202512121004,zero_gravity,position->ball,81,616,0.1314935064935065,1246,True,431.1657434710614,0.5183946488294314
202512121004,zero_gravity,position->position,124,616,0.2012987012987013,1246,True,431.1657434710614,0.5183946488294314
202512121440,gravity,ball->ball,467,553,0.8444846292947559,1111,True,431.1657434710614,0.5
202512121440,gravity,ball->position,38,553,0.06871609403254973,1111,True,431.1657434710614,0.5
202512121440,gravity,position->ball,38,553,0.06871609403254973,1111,True,431.1657434710614,0.5
202512121440,gravity,position->position,10,553,0.018083182640144666,1111,True,431.1657434710614,0.5
202512121440,zero_gravity,ball->ball,278,558,0.4982078853046595,1111,True,431.1657434710614,0.5
202512121440,zero_gravity,ball->position,65,558,0.11648745519713262,1111,True,431.1657434710614,0.5
202512121440,zero_gravity,position->ball,65,558,0.11648745519713262,1111,True,431.1657434710614,0.5
202512121440,zero_gravity,position->position,150,558,0.26881720430107525,1111,True,431.1657434710614,0.5
202512151424,gravity,ball->ball,314,460,0.6826086956521739,1019,True,431.1657434710614,0.4827586206896552
202512151424,gravity,ball->position,49,460,0.10652173913043478,1019,True,431.1657434710614,0.4827586206896552
202512151424,gravity,position->ball,48,460,0.10434782608695652,1019,True,431.1657434710614,0.4827586206896552
202512151424,gravity,position->position,49,460,0.10652173913043478,1019,True,431.1657434710614,0.4827586206896552
202512151424,zero_gravity,ball->ball,360,559,0.6440071556350626,1019,True,431.1657434710614,0.5181818181818182
202512151424,zero_gravity,ball->position,65,559,0.11627906976744186,1019,True,431.1657434710614,0.5181818181818182
202512151424,zero_gravity,position->ball,65,559,0.11627906976744186,1019,True,431.1657434710614,0.5181818181818182
202512151424,zero_gravity,position->position,69,559,0.12343470483005367,1019,True,431.1657434710614,0.5181818181818182
202512151429,gravity,ball->ball,464,503,0.9224652087475149,1011,True,431.1657434710614,0.6666666666666667
202512151429,gravity,ball->position,16,503,0.03180914512922465,1011,True,431.1657434710614,0.6666666666666667
202512151429,gravity,position->ball,17,503,0.033797216699801194,1011,True,431.1657434710614,0.6666666666666667
202512151429,gravity,position->position,6,503,0.011928429423459244,1011,True,431.1657434710614,0.6666666666666667
202512151429,zero_gravity,ball->ball,197,508,0.38779527559055116,1011,True,431.1657434710614,0.5270833333333333
202512151429,zero_gravity,ball->position,71,508,0.13976377952755906,1011,True,431.1657434710614,0.5270833333333333
202512151429,zero_gravity,position->ball,71,508,0.13976377952755906,1011,True,431.1657434710614,0.5270833333333333
202512151429,zero_gravity,position->position,169,508,0.33267716535433073,1011,True,431.1657434710614,0.5270833333333333
202512151627,gravity,ball->ball,321,487,0.6591375770020534,918,True,431.1657434710614,0.7204301075268817
202512151627,gravity,ball->position,51,487,0.10472279260780287,918,True,431.1657434710614,0.7204301075268817
202512151627,gravity,position->ball,51,487,0.10472279260780287,918,True,431.1657434710614,0.7204301075268817
202512151627,gravity,position->position,64,487,0.13141683778234087,918,True,431.1657434710614,0.7204301075268817
202512151627,zero_gravity,ball->ball,226,431,0.5243619489559165,918,True,431.1657434710614,0.7250000000000001
202512151627,zero_gravity,ball->position,65,431,0.15081206496519722,918,True,431.1657434710614,0.7250000000000001
202512151627,zero_gravity,position->ball,65,431,0.15081206496519722,918,True,431.1657434710614,0.7250000000000001
202512151627,zero_gravity,position->position,75,431,0.1740139211136891,918,True,431.1657434710614,0.7250000000000001
202512160951,gravity,ball->ball,501,575,0.871304347826087,1061,True,431.1657434710614,0.5479876160990712
202512160951,gravity,ball->position,29,575,0.050434782608695654,1061,True,431.1657434710614,0.5479876160990712
202512160951,gravity,position->ball,29,575,0.050434782608695654,1061,True,431.1657434710614,0.5479876160990712
202512160951,gravity,position->position,16,575,0.02782608695652174,1061,True,431.1657434710614,0.5479876160990712
202512160951,zero_gravity,ball->ball,228,486,0.4691358024691358,1061,True,431.1657434710614,0.6319444444444444
202512160951,zero_gravity,ball->position,65,486,0.1337448559670782,1061,True,431.1657434710614,0.6319444444444444
202512160951,zero_gravity,position->ball,66,486,0.13580246913580246,1061,True,431.1657434710614,0.6319444444444444
202512160951,zero_gravity,position->position,127,486,0.2613168724279835,1061,True,431.1657434710614,0.6319444444444444
202512161427,gravity,ball->ball,333,502,0.6633466135458167,990,True,431.1657434710614,0.8666666666666667
202512161427,gravity,ball->position,47,502,0.09362549800796813,990,True,431.1657434710614,0.8666666666666667
202512161427,gravity,position->ball,46,502,0.09163346613545817,990,True,431.1657434710614,0.8666666666666667
202512161427,gravity,position->position,76,502,0.15139442231075698,990,True,431.1657434710614,0.8666666666666667
202512161427,zero_gravity,ball->ball,255,488,0.5225409836065574,990,True,431.1657434710614,0.8194444444444444
202512161427,zero_gravity,ball->position,64,488,0.13114754098360656,990,True,431.1657434710614,0.8194444444444444
202512161427,zero_gravity,position->ball,64,488,0.13114754098360656,990,True,431.1657434710614,0.8194444444444444
202512161427,zero_gravity,position->position,105,488,0.2151639344262295,990,True,431.1657434710614,0.8194444444444444
202512161429,gravity,ball->ball,305,488,0.625,983,True,431.1657434710614,0.534965034965035
202512161429,gravity,ball->position,68,488,0.13934426229508196,983,True,431.1657434710614,0.534965034965035
202512161429,gravity,position->ball,68,488,0.13934426229508196,983,True,431.1657434710614,0.534965034965035
202512161429,gravity,position->position,47,488,0.09631147540983606,983,True,431.1657434710614,0.534965034965035
202512161429,zero_gravity,ball->ball,278,495,0.5616161616161616,983,True,431.1657434710614,0.6109374999999999
202512161429,zero_gravity,ball->position,88,495,0.17777777777777778,983,True,431.1657434710614,0.6109374999999999
202512161429,zero_gravity,position->ball,88,495,0.17777777777777778,983,True,431.1657434710614,0.6109374999999999
202512161429,zero_gravity,position->position,41,495,0.08282828282828283,983,True,431.1657434710614,0.6109374999999999
202512161620,gravity,ball->ball,208,323,0.6439628482972136,579,True,431.1657434710614,0.4421768707482993
202512161620,gravity,ball->position,42,323,0.13003095975232198,579,True,431.1657434710614,0.4421768707482993
202512161620,gravity,position->ball,42,323,0.13003095975232198,579,True,431.1657434710614,0.4421768707482993
202512161620,gravity,position->position,31,323,0.09597523219814241,579,True,431.1657434710614,0.4421768707482993
202512161620,zero_gravity,ball->ball,217,256,0.84765625,579,True,431.1657434710614,0.5399305555555556
202512161620,zero_gravity,ball->position,18,256,0.0703125,579,True,431.1657434710614,0.5399305555555556
202512161620,zero_gravity,position->ball,18,256,0.0703125,579,True,431.1657434710614,0.5399305555555556
202512161620,zero_gravity,position->position,3,256,0.01171875,579,True,431.1657434710614,0.5399305555555556
202512171000,gravity,ball->ball,173,263,0.6577946768060836,542,True,431.1657434710614,0.55
202512171000,gravity,ball->position,38,263,0.1444866920152091,542,True,431.1657434710614,0.55
202512171000,gravity,position->ball,37,263,0.14068441064638784,542,True,431.1657434710614,0.55
202512171000,gravity,position->position,15,263,0.057034220532319393,542,True,431.1657434710614,0.55
202512171000,zero_gravity,ball->ball,196,279,0.7025089605734767,542,True,431.1657434710614,0.3765432098765432
202512171000,zero_gravity,ball->position,36,279,0.12903225806451613,542,True,431.1657434710614,0.3765432098765432
202512171000,zero_gravity,position->ball,37,279,0.13261648745519714,542,True,431.1657434710614,0.3765432098765432
202512171000,zero_gravity,position->position,10,279,0.035842293906810034,542,True,431.1657434710614,0.3765432098765432
202512171004,gravity,ball->ball,429,514,0.8346303501945526,1087,True,431.1657434710614,0.9666666666666668
202512171004,gravity,ball->position,38,514,0.07392996108949416,1087,True,431.1657434710614,0.9666666666666668
202512171004,gravity,position->ball,38,514,0.07392996108949416,1087,True,431.1657434710614,0.9666666666666668
202512171004,gravity,position->position,9,514,0.017509727626459144,1087,True,431.1657434710614,0.9666666666666668
202512171004,zero_gravity,ball->ball,323,573,0.5636998254799301,1087,True,431.1657434710614,0.5555555555555556
202512171004,zero_gravity,ball->position,81,573,0.14136125654450263,1087,True,431.1657434710614,0.5555555555555556
202512171004,zero_gravity,position->ball,81,573,0.14136125654450263,1087,True,431.1657434710614,0.5555555555555556
202512171004,zero_gravity,position->position,88,573,0.15357766143106458,1087,True,431.1657434710614,0.5555555555555556
202512171013,gravity,ball->ball,325,463,0.7019438444924406,878,True,431.1657434710614,0.717741935483871
202512171013,gravity,ball->position,49,463,0.10583153347732181,878,True,431.1657434710614,0.717741935483871
202512171013,gravity,position->ball,50,463,0.1079913606911447,878,True,431.1657434710614,0.717741935483871
202512171013,gravity,position->position,39,463,0.08423326133909287,878,True,431.1657434710614,0.717741935483871
202512171013,zero_gravity,ball->ball,259,415,0.6240963855421687,878,True,431.1657434710614,0.5870967741935484
202512171013,zero_gravity,ball->position,47,415,0.11325301204819277,878,True,431.1657434710614,0.5870967741935484
202512171013,zero_gravity,position->ball,47,415,0.11325301204819277,878,True,431.1657434710614,0.5870967741935484
202512171013,zero_gravity,position->position,62,415,0.1493975903614458,878,True,431.1657434710614,0.5870967741935484
202512171417,gravity,ball->ball,192,236,0.8135593220338984,536,True,431.1657434710614,0.5401785714285714
202512171417,gravity,ball->position,17,236,0.07203389830508475,536,True,431.1657434710614,0.5401785714285714
202512171417,gravity,position->ball,17,236,0.07203389830508475,536,True,431.1657434710614,0.5401785714285714
202512171417,gravity,position->position,10,236,0.0423728813559322,536,True,431.1657434710614,0.5401785714285714
202512171417,zero_gravity,ball->ball,217,300,0.7233333333333334,536,True,431.1657434710614,0.6969696969696969
202512171417,zero_gravity,ball->position,32,300,0.10666666666666667,536,True,431.1657434710614,0.6969696969696969
202512171417,zero_gravity,position->ball,32,300,0.10666666666666667,536,True,431.1657434710614,0.6969696969696969
202512171417,zero_gravity,position->position,19,300,0.06333333333333334,536,True,431.1657434710614,0.6969696969696969
202512171421,gravity,ball->ball,306,408,0.75,808,True,431.1657434710614,0.5434782608695652
202512171421,gravity,ball->position,49,408,0.12009803921568628,808,True,431.1657434710614,0.5434782608695652
202512171421,gravity,position->ball,49,408,0.12009803921568628,808,True,431.1657434710614,0.5434782608695652
202512171421,gravity,position->position,4,408,0.00980392156862745,808,True,431.1657434710614,0.5434782608695652
202512171421,zero_gravity,ball->ball,249,400,0.6225,808,True,431.1657434710614,0.5433436532507739
202512171421,zero_gravity,ball->position,65,400,0.1625,808,True,431.1657434710614,0.5433436532507739
202512171421,zero_gravity,position->ball,65,400,0.1625,808,True,431.1657434710614,0.5433436532507739
202512171421,zero_gravity,position->position,21,400,0.0525,808,True,431.1657434710614,0.5433436532507739
202512180957,gravity,ball->ball,433,489,0.885480572597137,1130,True,431.1657434710614,0.5504807692307692
202512180957,gravity,ball->position,27,489,0.05521472392638037,1130,True,431.1657434710614,0.5504807692307692
202512180957,gravity,position->ball,27,489,0.05521472392638037,1130,True,431.1657434710614,0.5504807692307692
202512180957,gravity,position->position,2,489,0.00408997955010225,1130,True,431.1657434710614,0.5504807692307692
202512180957,zero_gravity,ball->ball,464,641,0.7238689547581904,1130,True,431.1657434710614,0.5535714285714286
202512180957,zero_gravity,ball->position,52,641,0.0811232449297972,1130,True,431.1657434710614,0.5535714285714286
202512180957,zero_gravity,position->ball,52,641,0.0811232449297972,1130,True,431.1657434710614,0.5535714285714286
202512180957,zero_gravity,position->position,73,641,0.11388455538221529,1130,True,431.1657434710614,0.5535714285714286
202512181416,gravity,ball->ball,472,614,0.7687296416938111,1223,True,431.1657434710614,0.6666666666666667
202512181416,gravity,ball->position,43,614,0.07003257328990228,1223,True,431.1657434710614,0.6666666666666667
202512181416,gravity,position->ball,43,614,0.07003257328990228,1223,True,431.1657434710614,0.6666666666666667
202512181416,gravity,position->position,56,614,0.09120521172638436,1223,True,431.1657434710614,0.6666666666666667
202512181416,zero_gravity,ball->ball,426,609,0.6995073891625616,1223,True,431.1657434710614,0.5541871921182266
202512181416,zero_gravity,ball->position,52,609,0.08538587848932677,1223,True,431.1657434710614,0.5541871921182266
202512181416,zero_gravity,position->ball,52,609,0.08538587848932677,1223,True,431.1657434710614,0.5541871921182266
202512181416,zero_gravity,position->position,79,609,0.1297208538587849,1223,True,431.1657434710614,0.5541871921182266
202512181505,gravity,ball->ball,164,277,0.592057761732852,520,True,431.1657434710614,
202512181505,gravity,ball->position,42,277,0.15162454873646208,520,True,431.1657434710614,
202512181505,gravity,position->ball,43,277,0.1552346570397112,520,True,431.1657434710614,
202512181505,gravity,position->position,28,277,0.10108303249097472,520,True,431.1657434710614,
202512181505,zero_gravity,ball->ball,26,243,0.10699588477366255,520,True,431.1657434710614,0.4722222222222222
202512181505,zero_gravity,ball->position,33,243,0.13580246913580246,520,True,431.1657434710614,0.4722222222222222
202512181505,zero_gravity,position->ball,33,243,0.13580246913580246,520,True,431.1657434710614,0.4722222222222222
202512181505,zero_gravity,position->position,151,243,0.6213991769547325,520,True,431.1657434710614,0.4722222222222222
202512191005,gravity,ball->ball,371,437,0.8489702517162472,914,True,431.1657434710614,0.7129032258064516
202512191005,gravity,ball->position,25,437,0.057208237986270026,914,True,431.1657434710614,0.7129032258064516
202512191005,gravity,position->ball,26,437,0.059496567505720827,914,True,431.1657434710614,0.7129032258064516
202512191005,gravity,position->position,15,437,0.034324942791762014,914,True,431.1657434710614,0.7129032258064516
202512191005,zero_gravity,ball->ball,297,477,0.6226415094339622,914,True,431.1657434710614,0.5859375
202512191005,zero_gravity,ball->position,53,477,0.1111111111111111,914,True,431.1657434710614,0.5859375
202512191005,zero_gravity,position->ball,52,477,0.1090146750524109,914,True,431.1657434710614,0.5859375
202512191005,zero_gravity,position->position,75,477,0.15723270440251572,914,True,431.1657434710614,0.5859375
202512191420,gravity,ball->ball,367,543,0.6758747697974218,1064,True,431.1657434710614,0.935483870967742
202512191420,gravity,ball->position,49,543,0.09023941068139964,1064,True,431.1657434710614,0.935483870967742
202512191420,gravity,position->ball,49,543,0.09023941068139964,1064,True,431.1657434710614,0.935483870967742
202512191420,gravity,position->position,78,543,0.143646408839779,1064,True,431.1657434710614,0.935483870967742
202512191420,zero_gravity,ball->ball,471,521,0.9040307101727447,1064,True,431.1657434710614,0.6266666666666667
202512191420,zero_gravity,ball->position,21,521,0.04030710172744722,1064,True,431.1657434710614,0.6266666666666667
202512191420,zero_gravity,position->ball,21,521,0.04030710172744722,1064,True,431.1657434710614,0.6266666666666667
202512191420,zero_gravity,position->position,8,521,0.015355086372360844,1064,True,431.1657434710614,0.6266666666666667
202512191437,gravity,ball->ball,277,388,0.7139175257731959,715,True,431.1657434710614,0.7916666666666667
202512191437,gravity,ball->position,41,388,0.1056701030927835,715,True,431.1657434710614,0.7916666666666667
202512191437,gravity,position->ball,41,388,0.1056701030927835,715,True,431.1657434710614,0.7916666666666667
202512191437,gravity,position->position,29,388,0.07474226804123711,715,True,431.1657434710614,0.7916666666666667
202512191437,zero_gravity,ball->ball,243,327,0.7431192660550459,715,True,431.1657434710614,0.6388888888888888
202512191437,zero_gravity,ball->position,35,327,0.10703363914373089,715,True,431.1657434710614,0.6388888888888888
202512191437,zero_gravity,position->ball,35,327,0.10703363914373089,715,True,431.1657434710614,0.6388888888888888
202512191437,zero_gravity,position->position,14,327,0.04281345565749235,715,True,431.1657434710614,0.6388888888888888
202512191555,gravity,ball->ball,339,518,0.6544401544401545,1065,True,431.1657434710614,0.5396825396825397
202512191555,gravity,ball->position,44,518,0.08494208494208494,1065,True,431.1657434710614,0.5396825396825397
202512191555,gravity,position->ball,44,518,0.08494208494208494,1065,True,431.1657434710614,0.5396825396825397
202512191555,gravity,position->position,91,518,0.17567567567567569,1065,True,431.1657434710614,0.5396825396825397
202512191555,zero_gravity,ball->ball,331,547,0.6051188299817185,1065,True,431.1657434710614,0.6851851851851851
202512191555,zero_gravity,ball->position,60,547,0.10968921389396709,1065,True,431.1657434710614,0.6851851851851851
202512191555,zero_gravity,position->ball,60,547,0.10968921389396709,1065,True,431.1657434710614,0.6851851851851851
202512191555,zero_gravity,position->position,96,547,0.17550274223034734,1065,True,431.1657434710614,0.6851851851851851
202512221005,gravity,ball->ball,383,480,0.7979166666666667,1007,True,431.1657434710614,0.7337962962962964
202512221005,gravity,ball->position,38,480,0.07916666666666666,1007,True,431.1657434710614,0.7337962962962964
202512221005,gravity,position->ball,38,480,0.07916666666666666,1007,True,431.1657434710614,0.7337962962962964
202512221005,gravity,position->position,21,480,0.04375,1007,True,431.1657434710614,0.7337962962962964
202512221005,zero_gravity,ball->ball,356,527,0.6755218216318786,1007,True,431.1657434710614,0.4285714285714286
202512221005,zero_gravity,ball->position,53,527,0.10056925996204934,1007,True,431.1657434710614,0.4285714285714286
202512221005,zero_gravity,position->ball,53,527,0.10056925996204934,1007,True,431.1657434710614,0.4285714285714286
202512221005,zero_gravity,position->position,65,527,0.12333965844402277,1007,True,431.1657434710614,0.4285714285714286
202512221010,gravity,ball->ball,422,548,0.7700729927007299,1060,True,431.1657434710614,0.53125
202512221010,gravity,ball->position,50,548,0.09124087591240876,1060,True,431.1657434710614,0.53125
202512221010,gravity,position->ball,49,548,0.08941605839416059,1060,True,431.1657434710614,0.53125
202512221010,gravity,position->position,27,548,0.04927007299270073,1060,True,431.1657434710614,0.53125
202512221010,zero_gravity,ball->ball,336,512,0.65625,1060,True,431.1657434710614,
202512221010,zero_gravity,ball->position,63,512,0.123046875,1060,True,431.1657434710614,
202512221010,zero_gravity,position->ball,63,512,0.123046875,1060,True,431.1657434710614,
202512221010,zero_gravity,position->position,50,512,0.09765625,1060,True,431.1657434710614,
202512221617,gravity,ball->ball,288,431,0.6682134570765661,940,True,431.1657434710614,0.47685185185185186
202512221617,gravity,ball->position,43,431,0.09976798143851508,940,True,431.1657434710614,0.47685185185185186
202512221617,gravity,position->ball,44,431,0.10208816705336426,940,True,431.1657434710614,0.47685185185185186
202512221617,gravity,position->position,56,431,0.12993039443155452,940,True,431.1657434710614,0.47685185185185186
202512221617,zero_gravity,ball->ball,313,509,0.6149312377210217,940,True,431.1657434710614,0.6224489795918368
202512221617,zero_gravity,ball->position,49,509,0.0962671905697446,940,True,431.1657434710614,0.6224489795918368
202512221617,zero_gravity,position->ball,49,509,0.0962671905697446,940,True,431.1657434710614,0.6224489795918368
202512221617,zero_gravity,position->position,98,509,0.1925343811394892,940,True,431.1657434710614,0.6224489795918368
202512221633,gravity,ball->ball,250,357,0.7002801120448179,712,True,431.1657434710614,0.6733870967741935
202512221633,gravity,ball->position,43,357,0.12044817927170869,712,True,431.1657434710614,0.6733870967741935
202512221633,gravity,position->ball,43,357,0.12044817927170869,712,True,431.1657434710614,0.6733870967741935
202512221633,gravity,position->position,21,357,0.058823529411764705,712,True,431.1657434710614,0.6733870967741935
202512221633,zero_gravity,ball->ball,272,355,0.7661971830985915,712,True,431.1657434710614,0.7339901477832512
202512221633,zero_gravity,ball->position,38,355,0.10704225352112676,712,True,431.1657434710614,0.7339901477832512
202512221633,zero_gravity,position->ball,38,355,0.10704225352112676,712,True,431.1657434710614,0.7339901477832512
202512221633,zero_gravity,position->position,7,355,0.01971830985915493,712,True,431.1657434710614,0.7339901477832512
202512231014,gravity,ball->ball,413,515,0.8019417475728156,1081,True,431.1657434710614,0.54
202512231014,gravity,ball->position,33,515,0.06407766990291262,1081,True,431.1657434710614,0.54
202512231014,gravity,position->ball,34,515,0.06601941747572816,1081,True,431.1657434710614,0.54
202512231014,gravity,position->position,35,515,0.06796116504854369,1081,True,431.1657434710614,0.54
202512231014,zero_gravity,ball->ball,360,566,0.6360424028268551,1081,True,431.1657434710614,0.7535714285714286
202512231014,zero_gravity,ball->position,68,566,0.12014134275618374,1081,True,431.1657434710614,0.7535714285714286
202512231014,zero_gravity,position->ball,68,566,0.12014134275618374,1081,True,431.1657434710614,0.7535714285714286
202512231014,zero_gravity,position->position,70,566,0.12367491166077739,1081,True,431.1657434710614,0.7535714285714286
202512231610,gravity,ball->ball,214,358,0.5977653631284916,621,True,431.1657434710614,0.375
202512231610,gravity,ball->position,58,358,0.16201117318435754,621,True,431.1657434710614,0.375
202512231610,gravity,position->ball,58,358,0.16201117318435754,621,True,431.1657434710614,0.375
202512231610,gravity,position->position,28,358,0.0782122905027933,621,True,431.1657434710614,0.375
202512231610,zero_gravity,ball->ball,89,263,0.33840304182509506,621,True,431.1657434710614,0.5634920634920635
202512231610,zero_gravity,ball->position,53,263,0.20152091254752852,621,True,431.1657434710614,0.5634920634920635
202512231610,zero_gravity,position->ball,53,263,0.20152091254752852,621,True,431.1657434710614,0.5634920634920635
202512231610,zero_gravity,position->position,68,263,0.2585551330798479,621,True,431.1657434710614,0.5634920634920635
202512231626,gravity,ball->ball,317,402,0.7885572139303483,803,True,431.1657434710614,0.6238390092879256
202512231626,gravity,ball->position,37,402,0.09203980099502487,803,True,431.1657434710614,0.6238390092879256
202512231626,gravity,position->ball,37,402,0.09203980099502487,803,True,431.1657434710614,0.6238390092879256
202512231626,gravity,position->position,11,402,0.02736318407960199,803,True,431.1657434710614,0.6238390092879256
202512231626,zero_gravity,ball->ball,238,401,0.5935162094763092,803,True,431.1657434710614,0.6493506493506493
202512231626,zero_gravity,ball->position,50,401,0.12468827930174564,803,True,431.1657434710614,0.6493506493506493
202512231626,zero_gravity,position->ball,50,401,0.12468827930174564,803,True,431.1657434710614,0.6493506493506493
202512231626,zero_gravity,position->position,63,401,0.1571072319201995,803,True,431.1657434710614,0.6493506493506493
202512241001,gravity,ball->ball,214,290,0.7379310344827587,641,True,431.1657434710614,0.43962848297213625
202512241001,gravity,ball->position,36,290,0.12413793103448276,641,True,431.1657434710614,0.43962848297213625
202512241001,gravity,position->ball,36,290,0.12413793103448276,641,True,431.1657434710614,0.43962848297213625
202512241001,gravity,position->position,4,290,0.013793103448275862,641,True,431.1657434710614,0.43962848297213625
202512241001,zero_gravity,ball->ball,274,351,0.7806267806267806,641,True,431.1657434710614,0.39009287925696595
202512241001,zero_gravity,ball->position,33,351,0.09401709401709402,641,True,431.1657434710614,0.39009287925696595
202512241001,zero_gravity,position->ball,32,351,0.09116809116809117,641,True,431.1657434710614,0.39009287925696595
202512241001,zero_gravity,position->position,12,351,0.03418803418803419,641,True,431.1657434710614,0.39009287925696595
202512241020,gravity,ball->ball,372,540,0.6888888888888889,1177,True,431.1657434710614,0.7155797101449275
202512241020,gravity,ball->position,50,540,0.09259259259259259,1177,True,431.1657434710614,0.7155797101449275
202512241020,gravity,position->ball,51,540,0.09444444444444444,1177,True,431.1657434710614,0.7155797101449275
202512241020,gravity,position->position,67,540,0.12407407407407407,1177,True,431.1657434710614,0.7155797101449275
202512241020,zero_gravity,ball->ball,490,637,0.7692307692307693,1177,True,431.1657434710614,0.5016722408026756
202512241020,zero_gravity,ball->position,57,637,0.08948194662480377,1177,True,431.1657434710614,0.5016722408026756
202512241020,zero_gravity,position->ball,56,637,0.08791208791208792,1177,True,431.1657434710614,0.5016722408026756
202512241020,zero_gravity,position->position,34,637,0.05337519623233909,1177,True,431.1657434710614,0.5016722408026756
202512241428,gravity,ball->ball,408,468,0.8717948717948718,1027,True,431.1657434710614,0.7416666666666667
202512241428,gravity,ball->position,25,468,0.053418803418803416,1027,True,431.1657434710614,0.7416666666666667
202512241428,gravity,position->ball,25,468,0.053418803418803416,1027,True,431.1657434710614,0.7416666666666667
202512241428,gravity,position->position,10,468,0.021367521367521368,1027,True,431.1657434710614,0.7416666666666667
202512241428,zero_gravity,ball->ball,362,559,0.6475849731663685,1027,True,431.1657434710614,0.6495535714285714
202512241428,zero_gravity,ball->position,63,559,0.11270125223613596,1027,True,431.1657434710614,0.6495535714285714
202512241428,zero_gravity,position->ball,63,559,0.11270125223613596,1027,True,431.1657434710614,0.6495535714285714
202512241428,zero_gravity,position->position,71,559,0.12701252236135957,1027,True,431.1657434710614,0.6495535714285714
202512241627,gravity,ball->ball,417,525,0.7942857142857143,993,True,431.1657434710614,0.45999999999999996
202512241627,gravity,ball->position,45,525,0.08571428571428572,993,True,431.1657434710614,0.45999999999999996
202512241627,gravity,position->ball,45,525,0.08571428571428572,993,True,431.1657434710614,0.45999999999999996
202512241627,gravity,position->position,18,525,0.03428571428571429,993,True,431.1657434710614,0.45999999999999996
202512241627,zero_gravity,ball->ball,266,468,0.5683760683760684,993,True,431.1657434710614,0.584375
202512241627,zero_gravity,ball->position,63,468,0.1346153846153846,993,True,431.1657434710614,0.584375
202512241627,zero_gravity,position->ball,63,468,0.1346153846153846,993,True,431.1657434710614,0.584375
202512241627,zero_gravity,position->position,76,468,0.1623931623931624,993,True,431.1657434710614,0.584375
202512250951,gravity,ball->ball,486,574,0.8466898954703833,1211,True,431.1657434710614,0.5085034013605442
202512250951,gravity,ball->position,34,574,0.059233449477351915,1211,True,431.1657434710614,0.5085034013605442
202512250951,gravity,position->ball,34,574,0.059233449477351915,1211,True,431.1657434710614,0.5085034013605442
202512250951,gravity,position->position,20,574,0.03484320557491289,1211,True,431.1657434710614,0.5085034013605442
202512250951,zero_gravity,ball->ball,533,637,0.8367346938775511,1211,True,431.1657434710614,0.5909090909090909
202512250951,zero_gravity,ball->position,36,637,0.0565149136577708,1211,True,431.1657434710614,0.5909090909090909
202512250951,zero_gravity,position->ball,36,637,0.0565149136577708,1211,True,431.1657434710614,0.5909090909090909
202512250951,zero_gravity,position->position,32,637,0.05023547880690738,1211,True,431.1657434710614,0.5909090909090909
202512251624,gravity,ball->ball,477,508,0.9389763779527559,1021,True,431.1657434710614,0.4411764705882353
202512251624,gravity,ball->position,14,508,0.027559055118110236,1021,True,431.1657434710614,0.4411764705882353
202512251624,gravity,position->ball,14,508,0.027559055118110236,1021,True,431.1657434710614,0.4411764705882353
202512251624,gravity,position->position,3,508,0.005905511811023622,1021,True,431.1657434710614,0.4411764705882353
202512251624,zero_gravity,ball->ball,308,513,0.6003898635477583,1021,True,431.1657434710614,0.5277777777777778
202512251624,zero_gravity,ball->position,67,513,0.13060428849902533,1021,True,431.1657434710614,0.5277777777777778
202512251624,zero_gravity,position->ball,67,513,0.13060428849902533,1021,True,431.1657434710614,0.5277777777777778
202512251624,zero_gravity,position->position,71,513,0.13840155945419103,1021,True,431.1657434710614,0.5277777777777778
202512260959,gravity,ball->ball,249,353,0.7053824362606232,703,True,431.1657434710614,0.42391304347826086
202512260959,gravity,ball->position,36,353,0.10198300283286119,703,True,431.1657434710614,0.42391304347826086
202512260959,gravity,position->ball,37,353,0.1048158640226629,703,True,431.1657434710614,0.42391304347826086
202512260959,gravity,position->position,31,353,0.08781869688385269,703,True,431.1657434710614,0.42391304347826086
202512260959,zero_gravity,ball->ball,287,350,0.82,703,True,431.1657434710614,0.573529411764706
202512260959,zero_gravity,ball->position,27,350,0.07714285714285714,703,True,431.1657434710614,0.573529411764706
202512260959,zero_gravity,position->ball,27,350,0.07714285714285714,703,True,431.1657434710614,0.573529411764706
202512260959,zero_gravity,position->position,9,350,0.025714285714285714,703,True,431.1657434710614,0.573529411764706
202512261030,gravity,ball->ball,243,271,0.8966789667896679,552,True,431.1657434710614,0.46153846153846156
202512261030,gravity,ball->position,13,271,0.04797047970479705,552,True,431.1657434710614,0.46153846153846156
202512261030,gravity,position->ball,13,271,0.04797047970479705,552,True,431.1657434710614,0.46153846153846156
202512261030,gravity,position->position,2,271,0.007380073800738007,552,True,431.1657434710614,0.46153846153846156
202512261030,zero_gravity,ball->ball,219,281,0.7793594306049823,552,True,431.1657434710614,0.7386831275720165
202512261030,zero_gravity,ball->position,24,281,0.08540925266903915,552,True,431.1657434710614,0.7386831275720165
202512261030,zero_gravity,position->ball,24,281,0.08540925266903915,552,True,431.1657434710614,0.7386831275720165
202512261030,zero_gravity,position->position,14,281,0.0498220640569395,552,True,431.1657434710614,0.7386831275720165
202512261422,gravity,ball->ball,256,312,0.8205128205128205,737,True,431.1657434710614,0.8032258064516129
202512261422,gravity,ball->position,24,312,0.07692307692307693,737,True,431.1657434710614,0.8032258064516129
202512261422,gravity,position->ball,25,312,0.08012820512820513,737,True,431.1657434710614,0.8032258064516129
202512261422,gravity,position->position,7,312,0.022435897435897436,737,True,431.1657434710614,0.8032258064516129
202512261422,zero_gravity,ball->ball,282,425,0.6635294117647059,737,True,431.1657434710614,0.7905982905982907
202512261422,zero_gravity,ball->position,44,425,0.10352941176470588,737,True,431.1657434710614,0.7905982905982907
202512261422,zero_gravity,position->ball,44,425,0.10352941176470588,737,True,431.1657434710614,0.7905982905982907
202512261422,zero_gravity,position->position,55,425,0.12941176470588237,737,True,431.1657434710614,0.7905982905982907
202512261436,gravity,ball->ball,360,476,0.7563025210084033,953,True,431.1657434710614,0.4786324786324787
202512261436,gravity,ball->position,50,476,0.10504201680672269,953,True,431.1657434710614,0.4786324786324787
202512261436,gravity,position->ball,50,476,0.10504201680672269,953,True,431.1657434710614,0.4786324786324787
202512261436,gravity,position->position,16,476,0.03361344537815126,953,True,431.1657434710614,0.4786324786324787
202512261436,zero_gravity,ball->ball,181,477,0.37945492662473795,953,True,431.1657434710614,0.5459183673469388
202512261436,zero_gravity,ball->position,84,477,0.1761006289308176,953,True,431.1657434710614,0.5459183673469388
202512261436,zero_gravity,position->ball,84,477,0.1761006289308176,953,True,431.1657434710614,0.5459183673469388
202512261436,zero_gravity,position->position,128,477,0.26834381551362685,953,True,431.1657434710614,0.5459183673469388
202512261625,gravity,ball->ball,322,407,0.7911547911547911,866,True,431.1657434710614,0.5915032679738562
202512261625,gravity,ball->position,34,407,0.08353808353808354,866,True,431.1657434710614,0.5915032679738562
202512261625,gravity,position->ball,34,407,0.08353808353808354,866,True,431.1657434710614,0.5915032679738562
202512261625,gravity,position->position,17,407,0.04176904176904177,866,True,431.1657434710614,0.5915032679738562
202512261625,zero_gravity,ball->ball,304,459,0.6623093681917211,866,True,431.1657434710614,0.5640625
202512261625,zero_gravity,ball->position,47,459,0.10239651416122005,866,True,431.1657434710614,0.5640625
202512261625,zero_gravity,position->ball,47,459,0.10239651416122005,866,True,431.1657434710614,0.5640625
202512261625,zero_gravity,position->position,61,459,0.1328976034858388,866,True,431.1657434710614,0.5640625
202512291041,gravity,ball->ball,543,688,0.7892441860465116,1386,True,431.1657434710614,0.6373456790123456
202512291041,gravity,ball->position,52,688,0.0755813953488372,1386,True,431.1657434710614,0.6373456790123456
202512291041,gravity,position->ball,52,688,0.0755813953488372,1386,True,431.1657434710614,0.6373456790123456
202512291041,gravity,position->position,41,688,0.059593023255813955,1386,True,431.1657434710614,0.6373456790123456
202512291041,zero_gravity,ball->ball,450,698,0.6446991404011462,1386,True,431.1657434710614,0.6036789297658862
202512291041,zero_gravity,ball->position,93,698,0.1332378223495702,1386,True,431.1657434710614,0.6036789297658862
202512291041,zero_gravity,position->ball,93,698,0.1332378223495702,1386,True,431.1657434710614,0.6036789297658862
202512291041,zero_gravity,position->position,62,698,0.08882521489971347,1386,True,431.1657434710614,0.6036789297658862
202512291432,gravity,ball->ball,359,503,0.7137176938369781,1042,True,431.1657434710614,0.7666666666666667
202512291432,gravity,ball->position,57,503,0.11332007952286283,1042,True,431.1657434710614,0.7666666666666667
202512291432,gravity,position->ball,57,503,0.11332007952286283,1042,True,431.1657434710614,0.7666666666666667
202512291432,gravity,position->position,30,503,0.05964214711729622,1042,True,431.1657434710614,0.7666666666666667
202512291432,zero_gravity,ball->ball,336,539,0.6233766233766234,1042,True,431.1657434710614,0.6008064516129032
202512291432,zero_gravity,ball->position,69,539,0.1280148423005566,1042,True,431.1657434710614,0.6008064516129032
202512291432,zero_gravity,position->ball,69,539,0.1280148423005566,1042,True,431.1657434710614,0.6008064516129032
202512291432,zero_gravity,position->position,65,539,0.12059369202226346,1042,True,431.1657434710614,0.6008064516129032
202512291441,gravity,ball->ball,227,296,0.7668918918918919,590,True,431.1657434710614,0.4650349650349651
202512291441,gravity,ball->position,27,296,0.09121621621621621,590,True,431.1657434710614,0.4650349650349651
202512291441,gravity,position->ball,26,296,0.08783783783783784,590,True,431.1657434710614,0.4650349650349651
202512291441,gravity,position->position,16,296,0.05405405405405406,590,True,431.1657434710614,0.4650349650349651
202512291441,zero_gravity,ball->ball,137,294,0.46598639455782315,590,True,431.1657434710614,0.6015625
202512291441,zero_gravity,ball->position,60,294,0.20408163265306123,590,True,431.1657434710614,0.6015625
202512291441,zero_gravity,position->ball,60,294,0.20408163265306123,590,True,431.1657434710614,0.6015625
202512291441,zero_gravity,position->position,37,294,0.12585034013605442,590,True,431.1657434710614,0.6015625
202512291612,gravity,ball->ball,207,306,0.6764705882352942,683,True,431.1657434710614,0.4927536231884058
202512291612,gravity,ball->position,37,306,0.12091503267973856,683,True,431.1657434710614,0.4927536231884058
202512291612,gravity,position->ball,36,306,0.11764705882352941,683,True,431.1657434710614,0.4927536231884058
202512291612,gravity,position->position,26,306,0.08496732026143791,683,True,431.1657434710614,0.4927536231884058
202512291612,zero_gravity,ball->ball,256,377,0.6790450928381963,683,True,431.1657434710614,0.5245098039215685
202512291612,zero_gravity,ball->position,46,377,0.1220159151193634,683,True,431.1657434710614,0.5245098039215685
202512291612,zero_gravity,position->ball,46,377,0.1220159151193634,683,True,431.1657434710614,0.5245098039215685
202512291612,zero_gravity,position->position,29,377,0.07692307692307693,683,True,431.1657434710614,0.5245098039215685
202512300954,gravity,ball->ball,305,374,0.8155080213903744,739,True,431.1657434710614,0.5673076923076923
202512300954,gravity,ball->position,28,374,0.0748663101604278,739,True,431.1657434710614,0.5673076923076923
202512300954,gravity,position->ball,26,374,0.06951871657754011,739,True,431.1657434710614,0.5673076923076923
202512300954,gravity,position->position,15,374,0.040106951871657755,739,True,431.1657434710614,0.5673076923076923
202512300954,zero_gravity,ball->ball,210,365,0.5753424657534246,739,True,431.1657434710614,0.5086805555555556
202512300954,zero_gravity,ball->position,52,365,0.14246575342465753,739,True,431.1657434710614,0.5086805555555556
202512300954,zero_gravity,position->ball,52,365,0.14246575342465753,739,True,431.1657434710614,0.5086805555555556
202512300954,zero_gravity,position->position,51,365,0.13972602739726028,739,True,431.1657434710614,0.5086805555555556
202512301413,gravity,ball->ball,208,366,0.5683060109289617,693,True,431.1657434710614,0.46904024767801855
202512301413,gravity,ball->position,61,366,0.16666666666666666,693,True,431.1657434710614,0.46904024767801855
202512301413,gravity,position->ball,61,366,0.16666666666666666,693,True,431.1657434710614,0.46904024767801855
202512301413,gravity,position->position,36,366,0.09836065573770492,693,True,431.1657434710614,0.46904024767801855
202512301413,zero_gravity,ball->ball,138,327,0.42201834862385323,693,True,431.1657434710614,
202512301413,zero_gravity,ball->position,70,327,0.21406727828746178,693,True,431.1657434710614,
202512301413,zero_gravity,position->ball,70,327,0.21406727828746178,693,True,431.1657434710614,
202512301413,zero_gravity,position->position,49,327,0.14984709480122324,693,True,431.1657434710614,
202512301420,gravity,ball->ball,280,394,0.7106598984771574,715,True,431.1657434710614,0.5690909090909091
202512301420,gravity,ball->position,45,394,0.11421319796954314,715,True,431.1657434710614,0.5690909090909091
202512301420,gravity,position->ball,45,394,0.11421319796954314,715,True,431.1657434710614,0.5690909090909091
202512301420,gravity,position->position,24,394,0.06091370558375635,715,True,431.1657434710614,0.5690909090909091
202512301420,zero_gravity,ball->ball,227,321,0.7071651090342679,715,True,431.1657434710614,0.5788177339901478
202512301420,zero_gravity,ball->position,37,321,0.11526479750778816,715,True,431.1657434710614,0.5788177339901478
202512301420,zero_gravity,position->ball,37,321,0.11526479750778816,715,True,431.1657434710614,0.5788177339901478
202512301420,zero_gravity,position->position,20,321,0.06230529595015576,715,True,431.1657434710614,0.5788177339901478
202512301559,gravity,ball->ball,436,499,0.87374749498998,1005,True,431.1657434710614,0.5163398692810458
202512301559,gravity,ball->position,27,499,0.05410821643286573,1005,True,431.1657434710614,0.5163398692810458
202512301559,gravity,position->ball,27,499,0.05410821643286573,1005,True,431.1657434710614,0.5163398692810458
202512301559,gravity,position->position,9,499,0.018036072144288578,1005,True,431.1657434710614,0.5163398692810458
202512301559,zero_gravity,ball->ball,382,506,0.7549407114624506,1005,True,431.1657434710614,0.558641975308642
202512301559,zero_gravity,ball->position,51,506,0.1007905138339921,1005,True,431.1657434710614,0.558641975308642
202512301559,zero_gravity,position->ball,51,506,0.1007905138339921,1005,True,431.1657434710614,0.558641975308642
202512301559,zero_gravity,position->position,22,506,0.043478260869565216,1005,True,431.1657434710614,0.558641975308642
202512301619,gravity,ball->ball,207,362,0.5718232044198895,654,True,431.1657434710614,
202512301619,gravity,ball->position,55,362,0.15193370165745856,654,True,431.1657434710614,
202512301619,gravity,position->ball,54,362,0.14917127071823205,654,True,431.1657434710614,
202512301619,gravity,position->position,46,362,0.1270718232044199,654,True,431.1657434710614,
202512301619,zero_gravity,ball->ball,173,292,0.5924657534246576,654,True,431.1657434710614,0.4423076923076923
202512301619,zero_gravity,ball->position,48,292,0.1643835616438356,654,True,431.1657434710614,0.4423076923076923
202512301619,zero_gravity,position->ball,48,292,0.1643835616438356,654,True,431.1657434710614,0.4423076923076923
202512301619,zero_gravity,position->position,23,292,0.07876712328767123,654,True,431.1657434710614,0.4423076923076923
202512301621,gravity,ball->ball,277,395,0.7012658227848101,799,True,431.1657434710614,
202512301621,gravity,ball->position,39,395,0.09873417721518987,799,True,431.1657434710614,
202512301621,gravity,position->ball,38,395,0.09620253164556962,799,True,431.1657434710614,
202512301621,gravity,position->position,41,395,0.10379746835443038,799,True,431.1657434710614,
202512301621,zero_gravity,ball->ball,322,404,0.7970297029702971,799,True,431.1657434710614,0.6565656565656566
202512301621,zero_gravity,ball->position,37,404,0.09158415841584158,799,True,431.1657434710614,0.6565656565656566
202512301621,zero_gravity,position->ball,37,404,0.09158415841584158,799,True,431.1657434710614,0.6565656565656566
202512301621,zero_gravity,position->position,8,404,0.019801980198019802,799,True,431.1657434710614,0.6565656565656566
202512311540,gravity,ball->ball,310,430,0.7209302325581395,884,True,431.1657434710614,0.5018939393939394
202512311540,gravity,ball->position,43,430,0.1,884,True,431.1657434710614,0.5018939393939394
202512311540,gravity,position->ball,43,430,0.1,884,True,431.1657434710614,0.5018939393939394
202512311540,gravity,position->position,34,430,0.07906976744186046,884,True,431.1657434710614,0.5018939393939394
202512311540,zero_gravity,ball->ball,264,454,0.5814977973568282,884,True,431.1657434710614,0.43356643356643354
202512311540,zero_gravity,ball->position,68,454,0.14977973568281938,884,True,431.1657434710614,0.43356643356643354
202512311540,zero_gravity,position->ball,68,454,0.14977973568281938,884,True,431.1657434710614,0.43356643356643354
202512311540,zero_gravity,position->position,54,454,0.11894273127753303,884,True,431.1657434710614,0.43356643356643354
202601061013,gravity,ball->ball,366,399,0.9172932330827067,926,True,431.1657434710614,0.5638888888888889
202601061013,gravity,ball->position,16,399,0.040100250626566414,926,True,431.1657434710614,0.5638888888888889
202601061013,gravity,position->ball,16,399,0.040100250626566414,926,True,431.1657434710614,0.5638888888888889
202601061013,gravity,position->position,1,399,0.002506265664160401,926,True,431.1657434710614,0.5638888888888889
202601061013,zero_gravity,ball->ball,374,527,0.7096774193548387,926,True,431.1657434710614,0.698
202601061013,zero_gravity,ball->position,59,527,0.11195445920303605,926,True,431.1657434710614,0.698
202601061013,zero_gravity,position->ball,59,527,0.11195445920303605,926,True,431.1657434710614,0.698
202601061013,zero_gravity,position->position,35,527,0.06641366223908918,926,True,431.1657434710614,0.698
202601061500,gravity,ball->ball,278,440,0.6318181818181818,908,True,431.1657434710614,0.4674922600619195
202601061500,gravity,ball->position,53,440,0.12045454545454545,908,True,431.1657434710614,0.4674922600619195
202601061500,gravity,position->ball,52,440,0.11818181818181818,908,True,431.1657434710614,0.4674922600619195
202601061500,gravity,position->position,57,440,0.12954545454545455,908,True,431.1657434710614,0.4674922600619195
202601061500,zero_gravity,ball->ball,442,468,0.9444444444444444,908,True,431.1657434710614,
202601061500,zero_gravity,ball->position,11,468,0.023504273504273504,908,True,431.1657434710614,
202601061500,zero_gravity,position->ball,11,468,0.023504273504273504,908,True,431.1657434710614,
202601061500,zero_gravity,position->position,4,468,0.008547008547008548,908,True,431.1657434710614,
202601061632,gravity,ball->ball,342,419,0.8162291169451074,818,True,431.1657434710614,0.8763440860215054
202601061632,gravity,ball->position,33,419,0.07875894988066826,818,True,431.1657434710614,0.8763440860215054
202601061632,gravity,position->ball,34,419,0.081145584725537,818,True,431.1657434710614,0.8763440860215054
202601061632,gravity,position->position,10,419,0.02386634844868735,818,True,431.1657434710614,0.8763440860215054
202601061632,zero_gravity,ball->ball,298,399,0.7468671679197995,818,True,431.1657434710614,0.77
202601061632,zero_gravity,ball->position,49,399,0.12280701754385964,818,True,431.1657434710614,0.77
202601061632,zero_gravity,position->ball,49,399,0.12280701754385964,818,True,431.1657434710614,0.77
202601061632,zero_gravity,position->position,3,399,0.007518796992481203,818,True,431.1657434710614,0.77
202601071419,gravity,ball->ball,201,296,0.6790540540540541,605,True,431.1657434710614,0.5833333333333333
202601071419,gravity,ball->position,41,296,0.13851351351351351,605,True,431.1657434710614,0.5833333333333333
202601071419,gravity,position->ball,40,296,0.13513513513513514,605,True,431.1657434710614,0.5833333333333333
202601071419,gravity,position->position,14,296,0.0472972972972973,605,True,431.1657434710614,0.5833333333333333
202601071419,zero_gravity,ball->ball,239,309,0.7734627831715211,605,True,431.1657434710614,0.6234567901234568
202601071419,zero_gravity,ball->position,30,309,0.0970873786407767,605,True,431.1657434710614,0.6234567901234568
202601071419,zero_gravity,position->ball,31,309,0.10032362459546926,605,True,431.1657434710614,0.6234567901234568
202601071419,zero_gravity,position->position,9,309,0.02912621359223301,605,True,431.1657434710614,0.6234567901234568
202601071601,gravity,ball->ball,325,556,0.5845323741007195,1068,True,431.1657434710614,0.49473684210526314
202601071601,gravity,ball->position,81,556,0.14568345323741008,1068,True,431.1657434710614,0.49473684210526314
202601071601,gravity,position->ball,81,556,0.14568345323741008,1068,True,431.1657434710614,0.49473684210526314
202601071601,gravity,position->position,69,556,0.12410071942446044,1068,True,431.1657434710614,0.49473684210526314
202601071601,zero_gravity,ball->ball,291,512,0.568359375,1068,True,431.1657434710614,0.4597523219814242
202601071601,zero_gravity,ball->position,86,512,0.16796875,1068,True,431.1657434710614,0.4597523219814242
202601071601,zero_gravity,position->ball,86,512,0.16796875,1068,True,431.1657434710614,0.4597523219814242
202601071601,zero_gravity,position->position,49,512,0.095703125,1068,True,431.1657434710614,0.4597523219814242
202601071604,gravity,ball->ball,282,387,0.7286821705426356,688,True,431.1657434710614,0.4375
202601071604,gravity,ball->position,39,387,0.10077519379844961,688,True,431.1657434710614,0.4375
202601071604,gravity,position->ball,39,387,0.10077519379844961,688,True,431.1657434710614,0.4375
202601071604,gravity,position->position,27,387,0.06976744186046512,688,True,431.1657434710614,0.4375
202601071604,zero_gravity,ball->ball,190,301,0.6312292358803987,688,True,431.1657434710614,0.5588235294117647
202601071604,zero_gravity,ball->position,45,301,0.14950166112956811,688,True,431.1657434710614,0.5588235294117647
202601071604,zero_gravity,position->ball,45,301,0.14950166112956811,688,True,431.1657434710614,0.5588235294117647
202601071604,zero_gravity,position->position,21,301,0.06976744186046512,688,True,431.1657434710614,0.5588235294117647
202601081439,gravity,ball->ball,395,497,0.7947686116700201,1110,True,431.1657434710614,0.75
202601081439,gravity,ball->position,40,497,0.08048289738430583,1110,True,431.1657434710614,0.75
202601081439,gravity,position->ball,40,497,0.08048289738430583,1110,True,431.1657434710614,0.75
202601081439,gravity,position->position,22,497,0.04426559356136821,1110,True,431.1657434710614,0.75
202601081439,zero_gravity,ball->ball,359,613,0.5856443719412724,1110,True,431.1657434710614,0.5073260073260073
202601081439,zero_gravity,ball->position,72,613,0.11745513866231648,1110,True,431.1657434710614,0.5073260073260073
202601081439,zero_gravity,position->ball,72,613,0.11745513866231648,1110,True,431.1657434710614,0.5073260073260073
202601081439,zero_gravity,position->position,110,613,0.17944535073409462,1110,True,431.1657434710614,0.5073260073260073
202601090957,gravity,ball->ball,360,478,0.7531380753138075,844,True,431.1657434710614,0.5425925925925925
202601090957,gravity,ball->position,44,478,0.09205020920502092,844,True,431.1657434710614,0.5425925925925925
202601090957,gravity,position->ball,45,478,0.09414225941422594,844,True,431.1657434710614,0.5425925925925925
202601090957,gravity,position->position,29,478,0.060669456066945605,844,True,431.1657434710614,0.5425925925925925
202601090957,zero_gravity,ball->ball,268,366,0.73224043715847,844,True,431.1657434710614,0.46885813148788924
202601090957,zero_gravity,ball->position,39,366,0.10655737704918032,844,True,431.1657434710614,0.46885813148788924
202601090957,zero_gravity,position->ball,39,366,0.10655737704918032,844,True,431.1657434710614,0.46885813148788924
202601090957,zero_gravity,position->position,20,366,0.0546448087431694,844,True,431.1657434710614,0.46885813148788924
202601090958,gravity,ball->ball,216,267,0.8089887640449438,544,True,431.1657434710614,0.5454545454545454
202601090958,gravity,ball->position,23,267,0.08614232209737828,544,True,431.1657434710614,0.5454545454545454
202601090958,gravity,position->ball,23,267,0.08614232209737828,544,True,431.1657434710614,0.5454545454545454
202601090958,gravity,position->position,5,267,0.018726591760299626,544,True,431.1657434710614,0.5454545454545454
202601090958,zero_gravity,ball->ball,239,277,0.8628158844765343,544,True,431.1657434710614,0.47368421052631576
202601090958,zero_gravity,ball->position,18,277,0.06498194945848375,544,True,431.1657434710614,0.47368421052631576
202601090958,zero_gravity,position->ball,18,277,0.06498194945848375,544,True,431.1657434710614,0.47368421052631576
202601090958,zero_gravity,position->position,2,277,0.007220216606498195,544,True,431.1657434710614,0.47368421052631576
202601091422,gravity,ball->ball,156,235,0.6638297872340425,627,True,431.1657434710614,0.45000000000000007
202601091422,gravity,ball->position,25,235,0.10638297872340426,627,True,431.1657434710614,0.45000000000000007
202601091422,gravity,position->ball,24,235,0.10212765957446808,627,True,431.1657434710614,0.45000000000000007
202601091422,gravity,position->position,30,235,0.1276595744680851,627,True,431.1657434710614,0.45000000000000007
202601091422,zero_gravity,ball->ball,299,392,0.7627551020408163,627,True,431.1657434710614,0.38269230769230766
202601091422,zero_gravity,ball->position,43,392,0.1096938775510204,627,True,431.1657434710614,0.38269230769230766
202601091422,zero_gravity,position->ball,43,392,0.1096938775510204,627,True,431.1657434710614,0.38269230769230766
202601091422,zero_gravity,position->position,7,392,0.017857142857142856,627,True,431.1657434710614,0.38269230769230766
202601091449,gravity,ball->ball,389,511,0.761252446183953,1040,True,431.1657434710614,0.7665289256198347
202601091449,gravity,ball->position,43,511,0.08414872798434442,1040,True,431.1657434710614,0.7665289256198347
202601091449,gravity,position->ball,43,511,0.08414872798434442,1040,True,431.1657434710614,0.7665289256198347
202601091449,gravity,position->position,36,511,0.07045009784735812,1040,True,431.1657434710614,0.7665289256198347
202601091449,zero_gravity,ball->ball,307,529,0.5803402646502835,1040,True,431.1657434710614,0.5604395604395603
202601091449,zero_gravity,ball->position,63,529,0.11909262759924386,1040,True,431.1657434710614,0.5604395604395603
202601091449,zero_gravity,position->ball,63,529,0.11909262759924386,1040,True,431.1657434710614,0.5604395604395603
202601091449,zero_gravity,position->position,96,529,0.18147448015122875,1040,True,431.1657434710614,0.5604395604395603
202601131016,gravity,ball->ball,426,583,0.7307032590051458,1180,True,431.1657434710614,0.5833333333333333
202601131016,gravity,ball->position,45,583,0.07718696397941681,1180,True,431.1657434710614,0.5833333333333333
202601131016,gravity,position->ball,45,583,0.07718696397941681,1180,True,431.1657434710614,0.5833333333333333
202601131016,gravity,position->position,67,583,0.11492281303602059,1180,True,431.1657434710614,0.5833333333333333
202601131016,zero_gravity,ball->ball,343,597,0.5745393634840871,1180,True,431.1657434710614,
202601131016,zero_gravity,ball->position,59,597,0.09882747068676717,1180,True,431.1657434710614,
202601131016,zero_gravity,position->ball,59,597,0.09882747068676717,1180,True,431.1657434710614,
202601131016,zero_gravity,position->position,136,597,0.22780569514237856,1180,True,431.1657434710614,
202601131558,gravity,ball->ball,272,436,0.6238532110091743,887,True,431.1657434710614,
202601131558,gravity,ball->position,63,436,0.1444954128440367,887,True,431.1657434710614,
202601131558,gravity,position->ball,63,436,0.1444954128440367,887,True,431.1657434710614,
202601131558,gravity,position->position,38,436,0.0871559633027523,887,True,431.1657434710614,
202601131558,zero_gravity,ball->ball,296,451,0.656319290465632,887,True,431.1657434710614,0.5714285714285714
202601131558,zero_gravity,ball->position,59,451,0.13082039911308205,887,True,431.1657434710614,0.5714285714285714
202601131558,zero_gravity,position->ball,59,451,0.13082039911308205,887,True,431.1657434710614,0.5714285714285714
202601131558,zero_gravity,position->position,37,451,0.082039911308204,887,True,431.1657434710614,0.5714285714285714
202601141624,gravity,ball->ball,350,510,0.6862745098039216,1046,True,431.1657434710614,0.7738095238095238
202601141624,gravity,ball->position,56,510,0.10980392156862745,1046,True,431.1657434710614,0.7738095238095238
202601141624,gravity,position->ball,56,510,0.10980392156862745,1046,True,431.1657434710614,0.7738095238095238
202601141624,gravity,position->position,48,510,0.09411764705882353,1046,True,431.1657434710614,0.7738095238095238
202601141624,zero_gravity,ball->ball,441,536,0.8227611940298507,1046,True,431.1657434710614,0.5330578512396694
202601141624,zero_gravity,ball->position,43,536,0.08022388059701492,1046,True,431.1657434710614,0.5330578512396694
202601141624,zero_gravity,position->ball,42,536,0.07835820895522388,1046,True,431.1657434710614,0.5330578512396694
202601141624,zero_gravity,position->position,10,536,0.018656716417910446,1046,True,431.1657434710614,0.5330578512396694
202601151419,gravity,ball->ball,297,414,0.717391304347826,842,True,431.1657434710614,0.5747863247863247
202601151419,gravity,ball->position,43,414,0.10386473429951691,842,True,431.1657434710614,0.5747863247863247
202601151419,gravity,position->ball,43,414,0.10386473429951691,842,True,431.1657434710614,0.5747863247863247
202601151419,gravity,position->position,31,414,0.0748792270531401,842,True,431.1657434710614,0.5747863247863247
202601151419,zero_gravity,ball->ball,331,428,0.7733644859813084,842,True,431.1657434710614,0.4568965517241379
202601151419,zero_gravity,ball->position,37,428,0.08644859813084112,842,True,431.1657434710614,0.4568965517241379
202601151419,zero_gravity,position->ball,37,428,0.08644859813084112,842,True,431.1657434710614,0.4568965517241379
202601151419,zero_gravity,position->position,23,428,0.053738317757009345,842,True,431.1657434710614,0.4568965517241379
202601151516,gravity,ball->ball,263,451,0.5831485587583148,956,True,431.1657434710614,0.7044444444444444
202601151516,gravity,ball->position,57,451,0.12638580931263857,956,True,431.1657434710614,0.7044444444444444
202601151516,gravity,position->ball,58,451,0.1286031042128603,956,True,431.1657434710614,0.7044444444444444
202601151516,gravity,position->position,73,451,0.16186252771618626,956,True,431.1657434710614,0.7044444444444444
202601151516,zero_gravity,ball->ball,357,505,0.7069306930693069,956,True,431.1657434710614,0.5555555555555556
202601151516,zero_gravity,ball->position,63,505,0.12475247524752475,956,True,431.1657434710614,0.5555555555555556
202601151516,zero_gravity,position->ball,63,505,0.12475247524752475,956,True,431.1657434710614,0.5555555555555556
202601151516,zero_gravity,position->position,22,505,0.04356435643564356,956,True,431.1657434710614,0.5555555555555556
202601160948,gravity,ball->ball,349,489,0.7137014314928425,950,True,431.1657434710614,0.46969696969696967
202601160948,gravity,ball->position,54,489,0.11042944785276074,950,True,431.1657434710614,0.46969696969696967
202601160948,gravity,position->ball,54,489,0.11042944785276074,950,True,431.1657434710614,0.46969696969696967
202601160948,gravity,position->position,32,489,0.065439672801636,950,True,431.1657434710614,0.46969696969696967
202601160948,zero_gravity,ball->ball,220,461,0.4772234273318872,950,True,431.1657434710614,0.4506172839506173
202601160948,zero_gravity,ball->position,77,461,0.16702819956616052,950,True,431.1657434710614,0.4506172839506173
202601160948,zero_gravity,position->ball,77,461,0.16702819956616052,950,True,431.1657434710614,0.4506172839506173
202601160948,zero_gravity,position->position,87,461,0.18872017353579176,950,True,431.1657434710614,0.4506172839506173
202601161555,gravity,ball->ball,431,528,0.8162878787878788,1081,True,431.1657434710614,0.5787545787545787
202601161555,gravity,ball->position,44,528,0.08333333333333333,1081,True,431.1657434710614,0.5787545787545787
202601161555,gravity,position->ball,44,528,0.08333333333333333,1081,True,431.1657434710614,0.5787545787545787
202601161555,gravity,position->position,9,528,0.017045454545454544,1081,True,431.1657434710614,0.5787545787545787
202601161555,zero_gravity,ball->ball,176,553,0.3182640144665461,1081,True,431.1657434710614,0.42857142857142855
202601161555,zero_gravity,ball->position,100,553,0.18083182640144665,1081,True,431.1657434710614,0.42857142857142855
202601161555,zero_gravity,position->ball,100,553,0.18083182640144665,1081,True,431.1657434710614,0.42857142857142855
202601161555,zero_gravity,position->position,177,553,0.32007233273056057,1081,True,431.1657434710614,0.42857142857142855
202601161607,gravity,ball->ball,270,344,0.7848837209302325,639,True,431.1657434710614,0.6610576923076923
202601161607,gravity,ball->position,34,344,0.09883720930232558,639,True,431.1657434710614,0.6610576923076923
202601161607,gravity,position->ball,34,344,0.09883720930232558,639,True,431.1657434710614,0.6610576923076923
202601161607,gravity,position->position,6,344,0.01744186046511628,639,True,431.1657434710614,0.6610576923076923
202601161607,zero_gravity,ball->ball,209,295,0.7084745762711865,639,True,431.1657434710614,0.8
202601161607,zero_gravity,ball->position,38,295,0.1288135593220339,639,True,431.1657434710614,0.8
202601161607,zero_gravity,position->ball,38,295,0.1288135593220339,639,True,431.1657434710614,0.8
202601161607,zero_gravity,position->position,10,295,0.03389830508474576,639,True,431.1657434710614,0.8
202601201533,gravity,ball->ball,411,531,0.7740112994350282,1087,True,431.1657434710614,0.7252747252747253
202601201533,gravity,ball->position,44,531,0.08286252354048965,1087,True,431.1657434710614,0.7252747252747253
202601201533,gravity,position->ball,44,531,0.08286252354048965,1087,True,431.1657434710614,0.7252747252747253
202601201533,gravity,position->position,32,531,0.060263653483992465,1087,True,431.1657434710614,0.7252747252747253
202601201533,zero_gravity,ball->ball,341,556,0.6133093525179856,1087,True,431.1657434710614,0.5484949832775919
202601201533,zero_gravity,ball->position,66,556,0.11870503597122302,1087,True,431.1657434710614,0.5484949832775919
202601201533,zero_gravity,position->ball,66,556,0.11870503597122302,1087,True,431.1657434710614,0.5484949832775919
202601201533,zero_gravity,position->position,83,556,0.14928057553956833,1087,True,431.1657434710614,0.5484949832775919
202601221031,gravity,ball->ball,226,312,0.7243589743589743,581,True,431.1657434710614,0.626984126984127
202601221031,gravity,ball->position,36,312,0.11538461538461539,581,True,431.1657434710614,0.626984126984127
202601221031,gravity,position->ball,36,312,0.11538461538461539,581,True,431.1657434710614,0.626984126984127
202601221031,gravity,position->position,14,312,0.04487179487179487,581,True,431.1657434710614,0.626984126984127
202601221031,zero_gravity,ball->ball,177,269,0.6579925650557621,581,True,431.1657434710614,0.4387755102040816
202601221031,zero_gravity,ball->position,36,269,0.13382899628252787,581,True,431.1657434710614,0.4387755102040816
202601221031,zero_gravity,position->ball,36,269,0.13382899628252787,581,True,431.1657434710614,0.4387755102040816
202601221031,zero_gravity,position->position,20,269,0.07434944237918216,581,True,431.1657434710614,0.4387755102040816
202601221622,gravity,ball->ball,233,362,0.643646408839779,766,True,431.1657434710614,0.6018518518518517
202601221622,gravity,ball->position,55,362,0.15193370165745856,766,True,431.1657434710614,0.6018518518518517
202601221622,gravity,position->ball,55,362,0.15193370165745856,766,True,431.1657434710614,0.6018518518518517
202601221622,gravity,position->position,19,362,0.052486187845303865,766,True,431.1657434710614,0.6018518518518517
202601221622,zero_gravity,ball->ball,142,404,0.35148514851485146,766,True,431.1657434710614,0.5707236842105263
202601221622,zero_gravity,ball->position,87,404,0.21534653465346534,766,True,431.1657434710614,0.5707236842105263
202601221622,zero_gravity,position->ball,87,404,0.21534653465346534,766,True,431.1657434710614,0.5707236842105263
202601221622,zero_gravity,position->position,88,404,0.21782178217821782,766,True,431.1657434710614,0.5707236842105263
202601231437,gravity,ball->ball,229,336,0.6815476190476191,655,True,431.1657434710614,0.4316666666666666
202601231437,gravity,ball->position,42,336,0.125,655,True,431.1657434710614,0.4316666666666666
202601231437,gravity,position->ball,41,336,0.12202380952380952,655,True,431.1657434710614,0.4316666666666666
202601231437,gravity,position->position,24,336,0.07142857142857142,655,True,431.1657434710614,0.4316666666666666
202601231437,zero_gravity,ball->ball,252,319,0.7899686520376176,655,True,431.1657434710614,0.6078125
202601231437,zero_gravity,ball->position,29,319,0.09090909090909091,655,True,431.1657434710614,0.6078125
202601231437,zero_gravity,position->ball,29,319,0.09090909090909091,655,True,431.1657434710614,0.6078125
202601231437,zero_gravity,position->position,9,319,0.02821316614420063,655,True,431.1657434710614,0.6078125
202601231616,gravity,ball->ball,323,412,0.7839805825242718,830,True,431.1657434710614,0.5714285714285714
202601231616,gravity,ball->position,36,412,0.08737864077669903,830,True,431.1657434710614,0.5714285714285714
202601231616,gravity,position->ball,36,412,0.08737864077669903,830,True,431.1657434710614,0.5714285714285714
202601231616,gravity,position->position,17,412,0.0412621359223301,830,True,431.1657434710614,0.5714285714285714
202601231616,zero_gravity,ball->ball,261,418,0.6244019138755981,830,True,431.1657434710614,0.5288461538461539
202601231616,zero_gravity,ball->position,56,418,0.1339712918660287,830,True,431.1657434710614,0.5288461538461539
202601231616,zero_gravity,position->ball,56,418,0.1339712918660287,830,True,431.1657434710614,0.5288461538461539
202601231616,zero_gravity,position->position,45,418,0.1076555023923445,830,True,431.1657434710614,0.5288461538461539
202601231630,gravity,ball->ball,311,395,0.7873417721518987,782,True,431.1657434710614,0.8583333333333334
202601231630,gravity,ball->position,34,395,0.08607594936708861,782,True,431.1657434710614,0.8583333333333334
202601231630,gravity,position->ball,34,395,0.08607594936708861,782,True,431.1657434710614,0.8583333333333334
202601231630,gravity,position->position,16,395,0.04050632911392405,782,True,431.1657434710614,0.8583333333333334
202601231630,zero_gravity,ball->ball,319,387,0.8242894056847545,782,True,431.1657434710614,0.6767241379310345
202601231630,zero_gravity,ball->position,23,387,0.059431524547803614,782,True,431.1657434710614,0.6767241379310345
202601231630,zero_gravity,position->ball,23,387,0.059431524547803614,782,True,431.1657434710614,0.6767241379310345
202601231630,zero_gravity,position->position,22,387,0.056847545219638244,782,True,431.1657434710614,0.6767241379310345
202601231631,gravity,ball->ball,281,335,0.8388059701492537,631,True,431.1657434710614,0.8015873015873016
202601231631,gravity,ball->position,25,335,0.07462686567164178,631,True,431.1657434710614,0.8015873015873016
202601231631,gravity,position->ball,25,335,0.07462686567164178,631,True,431.1657434710614,0.8015873015873016
202601231631,gravity,position->position,4,335,0.011940298507462687,631,True,431.1657434710614,0.8015873015873016
202601231631,zero_gravity,ball->ball,227,296,0.7668918918918919,631,True,431.1657434710614,0.8861111111111112
202601231631,zero_gravity,ball->position,27,296,0.09121621621621621,631,True,431.1657434710614,0.8861111111111112
202601231631,zero_gravity,position->ball,27,296,0.09121621621621621,631,True,431.1657434710614,0.8861111111111112
202601231631,zero_gravity,position->position,15,296,0.05067567567567568,631,True,431.1657434710614,0.8861111111111112
202601271536,gravity,ball->ball,514,630,0.8158730158730159,1306,True,431.1657434710614,0.5233333333333333
202601271536,gravity,ball->position,40,630,0.06349206349206349,1306,True,431.1657434710614,0.5233333333333333
202601271536,gravity,position->ball,41,630,0.06507936507936508,1306,True,431.1657434710614,0.5233333333333333
202601271536,gravity,position->position,35,630,0.05555555555555555,1306,True,431.1657434710614,0.5233333333333333
202601271536,zero_gravity,ball->ball,477,676,0.7056213017751479,1306,True,431.1657434710614,0.6666666666666667
202601271536,zero_gravity,ball->position,52,676,0.07692307692307693,1306,True,431.1657434710614,0.6666666666666667
202601271536,zero_gravity,position->ball,52,676,0.07692307692307693,1306,True,431.1657434710614,0.6666666666666667
202601271536,zero_gravity,position->position,95,676,0.14053254437869822,1306,True,431.1657434710614,0.6666666666666667
202601291546,gravity,ball->ball,229,424,0.5400943396226415,849,True,431.1657434710614,0.48
202601291546,gravity,ball->position,74,424,0.17452830188679244,849,True,431.1657434710614,0.48
202601291546,gravity,position->ball,74,424,0.17452830188679244,849,True,431.1657434710614,0.48
202601291546,gravity,position->position,47,424,0.11084905660377359,849,True,431.1657434710614,0.48
202601291546,zero_gravity,ball->ball,155,425,0.36470588235294116,849,True,431.1657434710614,
202601291546,zero_gravity,ball->position,63,425,0.14823529411764705,849,True,431.1657434710614,
202601291546,zero_gravity,position->ball,63,425,0.14823529411764705,849,True,431.1657434710614,
202601291546,zero_gravity,position->position,144,425,0.3388235294117647,849,True,431.1657434710614,
202601291609,gravity,ball->ball,218,301,0.7242524916943521,658,True,431.1657434710614,0.5
202601291609,gravity,ball->position,35,301,0.11627906976744186,658,True,431.1657434710614,0.5
202601291609,gravity,position->ball,36,301,0.11960132890365449,658,True,431.1657434710614,0.5
202601291609,gravity,position->position,12,301,0.03986710963455149,658,True,431.1657434710614,0.5
202601291609,zero_gravity,ball->ball,290,357,0.8123249299719888,658,True,431.1657434710614,0.47058823529411764
202601291609,zero_gravity,ball->position,33,357,0.09243697478991597,658,True,431.1657434710614,0.47058823529411764
202601291609,zero_gravity,position->ball,33,357,0.09243697478991597,658,True,431.1657434710614,0.47058823529411764
202601291609,zero_gravity,position->position,1,357,0.0028011204481792717,658,True,431.1657434710614,0.47058823529411764
202601311414,gravity,ball->ball,451,532,0.8477443609022557,1090,True,431.1657434710614,0.49375
202601311414,gravity,ball->position,33,532,0.06203007518796992,1090,True,431.1657434710614,0.49375
202601311414,gravity,position->ball,33,532,0.06203007518796992,1090,True,431.1657434710614,0.49375
202601311414,gravity,position->position,15,532,0.02819548872180451,1090,True,431.1657434710614,0.49375
202601311414,zero_gravity,ball->ball,336,558,0.6021505376344086,1090,True,431.1657434710614,0.6377708978328174
202601311414,zero_gravity,ball->position,72,558,0.12903225806451613,1090,True,431.1657434710614,0.6377708978328174
202601311414,zero_gravity,position->ball,72,558,0.12903225806451613,1090,True,431.1657434710614,0.6377708978328174
202601311414,zero_gravity,position->position,78,558,0.13978494623655913,1090,True,431.1657434710614,0.6377708978328174
202601311526,gravity,ball->ball,241,381,0.6325459317585301,571,True,431.1657434710614,0.5806451612903226
202601311526,gravity,ball->position,45,381,0.11811023622047244,571,True,431.1657434710614,0.5806451612903226
202601311526,gravity,position->ball,45,381,0.11811023622047244,571,True,431.1657434710614,0.5806451612903226
202601311526,gravity,position->position,50,381,0.13123359580052493,571,True,431.1657434710614,0.5806451612903226
202601311526,zero_gravity,ball->ball,31,190,0.1631578947368421,571,True,431.1657434710614,0.5
202601311526,zero_gravity,ball->position,43,190,0.22631578947368422,571,True,431.1657434710614,0.5
202601311526,zero_gravity,position->ball,43,190,0.22631578947368422,571,True,431.1657434710614,0.5
202601311526,zero_gravity,position->position,73,190,0.38421052631578945,571,True,431.1657434710614,0.5
202602041413,gravity,ball->ball,470,603,0.7794361525704809,1187,True,431.1657434710614,0.4704545454545454
202602041413,gravity,ball->position,57,603,0.0945273631840796,1187,True,431.1657434710614,0.4704545454545454
202602041413,gravity,position->ball,58,603,0.09618573797678276,1187,True,431.1657434710614,0.4704545454545454
202602041413,gravity,position->position,18,603,0.029850746268656716,1187,True,431.1657434710614,0.4704545454545454
202602041413,zero_gravity,ball->ball,357,584,0.6113013698630136,1187,True,431.1657434710614,0.3431372549019608
202602041413,zero_gravity,ball->position,73,584,0.125,1187,True,431.1657434710614,0.3431372549019608
202602041413,zero_gravity,position->ball,73,584,0.125,1187,True,431.1657434710614,0.3431372549019608
202602041413,zero_gravity,position->position,81,584,0.1386986301369863,1187,True,431.1657434710614,0.3431372549019608
202603131141,gravity,ball->ball,357,489,0.7300613496932515,1113,True,431.1657434710614,0.5045454545454545
202603131141,gravity,ball->position,49,489,0.10020449897750511,1113,True,431.1657434710614,0.5045454545454545
202603131141,gravity,position->ball,48,489,0.09815950920245399,1113,True,431.1657434710614,0.5045454545454545
202603131141,gravity,position->position,35,489,0.07157464212678936,1113,True,431.1657434710614,0.5045454545454545
202603131141,zero_gravity,ball->ball,468,624,0.75,1113,True,431.1657434710614,
202603131141,zero_gravity,ball->position,64,624,0.10256410256410256,1113,True,431.1657434710614,
202603131141,zero_gravity,position->ball,64,624,0.10256410256410256,1113,True,431.1657434710614,
202603131141,zero_gravity,position->position,28,624,0.04487179487179487,1113,True,431.1657434710614,
202603161028,gravity,ball->ball,314,438,0.7168949771689498,849,True,431.1657434710614,0.7555555555555555
202603161028,gravity,ball->position,42,438,0.0958904109589041,849,True,431.1657434710614,0.7555555555555555
202603161028,gravity,position->ball,42,438,0.0958904109589041,849,True,431.1657434710614,0.7555555555555555
202603161028,gravity,position->position,40,438,0.091324200913242,849,True,431.1657434710614,0.7555555555555555
202603161028,zero_gravity,ball->ball,235,411,0.5717761557177615,849,True,431.1657434710614,0.6484375
202603161028,zero_gravity,ball->position,59,411,0.1435523114355231,849,True,431.1657434710614,0.6484375
202603161028,zero_gravity,position->ball,59,411,0.1435523114355231,849,True,431.1657434710614,0.6484375
202603161028,zero_gravity,position->position,58,411,0.1411192214111922,849,True,431.1657434710614,0.6484375
202603301430,gravity,ball->ball,281,351,0.8005698005698005,756,True,431.1657434710614,0.5194444444444445
202603301430,gravity,ball->position,28,351,0.07977207977207977,756,True,431.1657434710614,0.5194444444444445
202603301430,gravity,position->ball,28,351,0.07977207977207977,756,True,431.1657434710614,0.5194444444444445
202603301430,gravity,position->position,14,351,0.039886039886039885,756,True,431.1657434710614,0.5194444444444445
202603301430,zero_gravity,ball->ball,303,405,0.7481481481481481,756,True,431.1657434710614,0.46153846153846156
202603301430,zero_gravity,ball->position,36,405,0.08888888888888889,756,True,431.1657434710614,0.46153846153846156
202603301430,zero_gravity,position->ball,36,405,0.08888888888888889,756,True,431.1657434710614,0.46153846153846156
202603301430,zero_gravity,position->position,30,405,0.07407407407407407,756,True,431.1657434710614,0.46153846153846156
202604171122,gravity,ball->ball,309,462,0.6688311688311688,1058,True,431.1657434710614,0.6205357142857143
202604171122,gravity,ball->position,53,462,0.11471861471861472,1058,True,431.1657434710614,0.6205357142857143
202604171122,gravity,position->ball,53,462,0.11471861471861472,1058,True,431.1657434710614,0.6205357142857143
202604171122,gravity,position->position,47,462,0.10173160173160173,1058,True,431.1657434710614,0.6205357142857143
202604171122,zero_gravity,ball->ball,390,596,0.6543624161073825,1058,True,431.1657434710614,0.6354679802955665
202604171122,zero_gravity,ball->position,70,596,0.1174496644295302,1058,True,431.1657434710614,0.6354679802955665
202604171122,zero_gravity,position->ball,70,596,0.1174496644295302,1058,True,431.1657434710614,0.6354679802955665
202604171122,zero_gravity,position->position,66,596,0.11073825503355705,1058,True,431.1657434710614,0.6354679802955665
202604181434,gravity,ball->ball,520,602,0.8637873754152824,1286,True,431.1657434710614,0.5172413793103449
202604181434,gravity,ball->position,28,602,0.046511627906976744,1286,True,431.1657434710614,0.5172413793103449
202604181434,gravity,position->ball,28,602,0.046511627906976744,1286,True,431.1657434710614,0.5172413793103449
202604181434,gravity,position->position,26,602,0.04318936877076412,1286,True,431.1657434710614,0.5172413793103449
202604181434,zero_gravity,ball->ball,459,684,0.6710526315789473,1286,True,431.1657434710614,0.587962962962963
202604181434,zero_gravity,ball->position,54,684,0.07894736842105263,1286,True,431.1657434710614,0.587962962962963
202604181434,zero_gravity,position->ball,54,684,0.07894736842105263,1286,True,431.1657434710614,0.587962962962963
202604181434,zero_gravity,position->position,117,684,0.17105263157894737,1286,True,431.1657434710614,0.587962962962963
202604211006,gravity,ball->ball,383,507,0.7554240631163708,1074,True,431.1657434710614,0.6605351170568562
202604211006,gravity,ball->position,46,507,0.09072978303747535,1074,True,431.1657434710614,0.6605351170568562
202604211006,gravity,position->ball,46,507,0.09072978303747535,1074,True,431.1657434710614,0.6605351170568562
202604211006,gravity,position->position,32,507,0.0631163708086785,1074,True,431.1657434710614,0.6605351170568562
202604211006,zero_gravity,ball->ball,386,567,0.6807760141093474,1074,True,431.1657434710614,0.5541958041958042
202604211006,zero_gravity,ball->position,56,567,0.09876543209876543,1074,True,431.1657434710614,0.5541958041958042
202604211006,zero_gravity,position->ball,56,567,0.09876543209876543,1074,True,431.1657434710614,0.5541958041958042
202604211006,zero_gravity,position->position,69,567,0.12169312169312169,1074,True,431.1657434710614,0.5541958041958042
202604211430,gravity,ball->ball,327,437,0.7482837528604119,951,True,431.1657434710614,0.4495192307692307
202604211430,gravity,ball->position,42,437,0.09610983981693363,951,True,431.1657434710614,0.4495192307692307
202604211430,gravity,position->ball,42,437,0.09610983981693363,951,True,431.1657434710614,0.4495192307692307
202604211430,gravity,position->position,26,437,0.059496567505720827,951,True,431.1657434710614,0.4495192307692307
202604211430,zero_gravity,ball->ball,338,514,0.6575875486381323,951,True,431.1657434710614,0.6649305555555556
202604211430,zero_gravity,ball->position,52,514,0.10116731517509728,951,True,431.1657434710614,0.6649305555555556
202604211430,zero_gravity,position->ball,52,514,0.10116731517509728,951,True,431.1657434710614,0.6649305555555556
202604211430,zero_gravity,position->position,72,514,0.14007782101167315,951,True,431.1657434710614,0.6649305555555556
202604231424,gravity,ball->ball,473,532,0.8890977443609023,956,True,431.1657434710614,0.7338709677419355
202604231424,gravity,ball->position,26,532,0.04887218045112782,956,True,431.1657434710614,0.7338709677419355
202604231424,gravity,position->ball,26,532,0.04887218045112782,956,True,431.1657434710614,0.7338709677419355
202604231424,gravity,position->position,7,532,0.013157894736842105,956,True,431.1657434710614,0.7338709677419355
202604231424,zero_gravity,ball->ball,252,424,0.5943396226415094,956,True,431.1657434710614,0.5416666666666666
202604231424,zero_gravity,ball->position,61,424,0.14386792452830188,956,True,431.1657434710614,0.5416666666666666
202604231424,zero_gravity,position->ball,61,424,0.14386792452830188,956,True,431.1657434710614,0.5416666666666666
202604231424,zero_gravity,position->position,50,424,0.1179245283018868,956,True,431.1657434710614,0.5416666666666666
202604241058,gravity,ball->ball,596,666,0.8948948948948949,1350,True,431.1657434710614,0.5
202604241058,gravity,ball->position,31,666,0.046546546546546545,1350,True,431.1657434710614,0.5
202604241058,gravity,position->ball,31,666,0.046546546546546545,1350,True,431.1657434710614,0.5
202604241058,gravity,position->position,8,666,0.012012012012012012,1350,True,431.1657434710614,0.5
202604241058,zero_gravity,ball->ball,408,684,0.5964912280701754,1350,True,431.1657434710614,0.5
202604241058,zero_gravity,ball->position,102,684,0.14912280701754385,1350,True,431.1657434710614,0.5
202604241058,zero_gravity,position->ball,102,684,0.14912280701754385,1350,True,431.1657434710614,0.5
202604241058,zero_gravity,position->position,72,684,0.10526315789473684,1350,True,431.1657434710614,0.5
202604241424,gravity,ball->ball,374,496,0.7540322580645161,1077,True,431.1657434710614,0.48214285714285715
202604241424,gravity,ball->position,43,496,0.08669354838709678,1077,True,431.1657434710614,0.48214285714285715
202604241424,gravity,position->ball,42,496,0.0846774193548387,1077,True,431.1657434710614,0.48214285714285715
202604241424,gravity,position->position,37,496,0.07459677419354839,1077,True,431.1657434710614,0.48214285714285715
202604241424,zero_gravity,ball->ball,477,581,0.8209982788296041,1077,True,431.1657434710614,
202604241424,zero_gravity,ball->position,42,581,0.07228915662650602,1077,True,431.1657434710614,
202604241424,zero_gravity,position->ball,42,581,0.07228915662650602,1077,True,431.1657434710614,
202604241424,zero_gravity,position->position,20,581,0.03442340791738382,1077,True,431.1657434710614,
202604251424,gravity,ball->ball,384,502,0.7649402390438247,970,True,431.1657434710614,0.37857142857142856
202604251424,gravity,ball->position,49,502,0.09760956175298804,970,True,431.1657434710614,0.37857142857142856
202604251424,gravity,position->ball,49,502,0.09760956175298804,970,True,431.1657434710614,0.37857142857142856
202604251424,gravity,position->position,20,502,0.0398406374501992,970,True,431.1657434710614,0.37857142857142856
202604251424,zero_gravity,ball->ball,280,468,0.5982905982905983,970,True,431.1657434710614,0.5546875
202604251424,zero_gravity,ball->position,61,468,0.13034188034188035,970,True,431.1657434710614,0.5546875
202604251424,zero_gravity,position->ball,61,468,0.13034188034188035,970,True,431.1657434710614,0.5546875
202604251424,zero_gravity,position->position,66,468,0.14102564102564102,970,True,431.1657434710614,0.5546875
202604291121,gravity,ball->ball,526,671,0.7839046199701938,1190,True,431.1657434710614,0.586111111111111
202604291121,gravity,ball->position,44,671,0.06557377049180328,1190,True,431.1657434710614,0.586111111111111
202604291121,gravity,position->ball,44,671,0.06557377049180328,1190,True,431.1657434710614,0.586111111111111
202604291121,gravity,position->position,57,671,0.08494783904619971,1190,True,431.1657434710614,0.586111111111111
202604291121,zero_gravity,ball->ball,431,519,0.8304431599229287,1190,True,431.1657434710614,
202604291121,zero_gravity,ball->position,37,519,0.07129094412331406,1190,True,431.1657434710614,
202604291121,zero_gravity,position->ball,37,519,0.07129094412331406,1190,True,431.1657434710614,
202604291121,zero_gravity,position->position,14,519,0.02697495183044316,1190,True,431.1657434710614,
202604291412,gravity,ball->ball,247,399,0.6190476190476191,877,True,431.1657434710614,0.7873563218390804
202604291412,gravity,ball->position,65,399,0.16290726817042606,877,True,431.1657434710614,0.7873563218390804
202604291412,gravity,position->ball,63,399,0.15789473684210525,877,True,431.1657434710614,0.7873563218390804
202604291412,gravity,position->position,24,399,0.06015037593984962,877,True,431.1657434710614,0.7873563218390804
202604291412,zero_gravity,ball->ball,284,478,0.5941422594142259,877,True,431.1657434710614,0.7666666666666666
202604291412,zero_gravity,ball->position,73,478,0.15271966527196654,877,True,431.1657434710614,0.7666666666666666
202604291412,zero_gravity,position->ball,74,478,0.15481171548117154,877,True,431.1657434710614,0.7666666666666666
202604291412,zero_gravity,position->position,47,478,0.09832635983263599,877,True,431.1657434710614,0.7666666666666666
202604301109,gravity,ball->ball,282,376,0.75,798,True,431.1657434710614,0.6268382352941176
202604301109,gravity,ball->position,35,376,0.09308510638297872,798,True,431.1657434710614,0.6268382352941176
202604301109,gravity,position->ball,35,376,0.09308510638297872,798,True,431.1657434710614,0.6268382352941176
202604301109,gravity,position->position,24,376,0.06382978723404255,798,True,431.1657434710614,0.6268382352941176
202604301109,zero_gravity,ball->ball,288,422,0.6824644549763034,798,True,431.1657434710614,0.5527272727272727
202604301109,zero_gravity,ball->position,44,422,0.10426540284360189,798,True,431.1657434710614,0.5527272727272727
202604301109,zero_gravity,position->ball,44,422,0.10426540284360189,798,True,431.1657434710614,0.5527272727272727
202604301109,zero_gravity,position->position,46,422,0.10900473933649289,798,True,431.1657434710614,0.5527272727272727
202604301417,gravity,ball->ball,536,555,0.9657657657657658,983,True,431.1657434710614,0.5057692307692307
202604301417,gravity,ball->position,9,555,0.016216216216216217,983,True,431.1657434710614,0.5057692307692307
202604301417,gravity,position->ball,9,555,0.016216216216216217,983,True,431.1657434710614,0.5057692307692307
202604301417,gravity,position->position,1,555,0.0018018018018018018,983,True,431.1657434710614,0.5057692307692307
202604301417,zero_gravity,ball->ball,257,428,0.6004672897196262,983,True,431.1657434710614,
202604301417,zero_gravity,ball->position,68,428,0.1588785046728972,983,True,431.1657434710614,
202604301417,zero_gravity,position->ball,68,428,0.1588785046728972,983,True,431.1657434710614,
202604301417,zero_gravity,position->position,35,428,0.08177570093457943,983,True,431.1657434710614,
202605081618,gravity,ball->ball,213,416,0.5120192307692307,512,True,431.1657434710614,0.5584415584415584
202605081618,gravity,ball->position,58,416,0.13942307692307693,512,True,431.1657434710614,0.5584415584415584
202605081618,gravity,position->ball,60,416,0.14423076923076922,512,True,431.1657434710614,0.5584415584415584
202605081618,gravity,position->position,85,416,0.20432692307692307,512,True,431.1657434710614,0.5584415584415584
202605081618,zero_gravity,ball->ball,17,96,0.17708333333333334,512,True,431.1657434710614,0.5631313131313131
202605081618,zero_gravity,ball->position,15,96,0.15625,512,True,431.1657434710614,0.5631313131313131
202605081618,zero_gravity,position->ball,14,96,0.14583333333333334,512,True,431.1657434710614,0.5631313131313131
202605081618,zero_gravity,position->position,50,96,0.5208333333333334,512,True,431.1657434710614,0.5631313131313131
202605091021,gravity,ball->ball,425,547,0.7769652650822669,1040,True,431.1657434710614,0.5245098039215687
202605091021,gravity,ball->position,46,547,0.08409506398537477,1040,True,431.1657434710614,0.5245098039215687
202605091021,gravity,position->ball,46,547,0.08409506398537477,1040,True,431.1657434710614,0.5245098039215687
202605091021,gravity,position->position,30,547,0.054844606946983544,1040,True,431.1657434710614,0.5245098039215687
202605091021,zero_gravity,ball->ball,330,493,0.6693711967545639,1040,True,431.1657434710614,0.55
202605091021,zero_gravity,ball->position,68,493,0.13793103448275862,1040,True,431.1657434710614,0.55
202605091021,zero_gravity,position->ball,68,493,0.13793103448275862,1040,True,431.1657434710614,0.55
202605091021,zero_gravity,position->position,27,493,0.05476673427991886,1040,True,431.1657434710614,0.55
202605091507,gravity,ball->ball,367,565,0.6495575221238938,1102,True,431.1657434710614,0.5428571428571428
202605091507,gravity,ball->position,58,565,0.10265486725663717,1102,True,431.1657434710614,0.5428571428571428
202605091507,gravity,position->ball,58,565,0.10265486725663717,1102,True,431.1657434710614,0.5428571428571428
202605091507,gravity,position->position,82,565,0.14513274336283186,1102,True,431.1657434710614,0.5428571428571428
202605091507,zero_gravity,ball->ball,354,537,0.659217877094972,1102,True,431.1657434710614,0.5102040816326531
202605091507,zero_gravity,ball->position,57,537,0.10614525139664804,1102,True,431.1657434710614,0.5102040816326531
202605091507,zero_gravity,position->ball,57,537,0.10614525139664804,1102,True,431.1657434710614,0.5102040816326531
202605091507,zero_gravity,position->position,69,537,0.12849162011173185,1102,True,431.1657434710614,0.5102040816326531
202605091613,gravity,ball->ball,403,497,0.8108651911468813,994,True,431.1657434710614,0.6156862745098038
202605091613,gravity,ball->position,40,497,0.08048289738430583,994,True,431.1657434710614,0.6156862745098038
202605091613,gravity,position->ball,40,497,0.08048289738430583,994,True,431.1657434710614,0.6156862745098038
202605091613,gravity,position->position,14,497,0.028169014084507043,994,True,431.1657434710614,0.6156862745098038
202605091613,zero_gravity,ball->ball,259,497,0.5211267605633803,994,True,431.1657434710614,0.555921052631579
202605091613,zero_gravity,ball->position,70,497,0.14084507042253522,994,True,431.1657434710614,0.555921052631579
202605091613,zero_gravity,position->ball,70,497,0.14084507042253522,994,True,431.1657434710614,0.555921052631579
202605091613,zero_gravity,position->position,98,497,0.19718309859154928,994,True,431.1657434710614,0.555921052631579
202605111426,gravity,ball->ball,425,532,0.7988721804511278,1131,True,431.1657434710614,0.5363321799307957
202605111426,gravity,ball->position,39,532,0.07330827067669173,1131,True,431.1657434710614,0.5363321799307957
202605111426,gravity,position->ball,39,532,0.07330827067669173,1131,True,431.1657434710614,0.5363321799307957
202605111426,gravity,position->position,29,532,0.05451127819548872,1131,True,431.1657434710614,0.5363321799307957
202605111426,zero_gravity,ball->ball,355,599,0.5926544240400667,1131,True,431.1657434710614,0.5052631578947369
202605111426,zero_gravity,ball->position,60,599,0.1001669449081803,1131,True,431.1657434710614,0.5052631578947369
202605111426,zero_gravity,position->ball,60,599,0.1001669449081803,1131,True,431.1657434710614,0.5052631578947369
202605111426,zero_gravity,position->position,124,599,0.20701168614357263,1131,True,431.1657434710614,0.5052631578947369
202605111540,gravity,ball->ball,187,286,0.6538461538461539,528,True,431.1657434710614,0.6122994652406417
202605111540,gravity,ball->position,43,286,0.15034965034965034,528,True,431.1657434710614,0.6122994652406417
202605111540,gravity,position->ball,43,286,0.15034965034965034,528,True,431.1657434710614,0.6122994652406417
202605111540,gravity,position->position,13,286,0.045454545454545456,528,True,431.1657434710614,0.6122994652406417
202605111540,zero_gravity,ball->ball,142,242,0.5867768595041323,528,True,431.1657434710614,0.6615384615384616
202605111540,zero_gravity,ball->position,41,242,0.16942148760330578,528,True,431.1657434710614,0.6615384615384616
202605111540,zero_gravity,position->ball,41,242,0.16942148760330578,528,True,431.1657434710614,0.6615384615384616
202605111540,zero_gravity,position->position,18,242,0.0743801652892562,528,True,431.1657434710614,0.6615384615384616
202605111553,gravity,ball->ball,173,354,0.4887005649717514,458,True,431.1657434710614,0.524671052631579
202605111553,gravity,ball->position,61,354,0.17231638418079095,458,True,431.1657434710614,0.524671052631579
202605111553,gravity,position->ball,61,354,0.17231638418079095,458,True,431.1657434710614,0.524671052631579
202605111553,gravity,position->position,59,354,0.16666666666666666,458,True,431.1657434710614,0.524671052631579
202605111553,zero_gravity,ball->ball,9,104,0.08653846153846154,458,True,431.1657434710614,0.5523809523809524
202605111553,zero_gravity,ball->position,26,104,0.25,458,True,431.1657434710614,0.5523809523809524
202605111553,zero_gravity,position->ball,27,104,0.25961538461538464,458,True,431.1657434710614,0.5523809523809524
202605111553,zero_gravity,position->position,42,104,0.40384615384615385,458,True,431.1657434710614,0.5523809523809524
202605121423,gravity,ball->ball,344,426,0.8075117370892019,854,True,431.1657434710614,0.8461538461538461
202605121423,gravity,ball->position,32,426,0.07511737089201878,854,True,431.1657434710614,0.8461538461538461
202605121423,gravity,position->ball,32,426,0.07511737089201878,854,True,431.1657434710614,0.8461538461538461
202605121423,gravity,position->position,18,426,0.04225352112676056,854,True,431.1657434710614,0.8461538461538461
202605121423,zero_gravity,ball->ball,235,428,0.5490654205607477,854,True,431.1657434710614,0.7592592592592593
202605121423,zero_gravity,ball->position,63,428,0.14719626168224298,854,True,431.1657434710614,0.7592592592592593
202605121423,zero_gravity,position->ball,63,428,0.14719626168224298,854,True,431.1657434710614,0.7592592592592593
202605121423,zero_gravity,position->position,67,428,0.15654205607476634,854,True,431.1657434710614,0.7592592592592593
202605121442,gravity,ball->ball,239,284,0.8415492957746479,563,True,431.1657434710614,0.5588235294117647
202605121442,gravity,ball->position,19,284,0.06690140845070422,563,True,431.1657434710614,0.5588235294117647
202605121442,gravity,position->ball,19,284,0.06690140845070422,563,True,431.1657434710614,0.5588235294117647
202605121442,gravity,position->position,7,284,0.02464788732394366,563,True,431.1657434710614,0.5588235294117647
202605121442,zero_gravity,ball->ball,168,279,0.6021505376344086,563,True,431.1657434710614,0.5763888888888888
202605121442,zero_gravity,ball->position,39,279,0.13978494623655913,563,True,431.1657434710614,0.5763888888888888
202605121442,zero_gravity,position->ball,39,279,0.13978494623655913,563,True,431.1657434710614,0.5763888888888888
202605121442,zero_gravity,position->position,33,279,0.11827956989247312,563,True,431.1657434710614,0.5763888888888888
202605131007,gravity,ball->ball,268,311,0.8617363344051447,524,True,431.1657434710614,0.5800000000000001
202605131007,gravity,ball->position,20,311,0.06430868167202572,524,True,431.1657434710614,0.5800000000000001
202605131007,gravity,position->ball,20,311,0.06430868167202572,524,True,431.1657434710614,0.5800000000000001
202605131007,gravity,position->position,3,311,0.00964630225080386,524,True,431.1657434710614,0.5800000000000001
202605131007,zero_gravity,ball->ball,171,213,0.8028169014084507,524,True,431.1657434710614,0.609375
202605131007,zero_gravity,ball->position,20,213,0.09389671361502347,524,True,431.1657434710614,0.609375
202605131007,zero_gravity,position->ball,20,213,0.09389671361502347,524,True,431.1657434710614,0.609375
202605131007,zero_gravity,position->position,2,213,0.009389671361502348,524,True,431.1657434710614,0.609375
202605131426,gravity,ball->ball,338,492,0.6869918699186992,1047,True,431.1657434710614,0.7694444444444445
202605131426,gravity,ball->position,58,492,0.11788617886178862,1047,True,431.1657434710614,0.7694444444444445
202605131426,gravity,position->ball,58,492,0.11788617886178862,1047,True,431.1657434710614,0.7694444444444445
202605131426,gravity,position->position,38,492,0.07723577235772358,1047,True,431.1657434710614,0.7694444444444445
202605131426,zero_gravity,ball->ball,319,555,0.5747747747747748,1047,True,431.1657434710614,0.8076923076923077
202605131426,zero_gravity,ball->position,88,555,0.15855855855855855,1047,True,431.1657434710614,0.8076923076923077
202605131426,zero_gravity,position->ball,88,555,0.15855855855855855,1047,True,431.1657434710614,0.8076923076923077
202605131426,zero_gravity,position->position,60,555,0.10810810810810811,1047,True,431.1657434710614,0.8076923076923077
202605131703,gravity,ball->ball,210,309,0.6796116504854369,665,True,431.1657434710614,0.6100000000000001
202605131703,gravity,ball->position,44,309,0.1423948220064725,665,True,431.1657434710614,0.6100000000000001
202605131703,gravity,position->ball,43,309,0.13915857605177995,665,True,431.1657434710614,0.6100000000000001
202605131703,gravity,position->position,12,309,0.038834951456310676,665,True,431.1657434710614,0.6100000000000001
202605131703,zero_gravity,ball->ball,150,356,0.42134831460674155,665,True,431.1657434710614,0.5464396284829721
202605131703,zero_gravity,ball->position,72,356,0.20224719101123595,665,True,431.1657434710614,0.5464396284829721
202605131703,zero_gravity,position->ball,72,356,0.20224719101123595,665,True,431.1657434710614,0.5464396284829721
202605131703,zero_gravity,position->position,62,356,0.17415730337078653,665,True,431.1657434710614,0.5464396284829721
202605141023,gravity,ball->ball,286,390,0.7333333333333333,772,True,431.1657434710614,0.4927272727272727
202605141023,gravity,ball->position,47,390,0.12051282051282051,772,True,431.1657434710614,0.4927272727272727
202605141023,gravity,position->ball,47,390,0.12051282051282051,772,True,431.1657434710614,0.4927272727272727
202605141023,gravity,position->position,10,390,0.02564102564102564,772,True,431.1657434710614,0.4927272727272727
202605141023,zero_gravity,ball->ball,219,382,0.5732984293193717,772,True,431.1657434710614,0.465034965034965
202605141023,zero_gravity,ball->position,60,382,0.15706806282722513,772,True,431.1657434710614,0.465034965034965
202605141023,zero_gravity,position->ball,61,382,0.15968586387434555,772,True,431.1657434710614,0.465034965034965
202605141023,zero_gravity,position->position,42,382,0.1099476439790576,772,True,431.1657434710614,0.465034965034965
202605141420,gravity,ball->ball,370,382,0.9685863874345549,707,True,431.1657434710614,0.6666666666666667
202605141420,gravity,ball->position,6,382,0.015706806282722512,707,True,431.1657434710614,0.6666666666666667
202605141420,gravity,position->ball,6,382,0.015706806282722512,707,True,431.1657434710614,0.6666666666666667
202605141420,gravity,position->position,0,382,0.0,707,True,431.1657434710614,0.6666666666666667
202605141420,zero_gravity,ball->ball,187,325,0.5753846153846154,707,True,431.1657434710614,
202605141420,zero_gravity,ball->position,56,325,0.1723076923076923,707,True,431.1657434710614,
202605141420,zero_gravity,position->ball,56,325,0.1723076923076923,707,True,431.1657434710614,
202605141420,zero_gravity,position->position,26,325,0.08,707,True,431.1657434710614,
202605151433,gravity,ball->ball,263,381,0.6902887139107612,738,True,431.1657434710614,
202605151433,gravity,ball->position,51,381,0.13385826771653545,738,True,431.1657434710614,
202605151433,gravity,position->ball,51,381,0.13385826771653545,738,True,431.1657434710614,
202605151433,gravity,position->position,16,381,0.04199475065616798,738,True,431.1657434710614,
202605151433,zero_gravity,ball->ball,205,357,0.5742296918767507,738,True,431.1657434710614,0.47368421052631576
202605151433,zero_gravity,ball->position,49,357,0.13725490196078433,738,True,431.1657434710614,0.47368421052631576
202605151433,zero_gravity,position->ball,49,357,0.13725490196078433,738,True,431.1657434710614,0.47368421052631576
202605151433,zero_gravity,position->position,54,357,0.15126050420168066,738,True,431.1657434710614,0.47368421052631576
202605161415,gravity,ball->ball,614,836,0.7344497607655502,1348,True,431.1657434710614,0.6363636363636364
202605161415,gravity,ball->position,73,836,0.08732057416267942,1348,True,431.1657434710614,0.6363636363636364
202605161415,gravity,position->ball,74,836,0.08851674641148326,1348,True,431.1657434710614,0.6363636363636364
202605161415,gravity,position->position,75,836,0.08971291866028708,1348,True,431.1657434710614,0.6363636363636364
202605161415,zero_gravity,ball->ball,275,512,0.537109375,1348,True,431.1657434710614,0.4630541871921182
202605161415,zero_gravity,ball->position,71,512,0.138671875,1348,True,431.1657434710614,0.4630541871921182
202605161415,zero_gravity,position->ball,71,512,0.138671875,1348,True,431.1657434710614,0.4630541871921182
202605161415,zero_gravity,position->position,95,512,0.185546875,1348,True,431.1657434710614,0.4630541871921182
202605161422,gravity,ball->ball,90,230,0.391304347826087,536,True,431.1657434710614,0.7165178571428572
202605161422,gravity,ball->position,50,230,0.21739130434782608,536,True,431.1657434710614,0.7165178571428572
202605161422,gravity,position->ball,50,230,0.21739130434782608,536,True,431.1657434710614,0.7165178571428572
202605161422,gravity,position->position,40,230,0.17391304347826086,536,True,431.1657434710614,0.7165178571428572
202605161422,zero_gravity,ball->ball,186,306,0.6078431372549019,536,True,431.1657434710614,0.6274038461538461
202605161422,zero_gravity,ball->position,47,306,0.15359477124183007,536,True,431.1657434710614,0.6274038461538461
202605161422,zero_gravity,position->ball,47,306,0.15359477124183007,536,True,431.1657434710614,0.6274038461538461
202605161422,zero_gravity,position->position,26,306,0.08496732026143791,536,True,431.1657434710614,0.6274038461538461
202605181455,gravity,ball->ball,454,579,0.7841105354058722,1005,True,431.1657434710614,0.3733333333333333
202605181455,gravity,ball->position,48,579,0.08290155440414508,1005,True,431.1657434710614,0.3733333333333333
202605181455,gravity,position->ball,48,579,0.08290155440414508,1005,True,431.1657434710614,0.3733333333333333
202605181455,gravity,position->position,29,579,0.05008635578583765,1005,True,431.1657434710614,0.3733333333333333
202605181455,zero_gravity,ball->ball,313,426,0.7347417840375586,1005,True,431.1657434710614,0.5367892976588629
202605181455,zero_gravity,ball->position,45,426,0.1056338028169014,1005,True,431.1657434710614,0.5367892976588629
202605181455,zero_gravity,position->ball,45,426,0.1056338028169014,1005,True,431.1657434710614,0.5367892976588629
202605181455,zero_gravity,position->position,23,426,0.0539906103286385,1005,True,431.1657434710614,0.5367892976588629
202605191433,gravity,ball->ball,356,434,0.8202764976958525,861,True,431.1657434710614,0.7276785714285714
202605191433,gravity,ball->position,34,434,0.07834101382488479,861,True,431.1657434710614,0.7276785714285714
202605191433,gravity,position->ball,34,434,0.07834101382488479,861,True,431.1657434710614,0.7276785714285714
202605191433,gravity,position->position,10,434,0.02304147465437788,861,True,431.1657434710614,0.7276785714285714
202605191433,zero_gravity,ball->ball,143,427,0.33489461358313816,861,True,431.1657434710614,0.4960474308300395
202605191433,zero_gravity,ball->position,81,427,0.18969555035128804,861,True,431.1657434710614,0.4960474308300395
202605191433,zero_gravity,position->ball,81,427,0.18969555035128804,861,True,431.1657434710614,0.4960474308300395
202605191433,zero_gravity,position->position,122,427,0.2857142857142857,861,True,431.1657434710614,0.4960474308300395
202605191954,gravity,ball->ball,439,564,0.7783687943262412,1176,True,431.1657434710614,0.6480769230769231
202605191954,gravity,ball->position,42,564,0.07446808510638298,1176,True,431.1657434710614,0.6480769230769231
202605191954,gravity,position->ball,42,564,0.07446808510638298,1176,True,431.1657434710614,0.6480769230769231
202605191954,gravity,position->position,41,564,0.0726950354609929,1176,True,431.1657434710614,0.6480769230769231
202605191954,zero_gravity,ball->ball,506,612,0.826797385620915,1176,True,431.1657434710614,0.5804347826086957
202605191954,zero_gravity,ball->position,45,612,0.07352941176470588,1176,True,431.1657434710614,0.5804347826086957
202605191954,zero_gravity,position->ball,45,612,0.07352941176470588,1176,True,431.1657434710614,0.5804347826086957
202605191954,zero_gravity,position->position,16,612,0.026143790849673203,1176,True,431.1657434710614,0.5804347826086957
202605201004,gravity,ball->ball,293,371,0.7897574123989218,723,True,431.1657434710614,0.6290322580645162
202605201004,gravity,ball->position,32,371,0.0862533692722372,723,True,431.1657434710614,0.6290322580645162
202605201004,gravity,position->ball,32,371,0.0862533692722372,723,True,431.1657434710614,0.6290322580645162
202605201004,gravity,position->position,14,371,0.03773584905660377,723,True,431.1657434710614,0.6290322580645162
202605201004,zero_gravity,ball->ball,231,352,0.65625,723,True,431.1657434710614,0.4548494983277592
202605201004,zero_gravity,ball->position,44,352,0.125,723,True,431.1657434710614,0.4548494983277592
202605201004,zero_gravity,position->ball,44,352,0.125,723,True,431.1657434710614,0.4548494983277592
202605201004,zero_gravity,position->position,33,352,0.09375,723,True,431.1657434710614,0.4548494983277592
202605201452,gravity,ball->ball,378,509,0.7426326129666012,1006,True,431.1657434710614,0.7087719298245615
202605201452,gravity,ball->position,52,509,0.10216110019646366,1006,True,431.1657434710614,0.7087719298245615
202605201452,gravity,position->ball,52,509,0.10216110019646366,1006,True,431.1657434710614,0.7087719298245615
202605201452,gravity,position->position,27,509,0.05304518664047151,1006,True,431.1657434710614,0.7087719298245615
202605201452,zero_gravity,ball->ball,347,497,0.6981891348088531,1006,True,431.1657434710614,0.6503496503496503
202605201452,zero_gravity,ball->position,49,497,0.09859154929577464,1006,True,431.1657434710614,0.6503496503496503
202605201452,zero_gravity,position->ball,49,497,0.09859154929577464,1006,True,431.1657434710614,0.6503496503496503
202605201452,zero_gravity,position->position,52,497,0.10462776659959759,1006,True,431.1657434710614,0.6503496503496503
202605201637,gravity,ball->ball,417,581,0.7177280550774526,977,True,431.1657434710614,0.6018518518518519
202605201637,gravity,ball->position,67,581,0.1153184165232358,977,True,431.1657434710614,0.6018518518518519
202605201637,gravity,position->ball,67,581,0.1153184165232358,977,True,431.1657434710614,0.6018518518518519
202605201637,gravity,position->position,30,581,0.05163511187607573,977,True,431.1657434710614,0.6018518518518519
202605201637,zero_gravity,ball->ball,104,396,0.26262626262626265,977,True,431.1657434710614,0.752
202605201637,zero_gravity,ball->position,66,396,0.16666666666666666,977,True,431.1657434710614,0.752
202605201637,zero_gravity,position->ball,66,396,0.16666666666666666,977,True,431.1657434710614,0.752
202605201637,zero_gravity,position->position,160,396,0.40404040404040403,977,True,431.1657434710614,0.752
202605211013,gravity,ball->ball,363,442,0.8212669683257918,811,True,431.1657434710614,0.4027777777777778
202605211013,gravity,ball->position,36,442,0.08144796380090498,811,True,431.1657434710614,0.4027777777777778
202605211013,gravity,position->ball,36,442,0.08144796380090498,811,True,431.1657434710614,0.4027777777777778
202605211013,gravity,position->position,7,442,0.01583710407239819,811,True,431.1657434710614,0.4027777777777778
202605211013,zero_gravity,ball->ball,236,369,0.6395663956639567,811,True,431.1657434710614,0.4423076923076923
202605211013,zero_gravity,ball->position,47,369,0.12737127371273713,811,True,431.1657434710614,0.4423076923076923
202605211013,zero_gravity,position->ball,47,369,0.12737127371273713,811,True,431.1657434710614,0.4423076923076923
202605211013,zero_gravity,position->position,39,369,0.10569105691056911,811,True,431.1657434710614,0.4423076923076923
202605221039,gravity,ball->ball,557,661,0.8426626323751891,1375,True,431.1657434710614,0.6226851851851851
202605221039,gravity,ball->position,39,661,0.059001512859304085,1375,True,431.1657434710614,0.6226851851851851
202605221039,gravity,position->ball,39,661,0.059001512859304085,1375,True,431.1657434710614,0.6226851851851851
202605221039,gravity,position->position,26,661,0.039334341906202726,1375,True,431.1657434710614,0.6226851851851851
202605221039,zero_gravity,ball->ball,451,714,0.6316526610644257,1375,True,431.1657434710614,0.6521739130434783
202605221039,zero_gravity,ball->position,74,714,0.10364145658263306,1375,True,431.1657434710614,0.6521739130434783
202605221039,zero_gravity,position->ball,74,714,0.10364145658263306,1375,True,431.1657434710614,0.6521739130434783
202605221039,zero_gravity,position->position,115,714,0.16106442577030813,1375,True,431.1657434710614,0.6521739130434783
202605221450,gravity,ball->ball,186,276,0.6739130434782609,548,True,431.1657434710614,0.5
202605221450,gravity,ball->position,37,276,0.13405797101449277,548,True,431.1657434710614,0.5
202605221450,gravity,position->ball,36,276,0.13043478260869565,548,True,431.1657434710614,0.5
202605221450,gravity,position->position,17,276,0.06159420289855073,548,True,431.1657434710614,0.5
202605221450,zero_gravity,ball->ball,189,272,0.6948529411764706,548,True,431.1657434710614,0.4916666666666667
202605221450,zero_gravity,ball->position,35,272,0.12867647058823528,548,True,431.1657434710614,0.4916666666666667
202605221450,zero_gravity,position->ball,35,272,0.12867647058823528,548,True,431.1657434710614,0.4916666666666667
202605221450,zero_gravity,position->position,13,272,0.04779411764705882,548,True,431.1657434710614,0.4916666666666667
202605221530,gravity,ball->ball,281,380,0.7394736842105263,774,True,431.1657434710614,0.4650793650793651
202605221530,gravity,ball->position,37,380,0.09736842105263158,774,True,431.1657434710614,0.4650793650793651
202605221530,gravity,position->ball,37,380,0.09736842105263158,774,True,431.1657434710614,0.4650793650793651
202605221530,gravity,position->position,25,380,0.06578947368421052,774,True,431.1657434710614,0.4650793650793651
202605221530,zero_gravity,ball->ball,302,394,0.766497461928934,774,True,431.1657434710614,0.39164086687306504
202605221530,zero_gravity,ball->position,39,394,0.09898477157360407,774,True,431.1657434710614,0.39164086687306504
202605221530,zero_gravity,position->ball,39,394,0.09898477157360407,774,True,431.1657434710614,0.39164086687306504
202605221530,zero_gravity,position->position,14,394,0.03553299492385787,774,True,431.1657434710614,0.39164086687306504
202605221536,gravity,ball->ball,263,393,0.6692111959287532,763,True,431.1657434710614,0.42105263157894735
202605221536,gravity,ball->position,49,393,0.12468193384223919,763,True,431.1657434710614,0.42105263157894735
202605221536,gravity,position->ball,49,393,0.12468193384223919,763,True,431.1657434710614,0.42105263157894735
202605221536,gravity,position->position,32,393,0.08142493638676845,763,True,431.1657434710614,0.42105263157894735
202605221536,zero_gravity,ball->ball,277,370,0.7486486486486487,763,True,431.1657434710614,0.625
202605221536,zero_gravity,ball->position,39,370,0.10540540540540541,763,True,431.1657434710614,0.625
202605221536,zero_gravity,position->ball,39,370,0.10540540540540541,763,True,431.1657434710614,0.625
202605221536,zero_gravity,position->position,15,370,0.04054054054054054,763,True,431.1657434710614,0.625
202605221545,gravity,ball->ball,164,280,0.5857142857142857,544,True,431.1657434710614,0.6704545454545455
202605221545,gravity,ball->position,38,280,0.1357142857142857,544,True,431.1657434710614,0.6704545454545455
202605221545,gravity,position->ball,39,280,0.1392857142857143,544,True,431.1657434710614,0.6704545454545455
202605221545,gravity,position->position,39,280,0.1392857142857143,544,True,431.1657434710614,0.6704545454545455
202605221545,zero_gravity,ball->ball,118,264,0.44696969696969696,544,True,431.1657434710614,0.5416666666666666
202605221545,zero_gravity,ball->position,51,264,0.19318181818181818,544,True,431.1657434710614,0.5416666666666666
202605221545,zero_gravity,position->ball,50,264,0.1893939393939394,544,True,431.1657434710614,0.5416666666666666
202605221545,zero_gravity,position->position,45,264,0.17045454545454544,544,True,431.1657434710614,0.5416666666666666
202605231635,gravity,ball->ball,282,442,0.6380090497737556,847,True,431.1657434710614,0.6428571428571428
202605231635,gravity,ball->position,68,442,0.15384615384615385,847,True,431.1657434710614,0.6428571428571428
202605231635,gravity,position->ball,69,442,0.15610859728506787,847,True,431.1657434710614,0.6428571428571428
202605231635,gravity,position->position,23,442,0.05203619909502263,847,True,431.1657434710614,0.6428571428571428
202605231635,zero_gravity,ball->ball,234,405,0.5777777777777777,847,True,431.1657434710614,0.5729166666666666
202605231635,zero_gravity,ball->position,63,405,0.15555555555555556,847,True,431.1657434710614,0.5729166666666666
202605231635,zero_gravity,position->ball,63,405,0.15555555555555556,847,True,431.1657434710614,0.5729166666666666
202605231635,zero_gravity,position->position,45,405,0.1111111111111111,847,True,431.1657434710614,0.5729166666666666
202605251447,gravity,ball->ball,415,591,0.7021996615905245,1195,True,431.1657434710614,0.5140350877192982
202605251447,gravity,ball->position,54,591,0.09137055837563451,1195,True,431.1657434710614,0.5140350877192982
202605251447,gravity,position->ball,54,591,0.09137055837563451,1195,True,431.1657434710614,0.5140350877192982
202605251447,gravity,position->position,68,591,0.11505922165820642,1195,True,431.1657434710614,0.5140350877192982
202605251447,zero_gravity,ball->ball,432,604,0.7152317880794702,1195,True,431.1657434710614,0.5816993464052288
202605251447,zero_gravity,ball->position,61,604,0.10099337748344371,1195,True,431.1657434710614,0.5816993464052288
202605251447,zero_gravity,position->ball,61,604,0.10099337748344371,1195,True,431.1657434710614,0.5816993464052288
202605251447,zero_gravity,position->position,50,604,0.08278145695364239,1195,True,431.1657434710614,0.5816993464052288
202605251607,gravity,ball->ball,376,482,0.7800829875518672,984,True,431.1657434710614,0.7197802197802198
202605251607,gravity,ball->position,39,482,0.08091286307053942,984,True,431.1657434710614,0.7197802197802198
202605251607,gravity,position->ball,39,482,0.08091286307053942,984,True,431.1657434710614,0.7197802197802198
202605251607,gravity,position->position,28,482,0.058091286307053944,984,True,431.1657434710614,0.7197802197802198
202605251607,zero_gravity,ball->ball,344,502,0.6852589641434262,984,True,431.1657434710614,0.382
202605251607,zero_gravity,ball->position,45,502,0.08964143426294821,984,True,431.1657434710614,0.382
202605251607,zero_gravity,position->ball,45,502,0.08964143426294821,984,True,431.1657434710614,0.382
202605251607,zero_gravity,position->position,68,502,0.13545816733067728,984,True,431.1657434710614,0.382
202605261045,gravity,ball->ball,468,521,0.8982725527831094,778,True,431.1657434710614,0.5113636363636365
202605261045,gravity,ball->position,25,521,0.04798464491362764,778,True,431.1657434710614,0.5113636363636365
202605261045,gravity,position->ball,25,521,0.04798464491362764,778,True,431.1657434710614,0.5113636363636365
202605261045,gravity,position->position,3,521,0.005758157389635317,778,True,431.1657434710614,0.5113636363636365
202605261045,zero_gravity,ball->ball,155,257,0.603112840466926,778,True,431.1657434710614,
202605261045,zero_gravity,ball->position,42,257,0.16342412451361868,778,True,431.1657434710614,
202605261045,zero_gravity,position->ball,43,257,0.16731517509727625,778,True,431.1657434710614,
202605261045,zero_gravity,position->position,17,257,0.06614785992217899,778,True,431.1657434710614,
202605261430,gravity,ball->ball,238,258,0.9224806201550387,565,True,431.1657434710614,0.8359375
202605261430,gravity,ball->position,9,258,0.03488372093023256,565,True,431.1657434710614,0.8359375
202605261430,gravity,position->ball,9,258,0.03488372093023256,565,True,431.1657434710614,0.8359375
202605261430,gravity,position->position,2,258,0.007751937984496124,565,True,431.1657434710614,0.8359375
202605261430,zero_gravity,ball->ball,258,307,0.8403908794788274,565,True,431.1657434710614,0.8325123152709359
202605261430,zero_gravity,ball->position,21,307,0.06840390879478828,565,True,431.1657434710614,0.8325123152709359
202605261430,zero_gravity,position->ball,21,307,0.06840390879478828,565,True,431.1657434710614,0.8325123152709359
202605261430,zero_gravity,position->position,7,307,0.02280130293159609,565,True,431.1657434710614,0.8325123152709359
202605261606,gravity,ball->ball,229,267,0.8576779026217228,607,True,431.1657434710614,0.5296875000000001
202605261606,gravity,ball->position,17,267,0.06367041198501873,607,True,431.1657434710614,0.5296875000000001
202605261606,gravity,position->ball,17,267,0.06367041198501873,607,True,431.1657434710614,0.5296875000000001
202605261606,gravity,position->position,4,267,0.0149812734082397,607,True,431.1657434710614,0.5296875000000001
202605261606,zero_gravity,ball->ball,238,340,0.7,607,True,431.1657434710614,0.41503267973856206
202605261606,zero_gravity,ball->position,38,340,0.11176470588235295,607,True,431.1657434710614,0.41503267973856206
202605261606,zero_gravity,position->ball,38,340,0.11176470588235295,607,True,431.1657434710614,0.41503267973856206
202605261606,zero_gravity,position->position,26,340,0.07647058823529412,607,True,431.1657434710614,0.41503267973856206
202605261631,gravity,ball->ball,246,296,0.831081081081081,585,True,431.1657434710614,0.5267857142857143
202605261631,gravity,ball->position,24,296,0.08108108108108109,585,True,431.1657434710614,0.5267857142857143
202605261631,gravity,position->ball,23,296,0.0777027027027027,585,True,431.1657434710614,0.5267857142857143
202605261631,gravity,position->position,3,296,0.010135135135135136,585,True,431.1657434710614,0.5267857142857143
202605261631,zero_gravity,ball->ball,198,289,0.6851211072664359,585,True,431.1657434710614,
202605261631,zero_gravity,ball->position,40,289,0.1384083044982699,585,True,431.1657434710614,
202605261631,zero_gravity,position->ball,40,289,0.1384083044982699,585,True,431.1657434710614,
202605261631,zero_gravity,position->position,11,289,0.03806228373702422,585,True,431.1657434710614,
202605261634,gravity,ball->ball,323,385,0.8389610389610389,820,True,431.1657434710614,0.5571428571428572
202605261634,gravity,ball->position,23,385,0.05974025974025974,820,True,431.1657434710614,0.5571428571428572
202605261634,gravity,position->ball,23,385,0.05974025974025974,820,True,431.1657434710614,0.5571428571428572
202605261634,gravity,position->position,16,385,0.04155844155844156,820,True,431.1657434710614,0.5571428571428572
202605261634,zero_gravity,ball->ball,315,435,0.7241379310344828,820,True,431.1657434710614,0.51
202605261634,zero_gravity,ball->position,49,435,0.11264367816091954,820,True,431.1657434710614,0.51
202605261634,zero_gravity,position->ball,49,435,0.11264367816091954,820,True,431.1657434710614,0.51
202605261634,zero_gravity,position->position,22,435,0.05057471264367816,820,True,431.1657434710614,0.51
202605261957,gravity,ball->ball,327,386,0.8471502590673575,706,True,431.1657434710614,0.8511904761904763
202605261957,gravity,ball->position,28,386,0.07253886010362694,706,True,431.1657434710614,0.8511904761904763
202605261957,gravity,position->ball,28,386,0.07253886010362694,706,True,431.1657434710614,0.8511904761904763
202605261957,gravity,position->position,3,386,0.007772020725388601,706,True,431.1657434710614,0.8511904761904763
202605261957,zero_gravity,ball->ball,120,320,0.375,706,True,431.1657434710614,0.8103448275862067
202605261957,zero_gravity,ball->position,66,320,0.20625,706,True,431.1657434710614,0.8103448275862067
202605261957,zero_gravity,position->ball,66,320,0.20625,706,True,431.1657434710614,0.8103448275862067
202605261957,zero_gravity,position->position,68,320,0.2125,706,True,431.1657434710614,0.8103448275862067
202605261958,gravity,ball->ball,215,317,0.6782334384858044,552,True,431.1657434710614,0.4772727272727273
202605261958,gravity,ball->position,43,317,0.13564668769716087,552,True,431.1657434710614,0.4772727272727273
202605261958,gravity,position->ball,43,317,0.13564668769716087,552,True,431.1657434710614,0.4772727272727273
202605261958,gravity,position->position,16,317,0.050473186119873815,552,True,431.1657434710614,0.4772727272727273
202605261958,zero_gravity,ball->ball,126,235,0.5361702127659574,552,True,431.1657434710614,0.5625
202605261958,zero_gravity,ball->position,44,235,0.18723404255319148,552,True,431.1657434710614,0.5625
202605261958,zero_gravity,position->ball,43,235,0.1829787234042553,552,True,431.1657434710614,0.5625
202605261958,zero_gravity,position->position,22,235,0.09361702127659574,552,True,431.1657434710614,0.5625
202605271051,gravity,ball->ball,386,599,0.6444073455759599,1239,True,431.1657434710614,0.37187499999999996
202605271051,gravity,ball->position,65,599,0.10851419031719532,1239,True,431.1657434710614,0.37187499999999996
202605271051,gravity,position->ball,65,599,0.10851419031719532,1239,True,431.1657434710614,0.37187499999999996
202605271051,gravity,position->position,83,599,0.13856427378964942,1239,True,431.1657434710614,0.37187499999999996
202605271051,zero_gravity,ball->ball,431,640,0.6734375,1239,True,431.1657434710614,0.5572755417956655
202605271051,zero_gravity,ball->position,85,640,0.1328125,1239,True,431.1657434710614,0.5572755417956655
202605271051,zero_gravity,position->ball,85,640,0.1328125,1239,True,431.1657434710614,0.5572755417956655
202605271051,zero_gravity,position->position,39,640,0.0609375,1239,True,431.1657434710614,0.5572755417956655
202605271423,gravity,ball->ball,230,265,0.8679245283018868,497,True,431.1657434710614,0.7108843537414966
202605271423,gravity,ball->position,16,265,0.06037735849056604,497,True,431.1657434710614,0.7108843537414966
202605271423,gravity,position->ball,16,265,0.06037735849056604,497,True,431.1657434710614,0.7108843537414966
202605271423,gravity,position->position,3,265,0.011320754716981131,497,True,431.1657434710614,0.7108843537414966
202605271423,zero_gravity,ball->ball,162,232,0.6982758620689655,497,True,431.1657434710614,0.3596153846153846
202605271423,zero_gravity,ball->position,33,232,0.14224137931034483,497,True,431.1657434710614,0.3596153846153846
202605271423,zero_gravity,position->ball,33,232,0.14224137931034483,497,True,431.1657434710614,0.3596153846153846
202605271423,zero_gravity,position->position,4,232,0.017241379310344827,497,True,431.1657434710614,0.3596153846153846
202605271445,gravity,ball->ball,367,453,0.8101545253863135,941,True,431.1657434710614,0.45486111111111105
202605271445,gravity,ball->position,34,453,0.07505518763796909,941,True,431.1657434710614,0.45486111111111105
202605271445,gravity,position->ball,34,453,0.07505518763796909,941,True,431.1657434710614,0.45486111111111105
202605271445,gravity,position->position,18,453,0.039735099337748346,941,True,431.1657434710614,0.45486111111111105
202605271445,zero_gravity,ball->ball,360,488,0.7377049180327869,941,True,431.1657434710614,0.55
202605271445,zero_gravity,ball->position,54,488,0.11065573770491803,941,True,431.1657434710614,0.55
202605271445,zero_gravity,position->ball,54,488,0.11065573770491803,941,True,431.1657434710614,0.55
202605271445,zero_gravity,position->position,20,488,0.040983606557377046,941,True,431.1657434710614,0.55
202605271539,gravity,ball->ball,178,286,0.6223776223776224,574,True,431.1657434710614,0.4473684210526315
202605271539,gravity,ball->position,37,286,0.12937062937062938,574,True,431.1657434710614,0.4473684210526315
202605271539,gravity,position->ball,37,286,0.12937062937062938,574,True,431.1657434710614,0.4473684210526315
202605271539,gravity,position->position,34,286,0.11888111888111888,574,True,431.1657434710614,0.4473684210526315
202605271539,zero_gravity,ball->ball,174,288,0.6041666666666666,574,True,431.1657434710614,0.42934782608695654
202605271539,zero_gravity,ball->position,40,288,0.1388888888888889,574,True,431.1657434710614,0.42934782608695654
202605271539,zero_gravity,position->ball,39,288,0.13541666666666666,574,True,431.1657434710614,0.42934782608695654
202605271539,zero_gravity,position->position,35,288,0.12152777777777778,574,True,431.1657434710614,0.42934782608695654
202605271553,gravity,ball->ball,385,459,0.8387799564270153,1059,True,431.1657434710614,0.6363636363636365
202605271553,gravity,ball->position,34,459,0.07407407407407407,1059,True,431.1657434710614,0.6363636363636365
202605271553,gravity,position->ball,34,459,0.07407407407407407,1059,True,431.1657434710614,0.6363636363636365
202605271553,gravity,position->position,6,459,0.013071895424836602,1059,True,431.1657434710614,0.6363636363636365
202605271553,zero_gravity,ball->ball,379,600,0.6316666666666667,1059,True,431.1657434710614,0.5408496732026143
202605271553,zero_gravity,ball->position,76,600,0.12666666666666668,1059,True,431.1657434710614,0.5408496732026143
202605271553,zero_gravity,position->ball,77,600,0.12833333333333333,1059,True,431.1657434710614,0.5408496732026143
202605271553,zero_gravity,position->position,68,600,0.11333333333333333,1059,True,431.1657434710614,0.5408496732026143
202605281034,gravity,ball->ball,234,298,0.785234899328859,583,True,431.1657434710614,0.5357142857142857
202605281034,gravity,ball->position,31,298,0.1040268456375839,583,True,431.1657434710614,0.5357142857142857
202605281034,gravity,position->ball,31,298,0.1040268456375839,583,True,431.1657434710614,0.5357142857142857
202605281034,gravity,position->position,2,298,0.006711409395973154,583,True,431.1657434710614,0.5357142857142857
202605281034,zero_gravity,ball->ball,156,285,0.5473684210526316,583,True,431.1657434710614,
202605281034,zero_gravity,ball->position,48,285,0.16842105263157894,583,True,431.1657434710614,
202605281034,zero_gravity,position->ball,48,285,0.16842105263157894,583,True,431.1657434710614,
202605281034,zero_gravity,position->position,33,285,0.11578947368421053,583,True,431.1657434710614,
202605281637,gravity,ball->ball,245,301,0.813953488372093,677,True,431.1657434710614,0.5470588235294118
202605281637,gravity,ball->position,20,301,0.0664451827242525,677,True,431.1657434710614,0.5470588235294118
202605281637,gravity,position->ball,20,301,0.0664451827242525,677,True,431.1657434710614,0.5470588235294118
202605281637,gravity,position->position,16,301,0.053156146179401995,677,True,431.1657434710614,0.5470588235294118
202605281637,zero_gravity,ball->ball,218,376,0.5797872340425532,677,True,431.1657434710614,0.5625
202605281637,zero_gravity,ball->position,56,376,0.14893617021276595,677,True,431.1657434710614,0.5625
202605281637,zero_gravity,position->ball,56,376,0.14893617021276595,677,True,431.1657434710614,0.5625
202605281637,zero_gravity,position->position,46,376,0.12234042553191489,677,True,431.1657434710614,0.5625
202605281645,gravity,ball->ball,275,462,0.5952380952380952,948,True,431.1657434710614,0.5357142857142857
202605281645,gravity,ball->position,74,462,0.16017316017316016,948,True,431.1657434710614,0.5357142857142857
202605281645,gravity,position->ball,74,462,0.16017316017316016,948,True,431.1657434710614,0.5357142857142857
202605281645,gravity,position->position,39,462,0.08441558441558442,948,True,431.1657434710614,0.5357142857142857
202605281645,zero_gravity,ball->ball,263,486,0.5411522633744856,948,True,431.1657434710614,0.5366300366300366
202605281645,zero_gravity,ball->position,84,486,0.1728395061728395,948,True,431.1657434710614,0.5366300366300366
202605281645,zero_gravity,position->ball,84,486,0.1728395061728395,948,True,431.1657434710614,0.5366300366300366
202605281645,zero_gravity,position->position,55,486,0.11316872427983539,948,True,431.1657434710614,0.5366300366300366
202605281954,gravity,ball->ball,331,356,0.9297752808988764,648,True,431.1657434710614,0.48
202605281954,gravity,ball->position,10,356,0.028089887640449437,648,True,431.1657434710614,0.48
202605281954,gravity,position->ball,11,356,0.03089887640449438,648,True,431.1657434710614,0.48
202605281954,gravity,position->position,4,356,0.011235955056179775,648,True,431.1657434710614,0.48
202605281954,zero_gravity,ball->ball,148,292,0.5068493150684932,648,True,431.1657434710614,
202605281954,zero_gravity,ball->position,50,292,0.17123287671232876,648,True,431.1657434710614,
202605281954,zero_gravity,position->ball,50,292,0.17123287671232876,648,True,431.1657434710614,
202605281954,zero_gravity,position->position,44,292,0.1506849315068493,648,True,431.1657434710614,
202605291006,gravity,ball->ball,311,450,0.6911111111111111,937,True,431.1657434710614,0.4622222222222223
202605291006,gravity,ball->position,57,450,0.12666666666666668,937,True,431.1657434710614,0.4622222222222223
202605291006,gravity,position->ball,58,450,0.1288888888888889,937,True,431.1657434710614,0.4622222222222223
202605291006,gravity,position->position,24,450,0.05333333333333334,937,True,431.1657434710614,0.4622222222222223
202605291006,zero_gravity,ball->ball,264,487,0.5420944558521561,937,True,431.1657434710614,0.36080586080586075
202605291006,zero_gravity,ball->position,90,487,0.18480492813141683,937,True,431.1657434710614,0.36080586080586075
202605291006,zero_gravity,position->ball,91,487,0.1868583162217659,937,True,431.1657434710614,0.36080586080586075
202605291006,zero_gravity,position->position,42,487,0.08624229979466119,937,True,431.1657434710614,0.36080586080586075
202605291659,gravity,ball->ball,453,568,0.7975352112676056,805,True,431.1657434710614,0.5488505747126436
202605291659,gravity,ball->position,37,568,0.06514084507042253,805,True,431.1657434710614,0.5488505747126436
202605291659,gravity,position->ball,38,568,0.06690140845070422,805,True,431.1657434710614,0.5488505747126436
202605291659,gravity,position->position,40,568,0.07042253521126761,805,True,431.1657434710614,0.5488505747126436
202605291659,zero_gravity,ball->ball,146,237,0.6160337552742616,805,True,431.1657434710614,0.6875
202605291659,zero_gravity,ball->position,40,237,0.16877637130801687,805,True,431.1657434710614,0.6875
202605291659,zero_gravity,position->ball,39,237,0.16455696202531644,805,True,431.1657434710614,0.6875
202605291659,zero_gravity,position->position,12,237,0.05063291139240506,805,True,431.1657434710614,0.6875
202606011955,gravity,ball->ball,303,336,0.9017857142857143,677,True,431.1657434710614,0.475
202606011955,gravity,ball->position,14,336,0.041666666666666664,677,True,431.1657434710614,0.475
202606011955,gravity,position->ball,14,336,0.041666666666666664,677,True,431.1657434710614,0.475
202606011955,gravity,position->position,5,336,0.01488095238095238,677,True,431.1657434710614,0.475
202606011955,zero_gravity,ball->ball,255,341,0.7478005865102639,677,True,431.1657434710614,0.5199275362318841
202606011955,zero_gravity,ball->position,39,341,0.11436950146627566,677,True,431.1657434710614,0.5199275362318841
202606011955,zero_gravity,position->ball,39,341,0.11436950146627566,677,True,431.1657434710614,0.5199275362318841
202606011955,zero_gravity,position->position,8,341,0.02346041055718475,677,True,431.1657434710614,0.5199275362318841
202606011956,gravity,ball->ball,467,611,0.7643207855973814,1210,True,431.1657434710614,
202606011956,gravity,ball->position,51,611,0.08346972176759411,1210,True,431.1657434710614,
202606011956,gravity,position->ball,51,611,0.08346972176759411,1210,True,431.1657434710614,
202606011956,gravity,position->position,42,611,0.06873977086743044,1210,True,431.1657434710614,
202606011956,zero_gravity,ball->ball,345,599,0.5759599332220368,1210,True,431.1657434710614,0.5625
202606011956,zero_gravity,ball->position,62,599,0.10350584307178631,1210,True,431.1657434710614,0.5625
202606011956,zero_gravity,position->ball,62,599,0.10350584307178631,1210,True,431.1657434710614,0.5625
202606011956,zero_gravity,position->position,130,599,0.21702838063439064,1210,True,431.1657434710614,0.5625
202606041515,gravity,ball->ball,246,316,0.7784810126582279,681,True,431.1657434710614,0.4194078947368421
202606041515,gravity,ball->position,29,316,0.09177215189873418,681,True,431.1657434710614,0.4194078947368421
202606041515,gravity,position->ball,29,316,0.09177215189873418,681,True,431.1657434710614,0.4194078947368421
202606041515,gravity,position->position,12,316,0.0379746835443038,681,True,431.1657434710614,0.4194078947368421
202606041515,zero_gravity,ball->ball,238,365,0.6520547945205479,681,True,431.1657434710614,0.2781818181818182
202606041515,zero_gravity,ball->position,55,365,0.1506849315068493,681,True,431.1657434710614,0.2781818181818182
202606041515,zero_gravity,position->ball,54,365,0.14794520547945206,681,True,431.1657434710614,0.2781818181818182
202606041515,zero_gravity,position->position,18,365,0.049315068493150684,681,True,431.1657434710614,0.2781818181818182
202606051733,gravity,ball->ball,214,283,0.7561837455830389,600,True,431.1657434710614,0.5178571428571429
202606051733,gravity,ball->position,28,283,0.0989399293286219,600,True,431.1657434710614,0.5178571428571429
202606051733,gravity,position->ball,28,283,0.0989399293286219,600,True,431.1657434710614,0.5178571428571429
202606051733,gravity,position->position,13,283,0.045936395759717315,600,True,431.1657434710614,0.5178571428571429
202606051733,zero_gravity,ball->ball,244,317,0.7697160883280757,600,True,431.1657434710614,0.4340277777777777
202606051733,zero_gravity,ball->position,33,317,0.10410094637223975,600,True,431.1657434710614,0.4340277777777777
202606051733,zero_gravity,position->ball,33,317,0.10410094637223975,600,True,431.1657434710614,0.4340277777777777
202606051733,zero_gravity,position->position,7,317,0.022082018927444796,600,True,431.1657434710614,0.4340277777777777
202606061425,gravity,ball->ball,407,529,0.7693761814744802,1080,True,431.1657434710614,0.7375
202606061425,gravity,ball->position,49,529,0.09262759924385633,1080,True,431.1657434710614,0.7375
202606061425,gravity,position->ball,48,529,0.09073724007561437,1080,True,431.1657434710614,0.7375
202606061425,gravity,position->position,25,529,0.04725897920604915,1080,True,431.1657434710614,0.7375
202606061425,zero_gravity,ball->ball,323,551,0.5862068965517241,1080,True,431.1657434710614,0.4772727272727273
202606061425,zero_gravity,ball->position,57,551,0.10344827586206896,1080,True,431.1657434710614,0.4772727272727273
202606061425,zero_gravity,position->ball,57,551,0.10344827586206896,1080,True,431.1657434710614,0.4772727272727273
202606061425,zero_gravity,position->position,114,551,0.20689655172413793,1080,True,431.1657434710614,0.4772727272727273
202606061640,gravity,ball->ball,505,552,0.9148550724637681,1082,True,431.1657434710614,0.37132352941176466
202606061640,gravity,ball->position,21,552,0.03804347826086957,1082,True,431.1657434710614,0.37132352941176466
202606061640,gravity,position->ball,21,552,0.03804347826086957,1082,True,431.1657434710614,0.37132352941176466
202606061640,gravity,position->position,5,552,0.009057971014492754,1082,True,431.1657434710614,0.37132352941176466
202606061640,zero_gravity,ball->ball,321,530,0.6056603773584905,1082,True,431.1657434710614,0.5254545454545454
202606061640,zero_gravity,ball->position,62,530,0.1169811320754717,1082,True,431.1657434710614,0.5254545454545454
202606061640,zero_gravity,position->ball,62,530,0.1169811320754717,1082,True,431.1657434710614,0.5254545454545454
202606061640,zero_gravity,position->position,85,530,0.16037735849056603,1082,True,431.1657434710614,0.5254545454545454
202606081618,gravity,ball->ball,403,438,0.9200913242009132,788,True,431.1657434710614,0.4600000000000001
202606081618,gravity,ball->position,16,438,0.0365296803652968,788,True,431.1657434710614,0.4600000000000001
202606081618,gravity,position->ball,17,438,0.03881278538812785,788,True,431.1657434710614,0.4600000000000001
202606081618,gravity,position->position,2,438,0.0045662100456621,788,True,431.1657434710614,0.4600000000000001
202606081618,zero_gravity,ball->ball,180,350,0.5142857142857142,788,True,431.1657434710614,0.4765886287625418
202606081618,zero_gravity,ball->position,61,350,0.1742857142857143,788,True,431.1657434710614,0.4765886287625418
202606081618,zero_gravity,position->ball,60,350,0.17142857142857143,788,True,431.1657434710614,0.4765886287625418
202606081618,zero_gravity,position->position,49,350,0.14,788,True,431.1657434710614,0.4765886287625418
202606091426,gravity,ball->ball,442,491,0.90020366598778,1047,True,431.1657434710614,0.45454545454545453
202606091426,gravity,ball->position,22,491,0.04480651731160896,1047,True,431.1657434710614,0.45454545454545453
202606091426,gravity,position->ball,22,491,0.04480651731160896,1047,True,431.1657434710614,0.45454545454545453
202606091426,gravity,position->position,5,491,0.010183299389002037,1047,True,431.1657434710614,0.45454545454545453
202606091426,zero_gravity,ball->ball,334,556,0.6007194244604317,1047,True,431.1657434710614,0.546218487394958
202606091426,zero_gravity,ball->position,59,556,0.10611510791366907,1047,True,431.1657434710614,0.546218487394958
202606091426,zero_gravity,position->ball,59,556,0.10611510791366907,1047,True,431.1657434710614,0.546218487394958
202606091426,zero_gravity,position->position,104,556,0.18705035971223022,1047,True,431.1657434710614,0.546218487394958
202606101015,gravity,ball->ball,442,637,0.6938775510204082,1254,True,431.1657434710614,0.3962585034013606
202606101015,gravity,ball->position,59,637,0.09262166405023547,1254,True,431.1657434710614,0.3962585034013606
202606101015,gravity,position->ball,60,637,0.09419152276295134,1254,True,431.1657434710614,0.3962585034013606
202606101015,gravity,position->position,76,637,0.11930926216640503,1254,True,431.1657434710614,0.3962585034013606
202606101015,zero_gravity,ball->ball,443,617,0.7179902755267423,1254,True,431.1657434710614,0.3798701298701298
202606101015,zero_gravity,ball->position,61,617,0.09886547811993517,1254,True,431.1657434710614,0.3798701298701298
202606101015,zero_gravity,position->ball,61,617,0.09886547811993517,1254,True,431.1657434710614,0.3798701298701298
202606101015,zero_gravity,position->position,52,617,0.08427876823338736,1254,True,431.1657434710614,0.3798701298701298
202606101415,gravity,ball->ball,201,254,0.7913385826771654,452,True,431.1657434710614,0.6699507389162561
202606101415,gravity,ball->position,24,254,0.09448818897637795,452,True,431.1657434710614,0.6699507389162561
202606101415,gravity,position->ball,24,254,0.09448818897637795,452,True,431.1657434710614,0.6699507389162561
202606101415,gravity,position->position,5,254,0.01968503937007874,452,True,431.1657434710614,0.6699507389162561
202606101415,zero_gravity,ball->ball,123,198,0.6212121212121212,452,True,431.1657434710614,
202606101415,zero_gravity,ball->position,34,198,0.1717171717171717,452,True,431.1657434710614,
202606101415,zero_gravity,position->ball,34,198,0.1717171717171717,452,True,431.1657434710614,
202606101415,zero_gravity,position->position,7,198,0.03535353535353535,452,True,431.1657434710614,
202606101632,gravity,ball->ball,515,649,0.7935285053929122,1330,True,431.1657434710614,0.5923076923076923
202606101632,gravity,ball->position,48,649,0.07395993836671803,1330,True,431.1657434710614,0.5923076923076923
202606101632,gravity,position->ball,48,649,0.07395993836671803,1330,True,431.1657434710614,0.5923076923076923
202606101632,gravity,position->position,38,649,0.05855161787365177,1330,True,431.1657434710614,0.5923076923076923
202606101632,zero_gravity,ball->ball,454,681,0.6666666666666666,1330,True,431.1657434710614,0.6151315789473684
202606101632,zero_gravity,ball->position,64,681,0.09397944199706314,1330,True,431.1657434710614,0.6151315789473684
202606101632,zero_gravity,position->ball,64,681,0.09397944199706314,1330,True,431.1657434710614,0.6151315789473684
202606101632,zero_gravity,position->position,99,681,0.14537444933920704,1330,True,431.1657434710614,0.6151315789473684
202606121419,gravity,ball->ball,459,568,0.8080985915492958,1245,True,431.1657434710614,0.4013605442176871
202606121419,gravity,ball->position,40,568,0.07042253521126761,1245,True,431.1657434710614,0.4013605442176871
202606121419,gravity,position->ball,40,568,0.07042253521126761,1245,True,431.1657434710614,0.4013605442176871
202606121419,gravity,position->position,29,568,0.051056338028169015,1245,True,431.1657434710614,0.4013605442176871
202606121419,zero_gravity,ball->ball,358,677,0.5288035450516987,1245,True,431.1657434710614,0.45833333333333337
202606121419,zero_gravity,ball->position,102,677,0.15066469719350073,1245,True,431.1657434710614,0.45833333333333337
202606121419,zero_gravity,position->ball,102,677,0.15066469719350073,1245,True,431.1657434710614,0.45833333333333337
202606121419,zero_gravity,position->position,115,677,0.16986706056129985,1245,True,431.1657434710614,0.45833333333333337
202606131455,gravity,ball->ball,515,575,0.8956521739130435,1113,True,431.1657434710614,0.5652173913043478
202606131455,gravity,ball->position,23,575,0.04,1113,True,431.1657434710614,0.5652173913043478
202606131455,gravity,position->ball,23,575,0.04,1113,True,431.1657434710614,0.5652173913043478
202606131455,gravity,position->position,14,575,0.02434782608695652,1113,True,431.1657434710614,0.5652173913043478
202606131455,zero_gravity,ball->ball,308,538,0.5724907063197026,1113,True,431.1657434710614,0.47058823529411764
202606131455,zero_gravity,ball->position,66,538,0.12267657992565056,1113,True,431.1657434710614,0.47058823529411764
202606131455,zero_gravity,position->ball,66,538,0.12267657992565056,1113,True,431.1657434710614,0.47058823529411764
202606131455,zero_gravity,position->position,98,538,0.1821561338289963,1113,True,431.1657434710614,0.47058823529411764
202606151502,gravity,ball->ball,431,542,0.7952029520295203,977,True,431.1657434710614,0.5833333333333333
202606151502,gravity,ball->position,43,542,0.07933579335793357,977,True,431.1657434710614,0.5833333333333333
202606151502,gravity,position->ball,43,542,0.07933579335793357,977,True,431.1657434710614,0.5833333333333333
202606151502,gravity,position->position,25,542,0.046125461254612546,977,True,431.1657434710614,0.5833333333333333
202606151502,zero_gravity,ball->ball,220,435,0.5057471264367817,977,True,431.1657434710614,
202606151502,zero_gravity,ball->position,57,435,0.1310344827586207,977,True,431.1657434710614,
202606151502,zero_gravity,position->ball,57,435,0.1310344827586207,977,True,431.1657434710614,
202606151502,zero_gravity,position->position,101,435,0.23218390804597702,977,True,431.1657434710614,
202606151633,gravity,ball->ball,394,492,0.8008130081300813,874,True,431.1657434710614,0.5294117647058824
202606151633,gravity,ball->position,40,492,0.08130081300813008,874,True,431.1657434710614,0.5294117647058824
202606151633,gravity,position->ball,40,492,0.08130081300813008,874,True,431.1657434710614,0.5294117647058824
202606151633,gravity,position->position,18,492,0.036585365853658534,874,True,431.1657434710614,0.5294117647058824
202606151633,zero_gravity,ball->ball,317,382,0.8298429319371727,874,True,431.1657434710614,
202606151633,zero_gravity,ball->position,29,382,0.07591623036649214,874,True,431.1657434710614,
202606151633,zero_gravity,position->ball,29,382,0.07591623036649214,874,True,431.1657434710614,
202606151633,zero_gravity,position->position,7,382,0.01832460732984293,874,True,431.1657434710614,
202606151954,gravity,ball->ball,354,528,0.6704545454545454,929,True,431.1657434710614,0.5946969696969697
202606151954,gravity,ball->position,65,528,0.12310606060606061,929,True,431.1657434710614,0.5946969696969697
202606151954,gravity,position->ball,65,528,0.12310606060606061,929,True,431.1657434710614,0.5946969696969697
202606151954,gravity,position->position,44,528,0.08333333333333333,929,True,431.1657434710614,0.5946969696969697
202606151954,zero_gravity,ball->ball,274,401,0.683291770573566,929,True,431.1657434710614,0.37268518518518523
202606151954,zero_gravity,ball->position,49,401,0.12219451371571072,929,True,431.1657434710614,0.37268518518518523
202606151954,zero_gravity,position->ball,49,401,0.12219451371571072,929,True,431.1657434710614,0.37268518518518523
202606151954,zero_gravity,position->position,29,401,0.07231920199501247,929,True,431.1657434710614,0.37268518518518523
202606161430,gravity,ball->ball,415,494,0.840080971659919,1012,True,431.1657434710614,0.8854166666666667
202606161430,gravity,ball->position,28,494,0.05668016194331984,1012,True,431.1657434710614,0.8854166666666667
202606161430,gravity,position->ball,28,494,0.05668016194331984,1012,True,431.1657434710614,0.8854166666666667
202606161430,gravity,position->position,23,494,0.0465587044534413,1012,True,431.1657434710614,0.8854166666666667
202606161430,zero_gravity,ball->ball,419,518,0.8088803088803089,1012,True,431.1657434710614,0.734375
202606161430,zero_gravity,ball->position,39,518,0.07528957528957529,1012,True,431.1657434710614,0.734375
202606161430,zero_gravity,position->ball,39,518,0.07528957528957529,1012,True,431.1657434710614,0.734375
202606161430,zero_gravity,position->position,21,518,0.04054054054054054,1012,True,431.1657434710614,0.734375
202606161543,gravity,ball->ball,359,449,0.799554565701559,972,True,431.1657434710614,0.46590909090909094
202606161543,gravity,ball->position,39,449,0.08685968819599109,972,True,431.1657434710614,0.46590909090909094
202606161543,gravity,position->ball,39,449,0.08685968819599109,972,True,431.1657434710614,0.46590909090909094
202606161543,gravity,position->position,12,449,0.026726057906458798,972,True,431.1657434710614,0.46590909090909094
202606161543,zero_gravity,ball->ball,280,523,0.5353728489483748,972,True,431.1657434710614,0.5134615384615385
202606161543,zero_gravity,ball->position,71,523,0.13575525812619502,972,True,431.1657434710614,0.5134615384615385
202606161543,zero_gravity,position->ball,71,523,0.13575525812619502,972,True,431.1657434710614,0.5134615384615385
202606161543,zero_gravity,position->position,101,523,0.1931166347992352,972,True,431.1657434710614,0.5134615384615385
202606171429,gravity,ball->ball,533,630,0.846031746031746,1215,True,431.1657434710614,0.5136054421768708
202606171429,gravity,ball->position,37,630,0.05873015873015873,1215,True,431.1657434710614,0.5136054421768708
202606171429,gravity,position->ball,37,630,0.05873015873015873,1215,True,431.1657434710614,0.5136054421768708
202606171429,gravity,position->position,23,630,0.03650793650793651,1215,True,431.1657434710614,0.5136054421768708
202606171429,zero_gravity,ball->ball,460,585,0.7863247863247863,1215,True,431.1657434710614,0.45454545454545453
202606171429,zero_gravity,ball->position,45,585,0.07692307692307693,1215,True,431.1657434710614,0.45454545454545453
202606171429,zero_gravity,position->ball,45,585,0.07692307692307693,1215,True,431.1657434710614,0.45454545454545453
202606171429,zero_gravity,position->position,35,585,0.05982905982905983,1215,True,431.1657434710614,0.45454545454545453
202606171620,gravity,ball->ball,456,471,0.9681528662420382,928,True,431.1657434710614,0.7083333333333333
202606171620,gravity,ball->position,7,471,0.014861995753715499,928,True,431.1657434710614,0.7083333333333333
202606171620,gravity,position->ball,8,471,0.016985138004246284,928,True,431.1657434710614,0.7083333333333333
202606171620,gravity,position->position,0,471,0.0,928,True,431.1657434710614,0.7083333333333333
202606171620,zero_gravity,ball->ball,328,457,0.7177242888402626,928,True,431.1657434710614,0.6294642857142857
202606171620,zero_gravity,ball->position,51,457,0.11159737417943107,928,True,431.1657434710614,0.6294642857142857
202606171620,zero_gravity,position->ball,51,457,0.11159737417943107,928,True,431.1657434710614,0.6294642857142857
202606171620,zero_gravity,position->position,27,457,0.05908096280087528,928,True,431.1657434710614,0.6294642857142857
202606181002,gravity,ball->ball,502,644,0.7795031055900621,1273,True,431.1657434710614,0.8250000000000001
202606181002,gravity,ball->position,43,644,0.06677018633540373,1273,True,431.1657434710614,0.8250000000000001
202606181002,gravity,position->ball,43,644,0.06677018633540373,1273,True,431.1657434710614,0.8250000000000001
202606181002,gravity,position->position,56,644,0.08695652173913043,1273,True,431.1657434710614,0.8250000000000001
202606181002,zero_gravity,ball->ball,409,629,0.6502384737678856,1273,True,431.1657434710614,0.7807692307692308
202606181002,zero_gravity,ball->position,54,629,0.08585055643879173,1273,True,431.1657434710614,0.7807692307692308
202606181002,zero_gravity,position->ball,54,629,0.08585055643879173,1273,True,431.1657434710614,0.7807692307692308
202606181002,zero_gravity,position->position,112,629,0.178060413354531,1273,True,431.1657434710614,0.7807692307692308
202606221624,gravity,ball->ball,432,552,0.782608695652174,1032,True,431.1657434710614,0.6054421768707483
202606221624,gravity,ball->position,42,552,0.07608695652173914,1032,True,431.1657434710614,0.6054421768707483
202606221624,gravity,position->ball,41,552,0.07427536231884058,1032,True,431.1657434710614,0.6054421768707483
202606221624,gravity,position->position,37,552,0.06702898550724638,1032,True,431.1657434710614,0.6054421768707483
202606221624,zero_gravity,ball->ball,308,480,0.6416666666666667,1032,True,431.1657434710614,0.4724025974025974
202606221624,zero_gravity,ball->position,54,480,0.1125,1032,True,431.1657434710614,0.4724025974025974
202606221624,zero_gravity,position->ball,54,480,0.1125,1032,True,431.1657434710614,0.4724025974025974
202606221624,zero_gravity,position->position,64,480,0.13333333333333333,1032,True,431.1657434710614,0.4724025974025974
202606231419,gravity,ball->ball,397,528,0.7518939393939394,1098,True,431.1657434710614,
202606231419,gravity,ball->position,51,528,0.09659090909090909,1098,True,431.1657434710614,
202606231419,gravity,position->ball,51,528,0.09659090909090909,1098,True,431.1657434710614,
202606231419,gravity,position->position,29,528,0.054924242424242424,1098,True,431.1657434710614,
202606231419,zero_gravity,ball->ball,415,570,0.7280701754385965,1098,True,431.1657434710614,0.4523809523809524
202606231419,zero_gravity,ball->position,58,570,0.10175438596491228,1098,True,431.1657434710614,0.4523809523809524
202606231419,zero_gravity,position->ball,58,570,0.10175438596491228,1098,True,431.1657434710614,0.4523809523809524
202606231419,zero_gravity,position->position,39,570,0.06842105263157895,1098,True,431.1657434710614,0.4523809523809524
202606241623,gravity,ball->ball,388,578,0.671280276816609,1281,True,431.1657434710614,
202606241623,gravity,ball->position,65,578,0.11245674740484429,1281,True,431.1657434710614,
202606241623,gravity,position->ball,65,578,0.11245674740484429,1281,True,431.1657434710614,
202606241623,gravity,position->position,60,578,0.10380622837370242,1281,True,431.1657434710614,
202606241623,zero_gravity,ball->ball,442,703,0.6287339971550497,1281,True,431.1657434710614,0.5909090909090908
202606241623,zero_gravity,ball->position,93,703,0.13229018492176386,1281,True,431.1657434710614,0.5909090909090908
202606241623,zero_gravity,position->ball,93,703,0.13229018492176386,1281,True,431.1657434710614,0.5909090909090908
202606241623,zero_gravity,position->position,75,703,0.10668563300142248,1281,True,431.1657434710614,0.5909090909090908
202606251616,gravity,ball->ball,399,613,0.6508972267536705,1345,True,431.1657434710614,0.506993006993007
202606251616,gravity,ball->position,56,613,0.09135399673735727,1345,True,431.1657434710614,0.506993006993007
202606251616,gravity,position->ball,56,613,0.09135399673735727,1345,True,431.1657434710614,0.506993006993007
202606251616,gravity,position->position,102,613,0.16639477977161501,1345,True,431.1657434710614,0.506993006993007
202606251616,zero_gravity,ball->ball,411,732,0.5614754098360656,1345,True,431.1657434710614,0.4722222222222222
202606251616,zero_gravity,ball->position,99,732,0.13524590163934427,1345,True,431.1657434710614,0.4722222222222222
202606251616,zero_gravity,position->ball,99,732,0.13524590163934427,1345,True,431.1657434710614,0.4722222222222222
202606251616,zero_gravity,position->position,123,732,0.1680327868852459,1345,True,431.1657434710614,0.4722222222222222
202606260938,gravity,ball->ball,448,595,0.7529411764705882,1229,True,431.1657434710614,0.6416666666666667
202606260938,gravity,ball->position,42,595,0.07058823529411765,1229,True,431.1657434710614,0.6416666666666667
202606260938,gravity,position->ball,42,595,0.07058823529411765,1229,True,431.1657434710614,0.6416666666666667
202606260938,gravity,position->position,63,595,0.10588235294117647,1229,True,431.1657434710614,0.6416666666666667
202606260938,zero_gravity,ball->ball,402,634,0.6340694006309149,1229,True,431.1657434710614,0.7109375
202606260938,zero_gravity,ball->position,59,634,0.09305993690851735,1229,True,431.1657434710614,0.7109375
202606260938,zero_gravity,position->ball,59,634,0.09305993690851735,1229,True,431.1657434710614,0.7109375
202606260938,zero_gravity,position->position,114,634,0.17981072555205047,1229,True,431.1657434710614,0.7109375
202606271424,gravity,ball->ball,509,552,0.9221014492753623,1148,True,431.1657434710614,0.625
202606271424,gravity,ball->position,20,552,0.036231884057971016,1148,True,431.1657434710614,0.625
202606271424,gravity,position->ball,20,552,0.036231884057971016,1148,True,431.1657434710614,0.625
202606271424,gravity,position->position,3,552,0.005434782608695652,1148,True,431.1657434710614,0.625
202606271424,zero_gravity,ball->ball,285,596,0.47818791946308725,1148,True,431.1657434710614,0.4732142857142857
202606271424,zero_gravity,ball->position,87,596,0.14597315436241612,1148,True,431.1657434710614,0.4732142857142857
202606271424,zero_gravity,position->ball,87,596,0.14597315436241612,1148,True,431.1657434710614,0.4732142857142857
202606271424,zero_gravity,position->position,137,596,0.22986577181208054,1148,True,431.1657434710614,0.4732142857142857
202606291609,gravity,ball->ball,376,487,0.7720739219712526,978,True,431.1657434710614,0.5857142857142856
202606291609,gravity,ball->position,39,487,0.08008213552361396,978,True,431.1657434710614,0.5857142857142856
202606291609,gravity,position->ball,39,487,0.08008213552361396,978,True,431.1657434710614,0.5857142857142856
202606291609,gravity,position->position,33,487,0.06776180698151951,978,True,431.1657434710614,0.5857142857142856
202606291609,zero_gravity,ball->ball,291,491,0.5926680244399185,978,True,431.1657434710614,0.5136054421768708
202606291609,zero_gravity,ball->position,51,491,0.10386965376782077,978,True,431.1657434710614,0.5136054421768708
202606291609,zero_gravity,position->ball,51,491,0.10386965376782077,978,True,431.1657434710614,0.5136054421768708
202606291609,zero_gravity,position->position,98,491,0.19959266802443992,978,True,431.1657434710614,0.5136054421768708
202606301005,gravity,ball->ball,294,409,0.7188264058679706,949,True,431.1657434710614,0.5335968379446641
202606301005,gravity,ball->position,42,409,0.10268948655256724,949,True,431.1657434710614,0.5335968379446641
202606301005,gravity,position->ball,41,409,0.10024449877750612,949,True,431.1657434710614,0.5335968379446641
202606301005,gravity,position->position,32,409,0.07823960880195599,949,True,431.1657434710614,0.5335968379446641
202606301005,zero_gravity,ball->ball,346,540,0.6407407407407407,949,True,431.1657434710614,0.4556650246305418
202606301005,zero_gravity,ball->position,74,540,0.13703703703703704,949,True,431.1657434710614,0.4556650246305418
202606301005,zero_gravity,position->ball,74,540,0.13703703703703704,949,True,431.1657434710614,0.4556650246305418
202606301005,zero_gravity,position->position,46,540,0.08518518518518518,949,True,431.1657434710614,0.4556650246305418
202606301410,gravity,ball->ball,431,511,0.8434442270058709,953,True,431.1657434710614,0.55
202606301410,gravity,ball->position,37,511,0.07240704500978473,953,True,431.1657434710614,0.55
202606301410,gravity,position->ball,37,511,0.07240704500978473,953,True,431.1657434710614,0.55
202606301410,gravity,position->position,6,511,0.011741682974559686,953,True,431.1657434710614,0.55
202606301410,zero_gravity,ball->ball,215,442,0.48642533936651583,953,True,431.1657434710614,0.5384615384615384
202606301410,zero_gravity,ball->position,67,442,0.1515837104072398,953,True,431.1657434710614,0.5384615384615384
202606301410,zero_gravity,position->ball,67,442,0.1515837104072398,953,True,431.1657434710614,0.5384615384615384
202606301410,zero_gravity,position->position,93,442,0.21040723981900453,953,True,431.1657434710614,0.5384615384615384
202606301635,gravity,ball->ball,534,625,0.8544,1192,True,431.1657434710614,0.5740740740740741
202606301635,gravity,ball->position,38,625,0.0608,1192,True,431.1657434710614,0.5740740740740741
202606301635,gravity,position->ball,38,625,0.0608,1192,True,431.1657434710614,0.5740740740740741
202606301635,gravity,position->position,15,625,0.024,1192,True,431.1657434710614,0.5740740740740741
202606301635,zero_gravity,ball->ball,497,567,0.8765432098765432,1192,True,431.1657434710614,0.6979166666666667
202606301635,zero_gravity,ball->position,27,567,0.047619047619047616,1192,True,431.1657434710614,0.6979166666666667
202606301635,zero_gravity,position->ball,27,567,0.047619047619047616,1192,True,431.1657434710614,0.6979166666666667
202606301635,zero_gravity,position->position,16,567,0.02821869488536155,1192,True,431.1657434710614,0.6979166666666667
202607011009,gravity,ball->ball,331,448,0.7388392857142857,969,True,431.1657434710614,0.6357142857142857
202607011009,gravity,ball->position,57,448,0.12723214285714285,969,True,431.1657434710614,0.6357142857142857
202607011009,gravity,position->ball,58,448,0.12946428571428573,969,True,431.1657434710614,0.6357142857142857
202607011009,gravity,position->position,2,448,0.004464285714285714,969,True,431.1657434710614,0.6357142857142857
202607011009,zero_gravity,ball->ball,319,521,0.6122840690978887,969,True,431.1657434710614,0.5228070175438597
202607011009,zero_gravity,ball->position,74,521,0.1420345489443378,969,True,431.1657434710614,0.5228070175438597
202607011009,zero_gravity,position->ball,74,521,0.1420345489443378,969,True,431.1657434710614,0.5228070175438597
202607011009,zero_gravity,position->position,54,521,0.1036468330134357,969,True,431.1657434710614,0.5228070175438597
202607011417,gravity,ball->ball,441,552,0.7989130434782609,1026,True,431.1657434710614,0.5373376623376622
202607011417,gravity,ball->position,44,552,0.07971014492753623,1026,True,431.1657434710614,0.5373376623376622
202607011417,gravity,position->ball,44,552,0.07971014492753623,1026,True,431.1657434710614,0.5373376623376622
202607011417,gravity,position->position,23,552,0.041666666666666664,1026,True,431.1657434710614,0.5373376623376622
202607011417,zero_gravity,ball->ball,297,474,0.6265822784810127,1026,True,431.1657434710614,0.5909090909090909
202607011417,zero_gravity,ball->position,47,474,0.09915611814345991,1026,True,431.1657434710614,0.5909090909090909
202607011417,zero_gravity,position->ball,48,474,0.10126582278481013,1026,True,431.1657434710614,0.5909090909090909
202607011417,zero_gravity,position->position,82,474,0.1729957805907173,1026,True,431.1657434710614,0.5909090909090909
202607011950,gravity,ball->ball,473,598,0.7909698996655519,1302,True,431.1657434710614,0.5791666666666666
202607011950,gravity,ball->position,50,598,0.08361204013377926,1302,True,431.1657434710614,0.5791666666666666
202607011950,gravity,position->ball,50,598,0.08361204013377926,1302,True,431.1657434710614,0.5791666666666666
202607011950,gravity,position->position,25,598,0.04180602006688963,1302,True,431.1657434710614,0.5791666666666666
202607011950,zero_gravity,ball->ball,471,704,0.6690340909090909,1302,True,431.1657434710614,0.5886363636363636
202607011950,zero_gravity,ball->position,78,704,0.11079545454545454,1302,True,431.1657434710614,0.5886363636363636
202607011950,zero_gravity,position->ball,78,704,0.11079545454545454,1302,True,431.1657434710614,0.5886363636363636
202607011950,zero_gravity,position->position,77,704,0.109375,1302,True,431.1657434710614,0.5886363636363636
202607021616,gravity,ball->ball,509,680,0.7485294117647059,1287,True,431.1657434710614,0.43750000000000006
202607021616,gravity,ball->position,48,680,0.07058823529411765,1287,True,431.1657434710614,0.43750000000000006
202607021616,gravity,position->ball,48,680,0.07058823529411765,1287,True,431.1657434710614,0.43750000000000006
202607021616,gravity,position->position,75,680,0.11029411764705882,1287,True,431.1657434710614,0.43750000000000006
202607021616,zero_gravity,ball->ball,315,607,0.5189456342668863,1287,True,431.1657434710614,0.5046296296296297
202607021616,zero_gravity,ball->position,82,607,0.13509060955518945,1287,True,431.1657434710614,0.5046296296296297
202607021616,zero_gravity,position->ball,82,607,0.13509060955518945,1287,True,431.1657434710614,0.5046296296296297
202607021616,zero_gravity,position->position,128,607,0.21087314662273476,1287,True,431.1657434710614,0.5046296296296297
202607031029,gravity,ball->ball,482,627,0.7687400318979266,1352,True,431.1657434710614,0.46717171717171724
202607031029,gravity,ball->position,50,627,0.07974481658692185,1352,True,431.1657434710614,0.46717171717171724
202607031029,gravity,position->ball,50,627,0.07974481658692185,1352,True,431.1657434710614,0.46717171717171724
202607031029,gravity,position->position,45,627,0.07177033492822966,1352,True,431.1657434710614,0.46717171717171724
202607031029,zero_gravity,ball->ball,591,725,0.8151724137931035,1352,True,431.1657434710614,0.44375000000000003
202607031029,zero_gravity,ball->position,49,725,0.06758620689655172,1352,True,431.1657434710614,0.44375000000000003
202607031029,zero_gravity,position->ball,49,725,0.06758620689655172,1352,True,431.1657434710614,0.44375000000000003
202607031029,zero_gravity,position->position,36,725,0.0496551724137931,1352,True,431.1657434710614,0.44375000000000003
202607031621,gravity,ball->ball,357,436,0.8188073394495413,931,True,431.1657434710614,1.0
202607031621,gravity,ball->position,34,436,0.0779816513761468,931,True,431.1657434710614,1.0
202607031621,gravity,position->ball,34,436,0.0779816513761468,931,True,431.1657434710614,1.0
202607031621,gravity,position->position,11,436,0.02522935779816514,931,True,431.1657434710614,1.0
202607031621,zero_gravity,ball->ball,291,495,0.5878787878787879,931,True,431.1657434710614,0.7879256965944272
202607031621,zero_gravity,ball->position,63,495,0.12727272727272726,931,True,431.1657434710614,0.7879256965944272
202607031621,zero_gravity,position->ball,63,495,0.12727272727272726,931,True,431.1657434710614,0.7879256965944272
202607031621,zero_gravity,position->position,78,495,0.15757575757575756,931,True,431.1657434710614,0.7879256965944272
202607061414,gravity,ball->ball,487,587,0.8296422487223168,1018,True,431.1657434710614,
202607061414,gravity,ball->position,38,587,0.06473594548551959,1018,True,431.1657434710614,
202607061414,gravity,position->ball,38,587,0.06473594548551959,1018,True,431.1657434710614,
202607061414,gravity,position->position,24,587,0.04088586030664395,1018,True,431.1657434710614,
202607061414,zero_gravity,ball->ball,313,431,0.7262180974477959,1018,True,431.1657434710614,0.608359133126935
202607061414,zero_gravity,ball->position,36,431,0.08352668213457076,1018,True,431.1657434710614,0.608359133126935
202607061414,zero_gravity,position->ball,36,431,0.08352668213457076,1018,True,431.1657434710614,0.608359133126935
202607061414,zero_gravity,position->position,46,431,0.10672853828306264,1018,True,431.1657434710614,0.608359133126935
202607061949,gravity,ball->ball,485,658,0.7370820668693009,1285,True,431.1657434710614,0.7266666666666667
202607061949,gravity,ball->position,54,658,0.08206686930091185,1285,True,431.1657434710614,0.7266666666666667
202607061949,gravity,position->ball,54,658,0.08206686930091185,1285,True,431.1657434710614,0.7266666666666667
202607061949,gravity,position->position,65,658,0.09878419452887538,1285,True,431.1657434710614,0.7266666666666667
202607061949,zero_gravity,ball->ball,360,627,0.5741626794258373,1285,True,431.1657434710614,0.47101449275362317
202607061949,zero_gravity,ball->position,64,627,0.10207336523125997,1285,True,431.1657434710614,0.47101449275362317
202607061949,zero_gravity,position->ball,64,627,0.10207336523125997,1285,True,431.1657434710614,0.47101449275362317
202607061949,zero_gravity,position->position,139,627,0.22169059011164274,1285,True,431.1657434710614,0.47101449275362317
