subject,condition,n_samples,non_gap_samples,non_gap_coverage,recognized_aoi_samples,sample_interval_s,fixation_events,condition_primary_pass,condition_pass_40,condition_pass_60,eye_included,conditions,min_coverage,total_events,eye_included_40,eye_included_60
202511171004,gravity,14916,12464.0,0.8356127648163046,11753.0,0.0166666666669925,586.0,True,True,True,True,2,0.8334108887854816,1155.0,True,True
202511171004,zero_gravity,15043,12537.0,0.8334108887854816,12113.0,0.0166666666669925,569.0,True,True,True,True,2,0.8334108887854816,1155.0,True,True
202511171621,gravity,14484,14101.0,0.9735570284451808,13687.0,0.0166666666669925,590.0,True,True,True,True,2,0.9735570284451808,1251.0,True,True
202511171621,zero_gravity,15298,15014.0,0.981435481762322,14673.0,0.0166666666669925,661.0,True,True,True,True,2,0.9735570284451808,1251.0,True,True
202511181005,gravity,12758,11955.0,0.9370591001724408,10230.0,0.0166666666669925,348.0,True,True,True,True,2,0.9370591001724408,772.0,True,True
202511181005,zero_gravity,14601,13826.0,0.9469214437367304,12179.0,0.0166666666669925,424.0,True,True,True,True,2,0.9370591001724408,772.0,True,True
202511181030,gravity,30176,27262.0,0.9034331919406152,19115.0,0.0166666666669925,786.0,True,True,True,True,2,0.9034331919406152,1254.0,True,True
202511181030,zero_gravity,15272,15021.0,0.983564693556836,11028.0,0.0166666666669925,468.0,True,True,True,True,2,0.9034331919406152,1254.0,True,True
202511181442,gravity,14825,11503.0,0.7759190556492411,8881.0,0.0166666666669925,449.0,True,True,True,True,2,0.7513103919781221,1001.0,True,True
202511181442,zero_gravity,17552,13187.0,0.7513103919781221,10997.0,0.0166666666669925,552.0,True,True,True,True,2,0.7513103919781221,1001.0,True,True
202511181445,gravity,15815,15480.0,0.9788175782484982,11925.0,0.0166666666669925,506.0,True,True,True,True,2,0.9724276225090864,1016.0,True,True
202511181445,zero_gravity,15958,15518.0,0.9724276225090864,12306.0,0.0166666666669925,510.0,True,True,True,True,2,0.9724276225090864,1016.0,True,True
202511181455,gravity,7325,7043.0,0.9615017064846416,6175.0,0.0333333333330188,223.0,True,True,True,True,2,0.9615017064846416,475.0,True,True
202511181455,zero_gravity,7420,7184.0,0.9681940700808626,6273.0,0.0333333333330188,252.0,True,True,True,True,2,0.9615017064846416,475.0,True,True
202511181644,gravity,15919,15317.0,0.962183554243357,10588.0,0.0166666666669925,474.0,True,True,True,True,2,0.962183554243357,983.0,True,True
202511181644,zero_gravity,15510,14947.0,0.9637008381689232,11863.0,0.0166666666669925,509.0,True,True,True,True,2,0.962183554243357,983.0,True,True
202511181645,gravity,7157,6090.0,0.8509151879279028,4419.0,0.0333333333330188,325.0,True,True,True,True,2,0.8272818961169944,670.0,True,True
202511181645,zero_gravity,7932,6562.0,0.8272818961169944,4873.0,0.0333333333330188,345.0,True,True,True,True,2,0.8272818961169944,670.0,True,True
202511190941,gravity,14710,13813.0,0.9390210740992522,10998.0,0.0166666666669925,501.0,True,True,True,True,2,0.9183841193576938,1016.0,True,True
202511190941,zero_gravity,15818,14527.0,0.9183841193576938,11316.0,0.0166666666669925,515.0,True,True,True,True,2,0.9183841193576938,1016.0,True,True
202511191004,gravity,15285,14311.0,0.9362773961400064,10395.0,0.0166666666669925,384.0,True,True,True,True,2,0.9248882265275707,826.0,True,True
202511191004,zero_gravity,16775,15515.0,0.9248882265275707,11403.0,0.0166666666669925,442.0,True,True,True,True,2,0.9248882265275707,826.0,True,True
202511191420,gravity,16725,15843.0,0.9472645739910314,12685.0,0.0166666666669925,529.0,True,True,True,True,2,0.9401899124429646,999.0,True,True
202511191420,zero_gravity,16218,15248.0,0.9401899124429646,9928.0,0.0166666666669925,470.0,True,True,True,True,2,0.9401899124429646,999.0,True,True
202511191423,gravity,6445,5497.0,0.8529092319627618,5473.0,0.0333333333330188,278.0,True,True,True,True,2,0.6958424507658644,583.0,True,True
202511191423,zero_gravity,6855,4770.0,0.6958424507658644,4878.0,0.0333333333330188,305.0,True,True,True,True,2,0.6958424507658644,583.0,True,True
202511191614,gravity,7253,6322.0,0.8716393216600028,5623.0,0.0333333333330188,334.0,True,True,True,True,2,0.6265291436795395,569.0,True,True
202511191614,zero_gravity,8338,5224.0,0.6265291436795395,3282.0,0.0333333333330188,235.0,True,True,True,True,2,0.6265291436795395,569.0,True,True
202511191626,gravity,15674,13328.0,0.8503253796095445,10934.0,0.0166666666669925,433.0,True,True,True,True,2,0.8461069210292813,977.0,True,True
202511191626,zero_gravity,18032,15257.0,0.8461069210292813,12226.0,0.0166666666669925,544.0,True,True,True,True,2,0.8461069210292813,977.0,True,True
202511200929,gravity,12858,12548.0,0.9758904961891428,12145.0,0.0166666666669925,502.0,True,True,True,True,2,0.9758904961891428,1068.0,True,True
202511200929,zero_gravity,14576,14256.0,0.9780461031833152,13031.0,0.0166666666669925,566.0,True,True,True,True,2,0.9758904961891428,1068.0,True,True
202511201004,gravity,6974,6482.0,0.9294522512188128,6091.0,0.0333333333330188,460.0,True,True,True,True,2,0.9294522512188128,880.0,True,True
202511201004,zero_gravity,7244,6779.0,0.9358089453340696,6744.0,0.0333333333330188,420.0,True,True,True,True,2,0.9294522512188128,880.0,True,True
202511201020,gravity,13965,12729.0,0.9114930182599356,11494.0,0.0166666666669925,464.0,True,True,True,True,2,0.901618078787465,908.0,True,True
202511201020,zero_gravity,14647,13206.0,0.901618078787465,11900.0,0.0166666666669925,444.0,True,True,True,True,2,0.901618078787465,908.0,True,True
202511201417,gravity,12626,12383.0,0.9807539996831934,11075.0,0.0166666666669925,416.0,True,True,True,True,2,0.9807539996831934,893.0,True,True
202511201417,zero_gravity,14175,13916.0,0.9817283950617284,13144.0,0.0166666666669925,477.0,True,True,True,True,2,0.9807539996831934,893.0,True,True
202511201419,gravity,16546,14401.0,0.8703614166565937,12895.0,0.0166666666669925,495.0,True,True,True,True,2,0.8528481993429616,1009.0,True,True
202511201419,zero_gravity,16133,13759.0,0.8528481993429616,12842.0,0.0166666666669925,514.0,True,True,True,True,2,0.8528481993429616,1009.0,True,True
202511201440,gravity,8113,3287.0,0.405152224824356,1612.0,0.0333333333330756,136.0,False,True,False,False,2,0.1839209521670783,151.0,False,False
202511201440,zero_gravity,8906,1638.0,0.1839209521670783,131.0,0.0333333333330756,15.0,False,False,False,False,2,0.1839209521670783,151.0,False,False
202511201634,gravity,8480,0.0,0.0,0.0,0.0333333333330188,0.0,False,False,False,False,2,0.0,0.0,False,False
202511201634,zero_gravity,8456,0.0,0.0,0.0,0.0333333333330188,0.0,False,False,False,False,2,0.0,0.0,False,False
202511201635,gravity,17939,17297.0,0.9642120519538436,11425.0,0.0166666666669925,523.0,True,True,True,True,2,0.9642120519538436,935.0,True,True
202511201635,zero_gravity,14257,13844.0,0.9710317738654696,9543.0,0.0166666666669925,412.0,True,True,True,True,2,0.9642120519538436,935.0,True,True
202511201640,gravity,14149,11184.0,0.7904445543854689,8636.0,0.0166666666669925,443.0,True,True,True,True,2,0.7493622913781794,885.0,True,True
202511201640,zero_gravity,13721,10282.0,0.7493622913781794,8705.0,0.0166666666669925,442.0,True,True,True,True,2,0.7493622913781794,885.0,True,True
202511210958,gravity,18632,17043.0,0.9147166165736368,13877.0,0.0166666666669925,500.0,True,True,True,True,2,0.9147166165736368,1048.0,True,True
202511210958,zero_gravity,19637,18930.0,0.963996537149259,16590.0,0.0166666666669925,548.0,True,True,True,True,2,0.9147166165736368,1048.0,True,True
202511211007,gravity,14172,11903.0,0.8398955687270675,8857.0,0.0166666666669925,465.0,True,True,True,True,2,0.816096348690499,942.0,True,True
202511211007,zero_gravity,15693,12807.0,0.816096348690499,8801.0,0.0166666666669925,477.0,True,True,True,True,2,0.816096348690499,942.0,True,True
202511211421,gravity,15392,13616.0,0.8846153846153846,11885.0,0.0166666666669925,587.0,True,True,True,True,2,0.8846153846153846,1135.0,True,True
202511211421,zero_gravity,14625,13294.0,0.908991452991453,11274.0,0.0166666666669925,548.0,True,True,True,True,2,0.8846153846153846,1135.0,True,True
202511211426,gravity,15781,14443.0,0.9152144984475,10836.0,0.0166666666669925,555.0,True,True,True,True,2,0.9152144984475,1086.0,True,True
202511211426,zero_gravity,15415,14276.0,0.92611093091145,10782.0,0.0166666666669925,531.0,True,True,True,True,2,0.9152144984475,1086.0,True,True
202511211457,gravity,6759,5534.0,0.8187601716230212,3081.0,0.0333333333330188,254.0,True,True,True,True,2,0.8187601716230212,644.0,True,True
202511211457,zero_gravity,7482,6634.0,0.8866613205025394,5082.0,0.0333333333330188,390.0,True,True,True,True,2,0.8187601716230212,644.0,True,True
202511211610,gravity,14515,13810.0,0.9514295556321049,8127.0,0.0166666666669925,459.0,True,True,True,True,2,0.939860507961574,833.0,True,True
202511211610,zero_gravity,15198,14284.0,0.939860507961574,6745.0,0.0166666666669925,374.0,True,True,True,True,2,0.939860507961574,833.0,True,True
202511211621,gravity,15703,14340.0,0.9132012991148188,10953.0,0.0166666666669925,454.0,True,True,True,True,2,0.9132012991148188,945.0,True,True
202511211621,zero_gravity,16041,14823.0,0.9240695717224612,11288.0,0.0166666666669925,491.0,True,True,True,True,2,0.9132012991148188,945.0,True,True
202511241029,gravity,14432,13975.0,0.9683342572062084,11766.0,0.0166666666669925,485.0,True,True,True,True,2,0.9683342572062084,1011.0,True,True
202511241029,zero_gravity,14986,14699.0,0.980848792206059,13147.0,0.0166666666669925,526.0,True,True,True,True,2,0.9683342572062084,1011.0,True,True
202511241622,gravity,13454,12843.0,0.9545859967295972,10118.0,0.0166666666669925,488.0,True,True,True,True,2,0.9545859967295972,1001.0,True,True
202511241622,zero_gravity,14101,13522.0,0.9589390823345862,11009.0,0.0166666666669925,513.0,True,True,True,True,2,0.9545859967295972,1001.0,True,True
202511241649,gravity,14467,13864.0,0.9583189327434852,10941.0,0.0166666666669925,561.0,True,True,True,True,2,0.935504745470233,1095.0,True,True
202511241649,zero_gravity,13908,13011.0,0.935504745470233,10491.0,0.0166666666669925,534.0,True,True,True,True,2,0.935504745470233,1095.0,True,True
202511250951,gravity,13334,12210.0,0.9157042147892606,9784.0,0.0166666666669925,512.0,True,True,True,True,2,0.9054483625341908,1002.0,True,True
202511250951,zero_gravity,13527,12248.0,0.9054483625341908,10078.0,0.0166666666669925,490.0,True,True,True,True,2,0.9054483625341908,1002.0,True,True
202511250957,gravity,14253,13823.0,0.9698309127902898,11809.0,0.0166666666669925,388.0,True,True,True,True,2,0.9656094527363184,897.0,True,True
202511250957,zero_gravity,16080,15527.0,0.9656094527363184,13893.0,0.0166666666669925,509.0,True,True,True,True,2,0.9656094527363184,897.0,True,True
202511251431,gravity,16042,14511.0,0.904563022067074,12962.0,0.0166666666669925,631.0,True,True,True,True,2,0.8901390166062638,1347.0,True,True
202511251431,zero_gravity,18487,16456.0,0.8901390166062638,14459.0,0.0166666666669925,716.0,True,True,True,True,2,0.8901390166062638,1347.0,True,True
202511251439,gravity,12865,12139.0,0.94356781966576,10794.0,0.0166666666669925,425.0,True,True,True,True,2,0.9389419544452609,831.0,True,True
202511251439,zero_gravity,13610,12779.0,0.9389419544452609,11229.0,0.0166666666669925,406.0,True,True,True,True,2,0.9389419544452609,831.0,True,True
202511251628,gravity,19291,17387.0,0.9013011248768856,14455.0,0.0166666666669925,688.0,True,True,True,True,2,0.9013011248768856,1308.0,True,True
202511251628,zero_gravity,17439,16033.0,0.9193761110155398,12922.0,0.0166666666669925,620.0,True,True,True,True,2,0.9013011248768856,1308.0,True,True
202511251659,gravity,15013,14631.0,0.9745553853327116,12217.0,0.0166666666669925,681.0,True,True,True,True,2,0.9701904136572554,1398.0,True,True
202511251659,zero_gravity,15230,14776.0,0.9701904136572554,12763.0,0.0166666666669925,717.0,True,True,True,True,2,0.9701904136572554,1398.0,True,True
202511260959,gravity,14714,13322.0,0.9053962212858502,9303.0,0.0166666666669925,485.0,True,True,True,True,2,0.8967575634242301,922.0,True,True
202511260959,zero_gravity,14742,13220.0,0.8967575634242301,8554.0,0.0166666666669925,437.0,True,True,True,True,2,0.8967575634242301,922.0,True,True
202511261442,gravity,13555,11705.0,0.8635189966801918,7882.0,0.0166666666669925,367.0,True,True,True,True,2,0.8614449509600773,729.0,True,True
202511261442,zero_gravity,14478,12472.0,0.8614449509600773,7801.0,0.0166666666669925,362.0,True,True,True,True,2,0.8614449509600773,729.0,True,True
202511261447,gravity,14505,13048.0,0.8995518786625302,10043.0,0.0166666666669925,443.0,True,True,True,True,2,0.8677599212856675,925.0,True,True
202511261447,zero_gravity,15245,13229.0,0.8677599212856675,10403.0,0.0166666666669925,482.0,True,True,True,True,2,0.8677599212856675,925.0,True,True
202511261624,gravity,14031,13622.0,0.9708502601382653,10423.0,0.0166666666669925,442.0,True,True,True,True,2,0.9614647647434532,903.0,True,True
202511261624,zero_gravity,14091,13548.0,0.9614647647434532,10564.0,0.0166666666669925,461.0,True,True,True,True,2,0.9614647647434532,903.0,True,True
202511261626,gravity,6602,6412.0,0.9712208421690396,5674.0,0.0333333333330188,268.0,True,True,True,True,2,0.9712208421690396,539.0,True,True
202511261626,zero_gravity,6737,6588.0,0.977883330859433,6063.0,0.0333333333330188,271.0,True,True,True,True,2,0.9712208421690396,539.0,True,True
202511261627,gravity,14142,13093.0,0.9258237873002404,10550.0,0.0166666666669925,548.0,True,True,True,True,2,0.9112821988775364,1094.0,True,True
202511261627,zero_gravity,13898,12665.0,0.9112821988775364,10551.0,0.0166666666669925,546.0,True,True,True,True,2,0.9112821988775364,1094.0,True,True
202511271030,gravity,14219,13571.0,0.9544271749068148,9541.0,0.0166666666669925,567.0,True,True,True,True,2,0.922356406480118,1316.0,True,True
202511271030,zero_gravity,16975,15657.0,0.922356406480118,12105.0,0.0166666666669925,749.0,True,True,True,True,2,0.922356406480118,1316.0,True,True
202511271033,gravity,6394,4692.0,0.7338129496402878,3985.0,0.0333333333330188,252.0,True,True,True,True,2,0.7338129496402878,590.0,True,True
202511271033,zero_gravity,8037,6548.0,0.8147318651238025,4576.0,0.0333333333330188,338.0,True,True,True,True,2,0.7338129496402878,590.0,True,True
202511271431,gravity,14509,12763.0,0.8796609001309532,7794.0,0.0166666666669925,374.0,True,True,True,True,2,0.8796609001309532,705.0,True,True
202511271431,zero_gravity,14775,13010.0,0.8805414551607444,6704.0,0.0166666666669925,331.0,True,True,True,True,2,0.8796609001309532,705.0,True,True
202511271434,gravity,13968,13043.0,0.9337772050400917,12372.0,0.0166666666669925,616.0,True,True,True,True,2,0.9337772050400917,1280.0,True,True
202511271434,zero_gravity,14456,13830.0,0.9566961815163254,13056.0,0.0166666666669925,664.0,True,True,True,True,2,0.9337772050400917,1280.0,True,True
202511271621,gravity,11607,10779.0,0.9286637373998448,10269.0,0.0166666666669925,337.0,True,True,True,True,2,0.9249851895734598,762.0,True,True
202511271621,zero_gravity,13504,12491.0,0.9249851895734598,11753.0,0.0166666666669925,425.0,True,True,True,True,2,0.9249851895734598,762.0,True,True
202511271638,gravity,13925,13635.0,0.9791741472172352,13028.0,0.0166666666669925,569.0,True,True,True,True,2,0.9791741472172352,1132.0,True,True
202511271638,zero_gravity,13914,13685.0,0.9835417565042404,13525.0,0.0166666666669925,563.0,True,True,True,True,2,0.9791741472172352,1132.0,True,True
202511281023,gravity,12329,11233.0,0.911103901370752,10197.0,0.0166666666669925,550.0,True,True,True,True,2,0.911103901370752,1156.0,True,True
202511281023,zero_gravity,13036,11896.0,0.9125498619208346,10975.0,0.0166666666669925,606.0,True,True,True,True,2,0.911103901370752,1156.0,True,True
202511281031,gravity,14084,12371.0,0.8783726214143709,9898.0,0.0166666666669925,516.0,True,True,True,True,2,0.8783726214143709,1130.0,True,True
202511281031,zero_gravity,17078,15079.0,0.8829488230471952,11280.0,0.0166666666669925,614.0,True,True,True,True,2,0.8783726214143709,1130.0,True,True
202511281419,gravity,12789,11694.0,0.9143795449214168,9142.0,0.0166666666669925,447.0,True,True,True,True,2,0.9122766658998545,829.0,True,True
202511281419,zero_gravity,13041,11897.0,0.9122766658998545,8093.0,0.0166666666669925,382.0,True,True,True,True,2,0.9122766658998545,829.0,True,True
202511281437,gravity,14361,13629.0,0.9490286191769376,12110.0,0.0166666666669925,457.0,True,True,True,True,2,0.9490286191769376,928.0,True,True
202511281437,zero_gravity,14924,14169.0,0.9494103457518092,12107.0,0.0166666666669925,471.0,True,True,True,True,2,0.9490286191769376,928.0,True,True
202511281438,gravity,7435,6339.0,0.8525891055817081,3819.0,0.0333333333330188,319.0,True,True,True,True,2,0.8486576383939178,671.0,True,True
202511281438,zero_gravity,8418,7144.0,0.8486576383939178,4129.0,0.0333333333330188,352.0,True,True,True,True,2,0.8486576383939178,671.0,True,True
202511281621,gravity,17334,9650.0,0.5567093573324103,3210.0,0.0166666666669925,184.0,True,True,False,False,2,0.3456798968333572,229.0,False,False
202511281621,zero_gravity,13958,4825.0,0.3456798968333572,750.0,0.0166666666669925,45.0,False,False,False,False,2,0.3456798968333572,229.0,False,False
202511281630,gravity,14020,13697.0,0.9769614835948645,10670.0,0.0166666666669925,523.0,True,True,True,True,2,0.9740862792091072,1030.0,True,True
202511281630,zero_gravity,13352,13006.0,0.9740862792091072,10466.0,0.0166666666669925,507.0,True,True,True,True,2,0.9740862792091072,1030.0,True,True
202511281636,gravity,6798,41.0,0.0060311856428361,41.0,0.0333333333330188,4.0,False,False,False,False,2,0.0,4.0,False,False
202511281636,zero_gravity,7363,0.0,0.0,0.0,0.0333333333330188,0.0,False,False,False,False,2,0.0,4.0,False,False
202512011416,gravity,14359,12538.0,0.8731805836061007,11017.0,0.0166666666669925,534.0,True,True,True,True,2,0.8286052009456265,1096.0,True,True
202512011416,zero_gravity,15228,12618.0,0.8286052009456265,11200.0,0.0166666666669925,562.0,True,True,True,True,2,0.8286052009456265,1096.0,True,True
202512011436,gravity,14620,14254.0,0.9749658002735978,11222.0,0.0166666666669925,592.0,True,True,True,True,2,0.965782122905028,1142.0,True,True
202512011436,zero_gravity,15752,15213.0,0.965782122905028,11641.0,0.0166666666669925,550.0,True,True,True,True,2,0.965782122905028,1142.0,True,True
202512011444,gravity,6977,6010.0,0.8614017486025513,5347.0,0.0333333333330756,338.0,True,True,True,True,2,0.8614017486025513,751.0,True,True
202512011444,zero_gravity,8317,7360.0,0.884934471564266,6197.0,0.0333333333330756,413.0,True,True,True,True,2,0.8614017486025513,751.0,True,True
202512011612,gravity,12889,12222.0,0.9482504461168438,9434.0,0.0166666666669925,389.0,True,True,True,True,2,0.8877012152446395,866.0,True,True
202512011612,zero_gravity,15717,13952.0,0.8877012152446395,10952.0,0.0166666666669925,477.0,True,True,True,True,2,0.8877012152446395,866.0,True,True
202512011629,zero_gravity,833,757.0,0.9087635054021608,682.0,0.0166666666669925,42.0,True,True,True,False,1,0.9087635054021608,42.0,True,True
202512021035,gravity,13530,12862.0,0.9506282335550628,9046.0,0.0166666666669925,471.0,True,True,True,True,2,0.9290258730383149,868.0,True,True
202512021035,zero_gravity,14146,13142.0,0.9290258730383149,7739.0,0.0166666666669925,397.0,True,True,True,True,2,0.9290258730383149,868.0,True,True
202512021459,gravity,14936,13845.0,0.9269550080342795,11489.0,0.0166666666669925,580.0,True,True,True,True,2,0.9091301665638496,1161.0,True,True
202512021459,zero_gravity,16210,14737.0,0.9091301665638496,12546.0,0.0166666666669925,581.0,True,True,True,True,2,0.9091301665638496,1161.0,True,True
202512021644,gravity,9736,7882.0,0.8095727198027938,7065.0,0.0333333333330188,377.0,True,True,True,True,2,0.8095727198027938,595.0,True,True
202512021644,zero_gravity,6450,5512.0,0.8545736434108527,4643.0,0.0333333333330188,218.0,True,True,True,True,2,0.8095727198027938,595.0,True,True
202512021645,gravity,13824,10774.0,0.7793692129629629,10042.0,0.0166666666669925,553.0,True,True,True,True,2,0.7793692129629629,903.0,True,True
202512021645,zero_gravity,13790,11485.0,0.8328498912255258,6598.0,0.0166666666669925,350.0,True,True,True,True,2,0.7793692129629629,903.0,True,True
202512030944,gravity,6549,5796.0,0.8850206138341732,5305.0,0.0333333333330188,266.0,True,True,True,True,2,0.797460879834662,503.0,True,True
202512030944,zero_gravity,6774,5402.0,0.797460879834662,4854.0,0.0333333333330188,237.0,True,True,True,True,2,0.797460879834662,503.0,True,True
202512031019,gravity,12931,11318.0,0.8752610006960019,5027.0,0.0166666666669925,265.0,True,True,True,True,2,0.8752610006960019,446.0,True,True
202512031019,zero_gravity,13763,12125.0,0.8809852503087989,3397.0,0.0166666666669925,181.0,True,True,True,True,2,0.8752610006960019,446.0,True,True
202512031140,gravity,12325,11098.0,0.9004462474645031,8693.0,0.0166666666669925,336.0,True,True,True,True,2,0.9004462474645031,699.0,True,True
202512031140,zero_gravity,13073,11825.0,0.9045360667023636,9153.0,0.0166666666669925,363.0,True,True,True,True,2,0.9004462474645031,699.0,True,True
202512031412,gravity,7618,7126.0,0.935416119716461,5866.0,0.0333333333330188,298.0,True,True,True,True,2,0.9257362355953904,682.0,True,True
202512031412,zero_gravity,8591,7953.0,0.9257362355953904,6969.0,0.0333333333330188,384.0,True,True,True,True,2,0.9257362355953904,682.0,True,True
202512031441,gravity,14060,11386.0,0.8098150782361309,8882.0,0.0166666666669925,525.0,True,True,True,True,2,0.8098150782361309,1008.0,True,True
202512031441,zero_gravity,13551,11193.0,0.8259907017932256,8519.0,0.0166666666669925,483.0,True,True,True,True,2,0.8098150782361309,1008.0,True,True
202512031606,gravity,7803,6398.0,0.8199410483147508,5630.0,0.0333333333330188,355.0,True,True,True,True,2,0.7988293676040209,654.0,True,True
202512031606,zero_gravity,7859,6278.0,0.7988293676040209,4379.0,0.0333333333330188,299.0,True,True,True,True,2,0.7988293676040209,654.0,True,True
202512040951,gravity,6264,5819.0,0.9289591315453384,4697.0,0.0333333333330188,254.0,True,True,True,True,2,0.8465804066543438,539.0,True,True
202512040951,zero_gravity,7574,6412.0,0.8465804066543438,4889.0,0.0333333333330188,285.0,True,True,True,True,2,0.8465804066543438,539.0,True,True
202512041403,gravity,7239,6351.0,0.8773311230832987,5480.0,0.0333333333330188,316.0,True,True,True,True,2,0.8668211559432933,633.0,True,True
202512041403,zero_gravity,7336,6359.0,0.8668211559432933,5834.0,0.0333333333330188,317.0,True,True,True,True,2,0.8668211559432933,633.0,True,True
202512041433,gravity,14130,13049.0,0.9234961075725407,8830.0,0.0166666666669925,508.0,True,True,True,True,2,0.9234961075725407,1036.0,True,True
202512041433,zero_gravity,14241,13387.0,0.9400323011024506,9000.0,0.0166666666669925,528.0,True,True,True,True,2,0.9234961075725407,1036.0,True,True
202512041608,gravity,12796,12201.0,0.9535010940919038,11095.0,0.0166666666669925,477.0,True,True,True,True,2,0.9309290474323796,935.0,True,True
202512041608,zero_gravity,12755,11874.0,0.9309290474323796,11295.0,0.0166666666669925,458.0,True,True,True,True,2,0.9309290474323796,935.0,True,True
202512041624,gravity,7041,5954.0,0.8456185200965772,5125.0,0.0333333333330188,261.0,True,True,True,True,2,0.7936463703497283,559.0,True,True
202512041624,zero_gravity,7177,5696.0,0.7936463703497283,4947.0,0.0333333333330188,298.0,True,True,True,True,2,0.7936463703497283,559.0,True,True
202512041627,gravity,13849,13306.0,0.9607913928803524,11759.0,0.0166666666669925,543.0,True,True,True,True,2,0.9579601657532416,996.0,True,True
202512041627,zero_gravity,14962,14333.0,0.9579601657532416,10387.0,0.0166666666669925,453.0,True,True,True,True,2,0.9579601657532416,996.0,True,True
202512051006,gravity,14304,13846.0,0.9679809843400448,9861.0,0.0166666666669925,411.0,True,True,True,True,2,0.9679809843400448,827.0,True,True
202512051006,zero_gravity,15719,15389.0,0.9790062981105668,9730.0,0.0166666666669925,416.0,True,True,True,True,2,0.9679809843400448,827.0,True,True
202512051012,gravity,6634,5988.0,0.902622851974676,4676.0,0.0333333333330188,235.0,True,True,True,True,2,0.902622851974676,438.0,True,True
202512051012,zero_gravity,7005,6726.0,0.96017130620985,5449.0,0.0333333333330188,203.0,True,True,True,True,2,0.902622851974676,438.0,True,True
202512051458,gravity,13542,11096.0,0.8193767538029834,10855.0,0.0166666666669925,455.0,True,True,True,True,2,0.7926560958956073,867.0,True,True
202512051458,zero_gravity,13181,10448.0,0.7926560958956073,10214.0,0.0166666666669925,412.0,True,True,True,True,2,0.7926560958956073,867.0,True,True
202512051625,gravity,6874,6177.0,0.8986034332266511,5773.0,0.0333333333330188,336.0,True,True,True,True,2,0.8897882099015243,670.0,True,True
202512051625,zero_gravity,7413,6596.0,0.8897882099015243,6162.0,0.0333333333330188,334.0,True,True,True,True,2,0.8897882099015243,670.0,True,True
202512081052,gravity,13274,11197.0,0.8435287027271358,8265.0,0.0166666666669925,464.0,True,True,True,True,2,0.7896469180131658,771.0,True,True
202512081052,zero_gravity,16710,13195.0,0.7896469180131658,5132.0,0.0166666666669925,307.0,True,True,True,True,2,0.7896469180131658,771.0,True,True
202512081420,gravity,14361,13606.0,0.947427059396978,11206.0,0.0166666666669925,571.0,True,True,True,True,2,0.9136945276340864,1094.0,True,True
202512081420,zero_gravity,14692,13424.0,0.9136945276340864,11081.0,0.0166666666669925,523.0,True,True,True,True,2,0.9136945276340864,1094.0,True,True
202512081422,gravity,7313,6621.0,0.9053739915219472,5406.0,0.0333333333330188,310.0,True,True,True,True,2,0.9053739915219472,583.0,True,True
202512081422,zero_gravity,7610,6976.0,0.916688567674113,4606.0,0.0333333333330188,273.0,True,True,True,True,2,0.9053739915219472,583.0,True,True
202512081618,gravity,13121,12874.0,0.9811752153037115,11731.0,0.0166666666669925,569.0,True,True,True,True,2,0.9621416234887736,1176.0,True,True
202512081618,zero_gravity,14475,13927.0,0.9621416234887736,13179.0,0.0166666666669925,607.0,True,True,True,True,2,0.9621416234887736,1176.0,True,True
202512081629,gravity,6657,6216.0,0.9337539432176656,5593.0,0.0333333333330188,329.0,True,True,True,False,2,0.4770800211976682,533.0,True,False
202512081629,zero_gravity,7548,3601.0,0.4770800211976682,3167.0,0.0333333333330188,204.0,False,True,False,False,2,0.4770800211976682,533.0,True,False
202512081637,gravity,13941,13508.0,0.9689405351122587,11416.0,0.0166666666669925,357.0,True,True,True,True,2,0.9689405351122587,759.0,True,True
202512081637,zero_gravity,14003,13649.0,0.9747197029208028,12925.0,0.0166666666669925,402.0,True,True,True,True,2,0.9689405351122587,759.0,True,True
202512090949,gravity,15707,12662.0,0.806137390972178,9406.0,0.0166666666669925,534.0,True,True,True,True,2,0.7647222686500641,1139.0,True,True
202512090949,zero_gravity,17949,13726.0,0.7647222686500641,10039.0,0.0166666666669925,605.0,True,True,True,True,2,0.7647222686500641,1139.0,True,True
202512091002,gravity,7262,5457.0,0.7514458826769485,3953.0,0.0333333333330188,288.0,True,True,True,False,2,0.4119562000591891,429.0,True,False
202512091002,zero_gravity,6758,2784.0,0.4119562000591891,1669.0,0.0333333333330188,141.0,False,True,False,False,2,0.4119562000591891,429.0,True,False
202512091017,gravity,12961,12262.0,0.946068976159247,11016.0,0.0166666666669925,485.0,True,True,True,True,2,0.9427391211452176,913.0,True,True
202512091017,zero_gravity,14041,13237.0,0.9427391211452176,12006.0,0.0166666666669925,428.0,True,True,True,True,2,0.9427391211452176,913.0,True,True
202512091426,gravity,15986,13382.0,0.837107469035406,10790.0,0.0166666666669925,524.0,True,True,True,True,2,0.837107469035406,1078.0,True,True
202512091426,zero_gravity,16951,14299.0,0.8435490531532063,11358.0,0.0166666666669925,554.0,True,True,True,True,2,0.837107469035406,1078.0,True,True
202512091427,gravity,7278,6662.0,0.9153613630118164,4331.0,0.0333333333330188,289.0,True,True,True,True,2,0.9153613630118164,484.0,True,True
202512091427,zero_gravity,7034,6621.0,0.9412851862382712,2845.0,0.0333333333330188,195.0,True,True,True,True,2,0.9153613630118164,484.0,True,True
202512091436,gravity,14632,11363.0,0.7765855658829962,11207.0,0.0166666666669925,548.0,True,True,True,True,2,0.7339540657976412,1141.0,True,True
202512091436,zero_gravity,16110,11824.0,0.7339540657976412,11761.0,0.0166666666669925,593.0,True,True,True,True,2,0.7339540657976412,1141.0,True,True
202512091615,gravity,14703,13993.0,0.951710535264912,9997.0,0.0166666666669925,512.0,True,True,True,True,2,0.951710535264912,980.0,True,True
202512091615,zero_gravity,15101,14401.0,0.9536454539434476,8847.0,0.0166666666669925,468.0,True,True,True,True,2,0.951710535264912,980.0,True,True
202512091621,gravity,15536,14124.0,0.909114315139032,12412.0,0.0166666666669925,564.0,True,True,True,True,2,0.9054613935969869,1137.0,True,True
202512091621,zero_gravity,15930,14424.0,0.9054613935969869,12715.0,0.0166666666669925,573.0,True,True,True,True,2,0.9054613935969869,1137.0,True,True
202512091629,gravity,6866,5204.0,0.7579376638508593,3243.0,0.0333333333330188,256.0,True,True,True,True,2,0.7004029390850912,628.0,True,True
202512091629,zero_gravity,8438,5910.0,0.7004029390850912,5168.0,0.0333333333330188,372.0,True,True,True,True,2,0.7004029390850912,628.0,True,True
202512100952,gravity,12495,11548.0,0.9242096838735494,9006.0,0.0166666666669925,393.0,True,True,True,True,2,0.9107381136315752,834.0,True,True
202512100952,zero_gravity,14239,12968.0,0.9107381136315752,10335.0,0.0166666666669925,441.0,True,True,True,True,2,0.9107381136315752,834.0,True,True
202512101006,gravity,13952,12169.0,0.8722047018348624,10428.0,0.0166666666669925,490.0,True,True,True,True,2,0.8722047018348624,1021.0,True,True
202512101006,zero_gravity,14221,12434.0,0.874340763659377,10330.0,0.0166666666669925,531.0,True,True,True,True,2,0.8722047018348624,1021.0,True,True
202512101010,gravity,6844,6489.0,0.9481297486849796,4668.0,0.0333333333330188,268.0,True,True,True,True,2,0.9432863631070224,691.0,True,True
202512101010,zero_gravity,8587,8100.0,0.9432863631070224,6731.0,0.0333333333330188,423.0,True,True,True,True,2,0.9432863631070224,691.0,True,True
202512101424,gravity,15368,14257.0,0.9277069234773556,9915.0,0.0166666666669925,541.0,True,True,True,True,2,0.9242804600385311,1071.0,True,True
202512101424,zero_gravity,17129,15832.0,0.9242804600385311,9923.0,0.0166666666669925,530.0,True,True,True,True,2,0.9242804600385311,1071.0,True,True
202512101439,gravity,14067,12865.0,0.9145517878723252,10697.0,0.0166666666669925,515.0,True,True,True,True,2,0.9145517878723252,1048.0,True,True
202512101439,zero_gravity,14500,13631.0,0.9400689655172414,11206.0,0.0166666666669925,533.0,True,True,True,True,2,0.9145517878723252,1048.0,True,True
202512101615,gravity,14375,13282.0,0.9239652173913044,12228.0,0.0166666666669925,491.0,True,True,True,True,2,0.920211593564029,987.0,True,True
202512101615,zero_gravity,13611,12525.0,0.920211593564029,11083.0,0.0166666666669925,496.0,True,True,True,True,2,0.920211593564029,987.0,True,True
202512101623,gravity,15856,14487.0,0.9136604439959636,13185.0,0.0166666666669925,585.0,True,True,True,True,2,0.8887000314762354,1216.0,True,True
202512101623,zero_gravity,15885,14117.0,0.8887000314762354,12651.0,0.0166666666669925,631.0,True,True,True,True,2,0.8887000314762354,1216.0,True,True
202512101635,gravity,6426,4775.0,0.7430750077808901,4265.0,0.0333333333330188,270.0,True,True,True,True,2,0.7430750077808901,636.0,True,True
202512101635,zero_gravity,7844,6015.0,0.7668281489036206,5746.0,0.0333333333330188,366.0,True,True,True,True,2,0.7430750077808901,636.0,True,True
202512111013,gravity,13661,11327.0,0.8291486714003368,8375.0,0.0166666666669925,366.0,True,True,True,True,2,0.8228059203668959,731.0,True,True
202512111013,zero_gravity,14391,11841.0,0.8228059203668959,7967.0,0.0166666666669925,365.0,True,True,True,True,2,0.8228059203668959,731.0,True,True
202512111440,gravity,16395,15651.0,0.9546203110704484,11745.0,0.0166666666669925,549.0,True,True,True,True,2,0.9415576476341851,1001.0,True,True
202512111440,zero_gravity,16358,15402.0,0.9415576476341851,9766.0,0.0166666666669925,452.0,True,True,True,True,2,0.9415576476341851,1001.0,True,True
202512111443,gravity,13995,10165.0,0.7263308324401572,6140.0,0.0166666666669925,370.0,True,True,True,True,2,0.7046885934219734,553.0,True,True
202512111443,zero_gravity,17148,12084.0,0.7046885934219734,3423.0,0.0166666666669925,183.0,True,True,True,True,2,0.7046885934219734,553.0,True,True
202512111615,gravity,15202,14748.0,0.9701355084857256,11409.0,0.0166666666669925,453.0,True,True,True,True,2,0.9469962813596606,1018.0,True,True
202512111615,zero_gravity,19093,18081.0,0.9469962813596606,14009.0,0.0166666666669925,565.0,True,True,True,True,2,0.9469962813596606,1018.0,True,True
202512111620,gravity,13632,13212.0,0.9691901408450704,12037.0,0.0166666666669925,415.0,True,True,True,True,2,0.9691901408450704,886.0,True,True
202512111620,zero_gravity,15951,15593.0,0.9775562660648236,14673.0,0.0166666666669925,471.0,True,True,True,True,2,0.9691901408450704,886.0,True,True
202512120956,gravity,12978,10142.0,0.7814763445831407,8904.0,0.0166666666669925,382.0,True,True,True,True,2,0.7814763445831407,768.0,True,True
202512120956,zero_gravity,13966,11349.0,0.8126163540025777,9905.0,0.0166666666669925,386.0,True,True,True,True,2,0.7814763445831407,768.0,True,True
202512121004,gravity,14496,14067.0,0.9704056291390728,12306.0,0.0166666666669925,632.0,True,True,True,True,2,0.9704056291390728,1249.0,True,True
202512121004,zero_gravity,14805,14439.0,0.9752786220871328,12128.0,0.0166666666669925,617.0,True,True,True,True,2,0.9704056291390728,1249.0,True,True
202512121440,gravity,14939,14642.0,0.9801191512149408,11363.0,0.0166666666669925,555.0,True,True,True,True,2,0.9801191512149408,1114.0,True,True
202512121440,zero_gravity,16329,16056.0,0.9832812787065957,10827.0,0.0166666666669925,559.0,True,True,True,True,2,0.9801191512149408,1114.0,True,True
202512121611,gravity,13699,13297.0,0.9706547923206074,10921.0,0.0166666666669925,488.0,True,True,True,True,2,0.9560287811614216,973.0,True,True
202512121611,zero_gravity,13759,13154.0,0.9560287811614216,10817.0,0.0166666666669925,485.0,True,True,True,True,2,0.9560287811614216,973.0,True,True
202512121624,gravity,15002,14442.0,0.9626716437808291,11429.0,0.0166666666669925,585.0,True,True,True,True,2,0.9626716437808291,1147.0,True,True
202512121624,zero_gravity,15285,14813.0,0.9691200523388944,10958.0,0.0166666666669925,562.0,True,True,True,True,2,0.9626716437808291,1147.0,True,True
202512151424,gravity,13394,12573.0,0.9387038972674332,9313.0,0.0166666666669925,462.0,True,True,True,True,2,0.8824724809483488,1022.0,True,True
202512151424,zero_gravity,17715,15633.0,0.8824724809483488,12403.0,0.0166666666669925,560.0,True,True,True,True,2,0.8824724809483488,1022.0,True,True
202512151429,gravity,14117,13067.0,0.9256215909895872,11076.0,0.0166666666669925,505.0,True,True,True,True,2,0.9037854889589906,1014.0,True,True
202512151429,zero_gravity,15216,13752.0,0.9037854889589906,10083.0,0.0166666666669925,509.0,True,True,True,True,2,0.9037854889589906,1014.0,True,True
202512151449,gravity,8400,3426.0,0.4078571428571428,2662.0,0.0333333333330188,215.0,False,True,False,False,2,0.0682036503362151,227.0,False,False
202512151449,zero_gravity,8328,568.0,0.0682036503362151,128.0,0.0333333333330188,12.0,False,False,False,False,2,0.0682036503362151,227.0,False,False
202512151627,gravity,15199,14035.0,0.9234160142114612,10457.0,0.0166666666669925,489.0,True,True,True,True,2,0.9234160142114612,921.0,True,True
202512151627,zero_gravity,14615,13598.0,0.9304139582620596,9539.0,0.0166666666669925,432.0,True,True,True,True,2,0.9234160142114612,921.0,True,True
202512160951,gravity,15700,12636.0,0.8048407643312102,10456.0,0.0166666666669925,577.0,True,True,True,True,2,0.7714586298657096,1064.0,True,True
202512160951,zero_gravity,16159,12466.0,0.7714586298657096,8811.0,0.0166666666669925,487.0,True,True,True,True,2,0.7714586298657096,1064.0,True,True
202512161010,gravity,13348,9694.0,0.7262511237638598,9756.0,0.0166666666669925,565.0,True,True,True,True,2,0.7262511237638598,1133.0,True,True
202512161010,zero_gravity,13926,10188.0,0.7315812149935372,8801.0,0.0166666666669925,568.0,True,True,True,True,2,0.7262511237638598,1133.0,True,True
202512161427,gravity,14006,11046.0,0.7886620019991433,10695.0,0.0166666666669925,504.0,True,True,True,True,2,0.7886620019991433,993.0,True,True
202512161427,zero_gravity,14010,11600.0,0.8279800142755175,10632.0,0.0166666666669925,489.0,True,True,True,True,2,0.7886620019991433,993.0,True,True
202512161429,gravity,14609,13917.0,0.952631939215552,10287.0,0.0166666666669925,490.0,True,True,True,True,2,0.9411840164197294,986.0,True,True
202512161429,zero_gravity,15591,14674.0,0.9411840164197294,9879.0,0.0166666666669925,496.0,True,True,True,True,2,0.9411840164197294,986.0,True,True
202512161433,gravity,7209,0.0,0.0,0.0,0.0333333333330188,0.0,False,False,False,False,2,0.0,0.0,False,False
202512161433,zero_gravity,7618,0.0,0.0,0.0,0.0333333333330188,0.0,False,False,False,False,2,0.0,0.0,False,False
202512161604,gravity,13751,12952.0,0.94189513489928,10766.0,0.0166666666669925,509.0,True,True,True,True,2,0.94189513489928,1024.0,True,True
202512161604,zero_gravity,14288,13569.0,0.949678051511758,11906.0,0.0166666666669925,515.0,True,True,True,True,2,0.94189513489928,1024.0,True,True
202512161620,gravity,7980,7228.0,0.9057644110275688,6422.0,0.0333333333330188,325.0,True,True,True,True,2,0.9057644110275688,582.0,True,True
202512161620,zero_gravity,6520,5972.0,0.9159509202453988,5675.0,0.0333333333330188,257.0,True,True,True,True,2,0.9057644110275688,582.0,True,True
202512171000,gravity,6272,4306.0,0.6865433673469388,3760.0,0.0333333333330188,265.0,True,True,True,True,2,0.6546196884923635,545.0,True,True
202512171000,zero_gravity,6613,4329.0,0.6546196884923635,4014.0,0.0333333333330188,280.0,True,True,True,True,2,0.6546196884923635,545.0,True,True
202512171004,gravity,13572,12798.0,0.9429708222811672,11199.0,0.0166666666669925,516.0,True,True,True,True,2,0.9429708222811672,1090.0,True,True
202512171004,zero_gravity,14989,14193.0,0.9468943892187603,11912.0,0.0166666666669925,574.0,True,True,True,True,2,0.9429708222811672,1090.0,True,True
202512171013,gravity,13310,12860.0,0.966190833959429,11573.0,0.0166666666669925,465.0,True,True,True,True,2,0.9649322123759752,881.0,True,True
202512171013,zero_gravity,13203,12740.0,0.9649322123759752,11751.0,0.0166666666669925,416.0,True,True,True,True,2,0.9649322123759752,881.0,True,True
202512171417,gravity,6380,5883.0,0.9221003134796238,5623.0,0.0333333333330188,238.0,True,True,True,True,2,0.8976936723832052,539.0,True,True
202512171417,zero_gravity,6764,6072.0,0.8976936723832052,5827.0,0.0333333333330188,301.0,True,True,True,True,2,0.8976936723832052,539.0,True,True
202512171421,gravity,12581,12055.0,0.9581909228201256,9967.0,0.0166666666669925,410.0,True,True,True,True,2,0.9355224773730272,811.0,True,True
202512171421,zero_gravity,13369,12507.0,0.9355224773730272,9727.0,0.0166666666669925,401.0,True,True,True,True,2,0.9355224773730272,811.0,True,True
202512171423,gravity,14273,13768.0,0.964618510474322,11064.0,0.0166666666669925,455.0,True,True,True,True,2,0.9503295027503948,1016.0,True,True
202512171423,zero_gravity,18361,17449.0,0.9503295027503948,14607.0,0.0166666666669925,561.0,True,True,True,True,2,0.9503295027503948,1016.0,True,True
202512171627,gravity,13741,12460.0,0.9067753438614364,11979.0,0.0166666666669925,487.0,True,True,True,True,2,0.9067753438614364,944.0,True,True
202512171627,zero_gravity,13733,12578.0,0.915896016893614,11892.0,0.0166666666669925,457.0,True,True,True,True,2,0.9067753438614364,944.0,True,True
202512171628,gravity,13576,12762.0,0.940041249263406,11240.0,0.0166666666669925,652.0,True,True,True,True,2,0.9382483519440332,1446.0,True,True
202512171628,zero_gravity,14866,13948.0,0.9382483519440332,12992.0,0.0166666666669925,794.0,True,True,True,True,2,0.9382483519440332,1446.0,True,True
202512180956,gravity,14170,9007.0,0.6356386732533521,8386.0,0.0166666666669925,412.0,True,True,True,True,2,0.6356386732533521,969.0,True,True
202512180956,zero_gravity,15275,10396.0,0.6805891980360066,10335.0,0.0166666666669925,557.0,True,True,True,True,2,0.6356386732533521,969.0,True,True
202512180957,gravity,14972,12437.0,0.8306839433609404,10789.0,0.0166666666669925,491.0,True,True,True,True,2,0.8306839433609404,1133.0,True,True
202512180957,zero_gravity,17941,15200.0,0.8472214480798171,13438.0,0.0166666666669925,642.0,True,True,True,True,2,0.8306839433609404,1133.0,True,True
202512181416,gravity,15930,14054.0,0.8822347771500314,10602.0,0.0166666666669925,616.0,True,True,True,True,2,0.8822347771500314,1226.0,True,True
202512181416,zero_gravity,15960,14154.0,0.8868421052631579,9997.0,0.0166666666669925,610.0,True,True,True,True,2,0.8822347771500314,1226.0,True,True
202512181429,gravity,7658,2.0,0.0002611647949856,0.0,0.0333333333330188,0.0,False,False,False,False,2,0.0002611647949856,6.0,False,False
202512181429,zero_gravity,7351,63.0,0.008570262549313,66.0,0.0333333333330188,6.0,False,False,False,False,2,0.0002611647949856,6.0,False,False
202512181505,gravity,12104,10910.0,0.9013549239920688,6294.0,0.0166666666669925,279.0,True,True,True,True,2,0.8849243016561233,523.0,True,True
202512181505,zero_gravity,14069,12450.0,0.8849243016561233,5131.0,0.0166666666669925,244.0,True,True,True,True,2,0.8849243016561233,523.0,True,True
202512181622,gravity,11199,10043.0,0.8967764979015983,8462.0,0.0333333333330188,575.0,True,True,True,True,2,0.8967237079714507,1061.0,True,True
202512181622,zero_gravity,11629,10428.0,0.8967237079714507,6832.0,0.0333333333330188,486.0,True,True,True,True,2,0.8967237079714507,1061.0,True,True
202512191005,gravity,12409,11370.0,0.9162704488677572,10862.0,0.0166666666669925,439.0,True,True,True,True,2,0.8998634501593081,917.0,True,True
202512191005,zero_gravity,13182,11862.0,0.8998634501593081,11351.0,0.0166666666669925,478.0,True,True,True,True,2,0.8998634501593081,917.0,True,True
202512191420,gravity,14719,14039.0,0.9538012093212854,11021.0,0.0166666666669925,545.0,True,True,True,True,2,0.9381793478260868,1067.0,True,True
202512191420,zero_gravity,14720,13810.0,0.9381793478260868,10916.0,0.0166666666669925,522.0,True,True,True,True,2,0.9381793478260868,1067.0,True,True
202512191437,gravity,8098,4727.0,0.5837243763892319,4144.0,0.0333333333330188,390.0,True,True,False,True,2,0.574715649104458,718.0,True,False
202512191437,zero_gravity,7649,4396.0,0.574715649104458,4110.0,0.0333333333330188,328.0,True,True,False,True,2,0.574715649104458,718.0,True,False
202512191555,gravity,15497,13705.0,0.8843647157514357,11302.0,0.0166666666669925,520.0,True,True,True,True,2,0.8060486522024983,1068.0,True,True
202512191555,zero_gravity,16731,13486.0,0.8060486522024983,11720.0,0.0166666666669925,548.0,True,True,True,True,2,0.8060486522024983,1068.0,True,True
202512221005,gravity,14848,12662.0,0.8527747844827587,11038.0,0.0166666666669925,482.0,True,True,True,True,2,0.8399848206944532,1010.0,True,True
202512221005,zero_gravity,15811,13281.0,0.8399848206944532,11826.0,0.0166666666669925,528.0,True,True,True,True,2,0.8399848206944532,1010.0,True,True
202512221010,gravity,15359,11720.0,0.7630705124031513,8773.0,0.0166666666669925,550.0,True,True,True,True,2,0.7630705124031513,1063.0,True,True
202512221010,zero_gravity,15019,12308.0,0.819495305945802,8848.0,0.0166666666669925,513.0,True,True,True,True,2,0.7630705124031513,1063.0,True,True
202512221011,gravity,7692,3315.0,0.4309672386895475,2472.0,0.0333333333330188,276.0,False,True,False,False,2,0.4309672386895475,754.0,True,False
202512221011,zero_gravity,8092,4607.0,0.569327731092437,4681.0,0.0333333333330188,478.0,True,True,False,False,2,0.4309672386895475,754.0,True,False
202512221421,gravity,7426,823.0,0.1108268246700781,705.0,0.0333333333330188,71.0,False,False,False,False,2,0.1031877213695395,126.0,False,False
202512221421,zero_gravity,8470,874.0,0.1031877213695395,664.0,0.0333333333330188,55.0,False,False,False,False,2,0.1031877213695395,126.0,False,False
202512221602,gravity,6795,5964.0,0.8777041942604856,4985.0,0.0333333333330188,345.0,True,True,True,True,2,0.8251517550804962,668.0,True,True
202512221602,zero_gravity,7578,6253.0,0.8251517550804962,5255.0,0.0333333333330188,323.0,True,True,True,True,2,0.8251517550804962,668.0,True,True
202512221616,gravity,15432,14231.0,0.9221747019180924,11911.0,0.0166666666669925,633.0,True,True,True,True,2,0.9221747019180924,1281.0,True,True
202512221616,zero_gravity,15944,14874.0,0.9328901154039136,12260.0,0.0166666666669925,648.0,True,True,True,True,2,0.9221747019180924,1281.0,True,True
202512221617,gravity,15356,14219.0,0.9259572805418078,10535.0,0.0166666666669925,433.0,True,True,True,True,2,0.9259572805418078,943.0,True,True
202512221617,zero_gravity,15671,14939.0,0.9532895156658796,11821.0,0.0166666666669925,510.0,True,True,True,True,2,0.9259572805418078,943.0,True,True
202512221633,gravity,7526,4574.0,0.607759766144034,4170.0,0.0333333333330188,359.0,True,True,True,True,2,0.607759766144034,715.0,True,True
202512221633,zero_gravity,7479,4607.0,0.6159914427062442,4552.0,0.0333333333330188,356.0,True,True,True,True,2,0.607759766144034,715.0,True,True
202512230948,gravity,7267,6603.0,0.9086280445851108,5729.0,0.0333333333330188,359.0,True,True,True,True,2,0.8863962436415808,737.0,True,True
202512230948,zero_gravity,7667,6796.0,0.8863962436415808,6297.0,0.0333333333330188,378.0,True,True,True,True,2,0.8863962436415808,737.0,True,True
202512231002,gravity,6348,0.0,0.0,0.0,0.0333333333330188,0.0,False,False,False,False,2,0.0,0.0,False,False
202512231002,zero_gravity,6795,0.0,0.0,0.0,0.0333333333330188,0.0,False,False,False,False,2,0.0,0.0,False,False
202512231014,gravity,15578,14336.0,0.9202721787135704,12266.0,0.0166666666669925,517.0,True,True,True,True,2,0.8992100912375237,1084.0,True,True
202512231014,zero_gravity,16331,14685.0,0.8992100912375237,12555.0,0.0166666666669925,567.0,True,True,True,True,2,0.8992100912375237,1084.0,True,True
202512231432,gravity,6584,6094.0,0.925577156743621,3391.0,0.0333333333330188,176.0,True,True,True,True,2,0.916026625704045,422.0,True,True
202512231432,zero_gravity,7812,7156.0,0.916026625704045,4394.0,0.0333333333330188,246.0,True,True,True,True,2,0.916026625704045,422.0,True,True
202512231610,gravity,8252,7024.0,0.8511875908870576,4924.0,0.0333333333330188,360.0,True,True,True,True,2,0.8511875908870576,624.0,True,True
202512231610,zero_gravity,7737,6812.0,0.8804446167765284,3787.0,0.0333333333330188,264.0,True,True,True,True,2,0.8511875908870576,624.0,True,True
202512231626,gravity,14433,13591.0,0.941661470241807,10508.0,0.0166666666669925,404.0,True,True,True,True,2,0.920342881037006,806.0,True,True
202512231626,zero_gravity,14349,13206.0,0.920342881037006,9703.0,0.0166666666669925,402.0,True,True,True,True,2,0.920342881037006,806.0,True,True
202512241001,gravity,6590,5784.0,0.8776934749620637,5291.0,0.0333333333330188,292.0,True,True,True,True,2,0.8379895394820768,644.0,True,True
202512241001,zero_gravity,7839,6569.0,0.8379895394820768,6075.0,0.0333333333330188,352.0,True,True,True,True,2,0.8379895394820768,644.0,True,True
202512241020,gravity,12308,10595.0,0.8608222294442639,10246.0,0.0166666666669925,542.0,True,True,True,True,2,0.8608222294442639,1180.0,True,True
202512241020,zero_gravity,14433,12813.0,0.8877572230305549,12437.0,0.0166666666669925,638.0,True,True,True,True,2,0.8608222294442639,1180.0,True,True
202512241031,zero_gravity,526,417.0,0.7927756653992395,292.0,0.0166666666669925,17.0,True,True,True,False,1,0.7927756653992395,17.0,True,True
202512241428,gravity,13882,12926.0,0.9311338423858234,10267.0,0.0166666666669925,470.0,True,True,True,True,2,0.9077624966939964,1030.0,True,True
202512241428,zero_gravity,15124,13729.0,0.9077624966939964,11195.0,0.0166666666669925,560.0,True,True,True,True,2,0.9077624966939964,1030.0,True,True
202512241429,gravity,13272,12137.0,0.9144816154309824,9647.0,0.0166666666669925,464.0,True,True,True,True,2,0.9144816154309824,1013.0,True,True
202512241429,zero_gravity,15096,13808.0,0.9146793852676206,10957.0,0.0166666666669925,549.0,True,True,True,True,2,0.9144816154309824,1013.0,True,True
202512241442,gravity,7834,5910.0,0.7544038805208068,4937.0,0.0333333333330188,305.0,True,True,True,True,2,0.7544038805208068,633.0,True,True
202512241442,zero_gravity,8153,6590.0,0.8082914264687845,5564.0,0.0333333333330188,328.0,True,True,True,True,2,0.7544038805208068,633.0,True,True
202512241627,gravity,15090,14029.0,0.929688535453943,10991.0,0.0166666666669925,527.0,True,True,True,True,2,0.929688535453943,996.0,True,True
202512241627,zero_gravity,16838,15702.0,0.9325335550540444,9554.0,0.0166666666669925,469.0,True,True,True,True,2,0.929688535453943,996.0,True,True
202512241647,gravity,6918,5638.0,0.8149754264238219,4133.0,0.0333333333330188,301.0,True,True,True,True,2,0.8149754264238219,551.0,True,True
202512241647,zero_gravity,7011,5766.0,0.8224219084296106,3308.0,0.0333333333330188,250.0,True,True,True,True,2,0.8149754264238219,551.0,True,True
202512250951,gravity,14427,13669.0,0.9474596243155196,12841.0,0.0166666666669925,576.0,True,True,True,True,2,0.9378448447783022,1214.0,True,True
202512250951,zero_gravity,15043,14108.0,0.9378448447783022,13699.0,0.0166666666669925,638.0,True,True,True,True,2,0.9378448447783022,1214.0,True,True
202512250959,gravity,3667,1742.0,0.4750477229342787,1231.0,0.0333333333330188,89.0,False,True,False,False,2,0.4750477229342787,257.0,True,False
202512250959,zero_gravity,3417,2762.0,0.8083113842551947,2195.0,0.0333333333330188,168.0,True,True,True,False,2,0.4750477229342787,257.0,True,False
202512251423,gravity,6748,6062.0,0.8983402489626556,4852.0,0.0333333333330188,266.0,True,True,True,True,2,0.8863120143454871,628.0,True,True
202512251423,zero_gravity,8365,7414.0,0.8863120143454871,5832.0,0.0333333333330188,362.0,True,True,True,True,2,0.8863120143454871,628.0,True,True
202512251432,gravity,16651,7823.0,0.4698216323343943,6719.0,0.0166666666669925,365.0,False,True,False,False,2,0.4698216323343943,1082.0,True,False
202512251432,zero_gravity,17053,13833.0,0.8111769190171817,12388.0,0.0166666666669925,717.0,True,True,True,False,2,0.4698216323343943,1082.0,True,False
202512251615,gravity,6652,2672.0,0.4016837041491281,2248.0,0.0333333333330756,146.0,False,True,False,False,2,0.4016837041491281,442.0,True,False
202512251615,zero_gravity,7786,5023.0,0.6451322887233496,4377.0,0.0333333333330756,296.0,True,True,True,False,2,0.4016837041491281,442.0,True,False
202512251624,gravity,13702,10330.0,0.7539045394832871,9659.0,0.0166666666669925,510.0,True,True,True,True,2,0.7539045394832871,1024.0,True,True
202512251624,zero_gravity,13909,10677.0,0.7676324681860666,10017.0,0.0166666666669925,514.0,True,True,True,True,2,0.7539045394832871,1024.0,True,True
202512260959,gravity,7768,5036.0,0.6483007209062822,4295.0,0.0333333333330188,355.0,True,True,True,True,2,0.597036328871893,706.0,True,False
202512260959,zero_gravity,8368,4996.0,0.597036328871893,4527.0,0.0333333333330188,351.0,True,True,False,True,2,0.597036328871893,706.0,True,False
202512261002,gravity,15430,12782.0,0.8283862605314323,10457.0,0.0166666666669925,540.0,True,True,True,True,2,0.8096306068601583,1040.0,True,True
202512261002,zero_gravity,15160,12274.0,0.8096306068601583,10234.0,0.0166666666669925,500.0,True,True,True,True,2,0.8096306068601583,1040.0,True,True
202512261030,gravity,5927,5279.0,0.8906698160958326,4890.0,0.0333333333330188,273.0,True,True,True,True,2,0.8400402414486922,555.0,True,True
202512261030,zero_gravity,6958,5845.0,0.8400402414486922,5440.0,0.0333333333330188,282.0,True,True,True,True,2,0.8400402414486922,555.0,True,True
202512261422,gravity,6797,5749.0,0.845814329851405,4984.0,0.0333333333330188,314.0,True,True,True,True,2,0.8449823225455534,740.0,True,True
202512261422,zero_gravity,7354,6214.0,0.8449823225455534,5955.0,0.0333333333330188,426.0,True,True,True,True,2,0.8449823225455534,740.0,True,True
202512261436,gravity,13862,13275.0,0.9576540181791948,11740.0,0.0166666666669925,478.0,True,True,True,True,2,0.9545655329084368,956.0,True,True
202512261436,zero_gravity,15847,15127.0,0.9545655329084368,11871.0,0.0166666666669925,478.0,True,True,True,True,2,0.9545655329084368,956.0,True,True
202512261555,gravity,2504,1992.0,0.7955271565495208,1677.0,0.0333333333330188,108.0,True,True,True,True,2,0.7955271565495208,198.0,True,True
202512261555,zero_gravity,2401,1919.0,0.7992503123698459,1529.0,0.0333333333330188,90.0,True,True,True,True,2,0.7955271565495208,198.0,True,True
202512261625,gravity,14624,12931.0,0.8842314004376368,11345.0,0.0166666666669925,409.0,True,True,True,True,2,0.8442478948324953,869.0,True,True
202512261625,zero_gravity,16507,13936.0,0.8442478948324953,11553.0,0.0166666666669925,460.0,True,True,True,True,2,0.8442478948324953,869.0,True,True
202512291041,gravity,14860,13279.0,0.893606998654105,11455.0,0.0166666666669925,690.0,True,True,True,True,2,0.893606998654105,1389.0,True,True
202512291041,zero_gravity,16013,14412.0,0.9000187347779929,11837.0,0.0166666666669925,699.0,True,True,True,True,2,0.893606998654105,1389.0,True,True
202512291431,gravity,8123,827.0,0.1018096762279945,626.0,0.0333333333330188,52.0,False,False,False,False,2,0.0004634636181059,52.0,False,False
202512291431,zero_gravity,6473,3.0,0.0004634636181059,0.0,0.0333333333330188,0.0,False,False,False,False,2,0.0004634636181059,52.0,False,False
202512291432,gravity,15167,12016.0,0.7922463242566098,9404.0,0.0166666666669925,505.0,True,True,True,True,2,0.7758356873822976,1045.0,True,True
202512291432,zero_gravity,16992,13183.0,0.7758356873822976,9305.0,0.0166666666669925,540.0,True,True,True,True,2,0.7758356873822976,1045.0,True,True
202512291441,gravity,6743,6421.0,0.9522467744327452,5161.0,0.0333333333330188,298.0,True,True,True,True,2,0.916866028708134,593.0,True,True
202512291441,zero_gravity,6688,6132.0,0.916866028708134,4987.0,0.0333333333330188,295.0,True,True,True,True,2,0.916866028708134,593.0,True,True
202512291612,gravity,7914,5813.0,0.734521101844832,5359.0,0.0333333333330188,308.0,True,True,True,True,2,0.6938520871143375,686.0,True,True
202512291612,zero_gravity,8816,6117.0,0.6938520871143375,5911.0,0.0333333333330188,378.0,True,True,True,True,2,0.6938520871143375,686.0,True,True
202512300954,gravity,6553,5812.0,0.8869220204486494,5028.0,0.0333333333330188,376.0,True,True,True,True,2,0.8869220204486494,742.0,True,True
202512300954,zero_gravity,8061,7247.0,0.8990199727081007,5054.0,0.0333333333330188,366.0,True,True,True,True,2,0.8869220204486494,742.0,True,True
202512301037,gravity,15139,10334.0,0.6826078340709426,6730.0,0.0166666666669925,339.0,True,True,True,False,2,0.2726969737368351,397.0,False,False
202512301037,zero_gravity,15002,4091.0,0.2726969737368351,970.0,0.0166666666669925,58.0,False,False,False,False,2,0.2726969737368351,397.0,False,False
202512301413,gravity,7285,6606.0,0.9067947838023336,5592.0,0.0333333333330188,368.0,True,True,True,True,2,0.9067947838023336,696.0,True,True
202512301413,zero_gravity,7048,6585.0,0.9343076049943246,5413.0,0.0333333333330188,328.0,True,True,True,True,2,0.9067947838023336,696.0,True,True
202512301420,gravity,7317,7073.0,0.966652999863332,6604.0,0.0333333333330188,396.0,True,True,True,True,2,0.966652999863332,718.0,True,True
202512301420,zero_gravity,6509,6360.0,0.9771086188354586,5742.0,0.0333333333330188,322.0,True,True,True,True,2,0.966652999863332,718.0,True,True
202512301559,gravity,13678,11034.0,0.8066968855095774,8841.0,0.0166666666669925,501.0,True,True,True,True,2,0.8066968855095774,1008.0,True,True
202512301559,zero_gravity,14388,11737.0,0.8157492354740061,9705.0,0.0166666666669925,507.0,True,True,True,True,2,0.8066968855095774,1008.0,True,True
202512301619,gravity,7672,7032.0,0.9165797705943692,5557.0,0.0333333333330188,364.0,True,True,True,True,2,0.8987743985474353,657.0,True,True
202512301619,zero_gravity,6609,5940.0,0.8987743985474353,4665.0,0.0333333333330188,293.0,True,True,True,True,2,0.8987743985474353,657.0,True,True
202512301621,gravity,6981,6391.0,0.9154848875519268,5468.0,0.0333333333330188,397.0,True,True,True,True,2,0.9154848875519268,802.0,True,True
202512301621,zero_gravity,7404,6780.0,0.9157212317666128,5728.0,0.0333333333330188,405.0,True,True,True,True,2,0.9154848875519268,802.0,True,True
202512311507,gravity,6865,121.0,0.0176256372906045,130.0,0.0333333333330188,17.0,False,False,False,False,2,0.0135394200814761,33.0,False,False
202512311507,zero_gravity,8346,113.0,0.0135394200814761,128.0,0.0333333333330188,16.0,False,False,False,False,2,0.0135394200814761,33.0,False,False
202512311540,gravity,13798,11955.0,0.8664299173793303,8929.0,0.0166666666669925,432.0,True,True,True,True,2,0.8561818300568219,887.0,True,True
202512311540,zero_gravity,15311,13109.0,0.8561818300568219,9657.0,0.0166666666669925,455.0,True,True,True,True,2,0.8561818300568219,887.0,True,True
202601051520,gravity,13782,12768.0,0.9264257727470614,10409.0,0.0166666666669925,452.0,True,True,True,True,2,0.9264257727470614,936.0,True,True
202601051520,zero_gravity,14027,13074.0,0.932059599344122,10907.0,0.0166666666669925,484.0,True,True,True,True,2,0.9264257727470614,936.0,True,True
202601051522,gravity,6273,537.0,0.0856049736967957,544.0,0.0333333333330188,29.0,False,False,False,False,2,0.0,29.0,False,False
202601051522,zero_gravity,6453,0.0,0.0,0.0,0.0333333333330188,0.0,False,False,False,False,2,0.0,29.0,False,False
202601051654,gravity,6973,265.0,0.0380037286677183,267.0,0.0333333333330188,12.0,False,False,False,False,2,0.0,12.0,False,False
202601051654,zero_gravity,7193,0.0,0.0,0.0,0.0333333333330188,0.0,False,False,False,False,2,0.0,12.0,False,False
202601060953,gravity,6744,3093.0,0.4586298932384341,2573.0,0.0333333333330188,118.0,False,True,False,False,2,0.4586298932384341,267.0,True,False
202601060953,zero_gravity,6692,3976.0,0.5941422594142259,3654.0,0.0333333333330188,149.0,True,True,False,False,2,0.4586298932384341,267.0,True,False
202601061013,gravity,12326,12039.0,0.9767158851208828,10948.0,0.0166666666669925,401.0,True,True,True,True,2,0.9691632568344896,929.0,True,True
202601061013,zero_gravity,16863,16343.0,0.9691632568344896,14864.0,0.0166666666669925,528.0,True,True,True,True,2,0.9691632568344896,929.0,True,True
202601061500,gravity,12721,11648.0,0.9156512852763148,9612.0,0.0166666666669925,442.0,True,True,True,True,2,0.9045166106756252,911.0,True,True
202601061500,zero_gravity,13395,12116.0,0.9045166106756252,10505.0,0.0166666666669925,469.0,True,True,True,True,2,0.9045166106756252,911.0,True,True
202601061608,gravity,6159,3204.0,0.5202143205065758,3228.0,0.0333333333330188,146.0,True,True,False,False,2,0.041343669250646,167.0,False,False
202601061608,zero_gravity,7353,304.0,0.041343669250646,309.0,0.0333333333330188,21.0,False,False,False,False,2,0.041343669250646,167.0,False,False
202601061632,gravity,7233,6267.0,0.8664454583160515,5078.0,0.0333333333330188,421.0,True,True,True,True,2,0.8664454583160515,821.0,True,True
202601061632,zero_gravity,7962,6980.0,0.8766641547349913,5724.0,0.0333333333330188,400.0,True,True,True,True,2,0.8664454583160515,821.0,True,True
202601071419,gravity,6116,5527.0,0.9036952256376716,4976.0,0.0333333333330188,298.0,True,True,True,True,2,0.8998847594353212,608.0,True,True
202601071419,zero_gravity,6942,6247.0,0.8998847594353212,5731.0,0.0333333333330188,310.0,True,True,True,True,2,0.8998847594353212,608.0,True,True
202601071601,gravity,15521,14279.0,0.9199793827717286,10226.0,0.0166666666669925,558.0,True,True,True,True,2,0.9101641763512268,1071.0,True,True
202601071601,zero_gravity,16263,14802.0,0.9101641763512268,9725.0,0.0166666666669925,513.0,True,True,True,True,2,0.9101641763512268,1071.0,True,True
202601071604,gravity,7267,6097.0,0.8389982110912343,5425.0,0.0333333333330188,389.0,True,True,True,True,2,0.8389982110912343,691.0,True,True
202601071604,zero_gravity,7114,6266.0,0.8807984256395839,5128.0,0.0333333333330188,302.0,True,True,True,True,2,0.8389982110912343,691.0,True,True
202601071629,gravity,6811,6577.0,0.9656438114814272,5369.0,0.0333333333330188,313.0,True,True,True,True,2,0.9656438114814272,645.0,True,True
202601071629,zero_gravity,7517,7281.0,0.9686044964746574,6356.0,0.0333333333330188,332.0,True,True,True,True,2,0.9656438114814272,645.0,True,True
202601081426,gravity,6753,2155.0,0.3191174292906856,1324.0,0.0333333333330188,104.0,False,False,False,False,2,0.0027628549501151,104.0,False,False
202601081426,zero_gravity,6515,18.0,0.0027628549501151,0.0,0.0333333333330188,0.0,False,False,False,False,2,0.0027628549501151,104.0,False,False
202601081439,gravity,13993,13200.0,0.9433288072607732,9957.0,0.0166666666669925,499.0,True,True,True,True,2,0.9407148550058244,1113.0,True,True
202601081439,zero_gravity,16311,15344.0,0.9407148550058244,12237.0,0.0166666666669925,614.0,True,True,True,True,2,0.9407148550058244,1113.0,True,True
202601081440,gravity,6326,5885.0,0.9302877015491622,5575.0,0.0333333333330188,329.0,True,True,True,True,2,0.9302877015491622,663.0,True,True
202601081440,zero_gravity,6604,6165.0,0.9335251362810418,6049.0,0.0333333333330188,334.0,True,True,True,True,2,0.9302877015491622,663.0,True,True
202601081624,gravity,7437,76.0,0.0102191743982788,0.0,0.0333333333330188,0.0,False,False,False,False,2,0.0060584030049678,0.0,False,False
202601081624,zero_gravity,8253,50.0,0.0060584030049678,0.0,0.0333333333330188,0.0,False,False,False,False,2,0.0060584030049678,0.0,False,False
202601090957,gravity,12240,10985.0,0.8974673202614379,9426.0,0.0333333333330188,480.0,True,True,True,True,2,0.7527466429918988,847.0,True,True
202601090957,zero_gravity,9011,6783.0,0.7527466429918988,6397.0,0.0333333333330188,367.0,True,True,True,True,2,0.7527466429918988,847.0,True,True
202601090958,gravity,6958,6176.0,0.8876113825812015,4701.0,0.0333333333330188,269.0,True,True,True,True,2,0.8361250697934115,547.0,True,True
202601090958,zero_gravity,7164,5990.0,0.8361250697934115,4615.0,0.0333333333330188,278.0,True,True,True,True,2,0.8361250697934115,547.0,True,True
202601091422,gravity,7082,4438.0,0.6266591358373341,3641.0,0.0333333333330188,237.0,True,True,True,True,2,0.6266591358373341,630.0,True,True
202601091422,zero_gravity,7569,5907.0,0.7804201347602061,5675.0,0.0333333333330188,393.0,True,True,True,True,2,0.6266591358373341,630.0,True,True
202601091449,gravity,15244,13932.0,0.9139333508265548,12462.0,0.0166666666669925,513.0,True,True,True,True,2,0.8977398175585382,1043.0,True,True
202601091449,zero_gravity,17211,15451.0,0.8977398175585382,13523.0,0.0166666666669925,530.0,True,True,True,True,2,0.8977398175585382,1043.0,True,True
202601091509,gravity,7245,2608.0,0.3599723947550035,2492.0,0.0333333333330188,137.0,False,False,False,False,2,0.3497046218000695,331.0,False,False
202601091509,zero_gravity,8633,3019.0,0.3497046218000695,2819.0,0.0333333333330188,194.0,False,False,False,False,2,0.3497046218000695,331.0,False,False
202601091602,gravity,8047,273.0,0.0339256865912762,270.0,0.0333333333330188,25.0,False,False,False,False,2,0.0339256865912762,214.0,False,False
202601091602,zero_gravity,8372,3581.0,0.4277353081700907,2660.0,0.0333333333330188,189.0,False,True,False,False,2,0.0339256865912762,214.0,False,False
202601091605,gravity,13061,11970.0,0.9164688768088202,10923.0,0.0166666666669925,552.0,True,True,True,True,2,0.9119022476995022,1101.0,True,True
202601091605,zero_gravity,13258,12090.0,0.9119022476995022,10578.0,0.0166666666669925,549.0,True,True,True,True,2,0.9119022476995022,1101.0,True,True
202601121453,gravity,14871,13507.0,0.9082778562302468,10365.0,0.0166666666669925,606.0,True,True,True,True,2,0.8769597818677574,1216.0,True,True
202601121453,zero_gravity,14670,12865.0,0.8769597818677574,9805.0,0.0166666666669925,610.0,True,True,True,True,2,0.8769597818677574,1216.0,True,True
202601131016,gravity,13557,12537.0,0.9247621155122816,10740.0,0.0166666666669925,585.0,True,True,True,True,2,0.9247621155122816,1183.0,True,True
202601131016,zero_gravity,13612,12709.0,0.9336614751689686,11259.0,0.0166666666669925,598.0,True,True,True,True,2,0.9247621155122816,1183.0,True,True
202601131558,gravity,12040,11197.0,0.929983388704319,9258.0,0.0166666666669925,438.0,True,True,True,True,2,0.917923066084261,890.0,True,True
202601131558,zero_gravity,14194,13029.0,0.917923066084261,9305.0,0.0166666666669925,452.0,True,True,True,True,2,0.917923066084261,890.0,True,True
202601141624,gravity,14712,14392.0,0.9782490483958672,11995.0,0.0166666666669925,512.0,True,True,True,True,2,0.9707991803278688,1049.0,True,True
202601141624,zero_gravity,15616,15160.0,0.9707991803278688,13438.0,0.0166666666669925,537.0,True,True,True,True,2,0.9707991803278688,1049.0,True,True
202601151419,gravity,7396,6417.0,0.8676311519740401,6295.0,0.0333333333330188,416.0,True,True,True,True,2,0.8676311519740401,845.0,True,True
202601151419,zero_gravity,7695,6810.0,0.884990253411306,6818.0,0.0333333333330188,429.0,True,True,True,True,2,0.8676311519740401,845.0,True,True
202601151516,gravity,14274,12460.0,0.8729157909485779,9954.0,0.0166666666669925,453.0,True,True,True,True,2,0.8729157909485779,959.0,True,True
202601151516,zero_gravity,15880,13889.0,0.8746221662468514,11076.0,0.0166666666669925,506.0,True,True,True,True,2,0.8729157909485779,959.0,True,True
202601160948,gravity,14495,11732.0,0.8093825457054157,8832.0,0.0166666666669925,491.0,True,True,True,True,2,0.7680890538033395,953.0,True,True
202601160948,zero_gravity,15631,12006.0,0.7680890538033395,8240.0,0.0166666666669925,462.0,True,True,True,True,2,0.7680890538033395,953.0,True,True
202601160958,gravity,6981,5610.0,0.8036097980232059,3868.0,0.0333333333330188,323.0,True,True,True,True,2,0.8036097980232059,731.0,True,True
202601160958,zero_gravity,7299,5923.0,0.8114810247979175,4547.0,0.0333333333330188,408.0,True,True,True,True,2,0.8036097980232059,731.0,True,True
202601161413,gravity,6912,6210.0,0.8984375,5216.0,0.0333333333330188,271.0,True,True,True,True,2,0.8984375,537.0,True,True
202601161413,zero_gravity,7360,6758.0,0.9182065217391304,5427.0,0.0333333333330188,266.0,True,True,True,True,2,0.8984375,537.0,True,True
202601161421,gravity,12853,12274.0,0.9549521512487356,10819.0,0.0166666666669925,452.0,True,True,True,True,2,0.9522791070712472,1015.0,True,True
202601161421,zero_gravity,14962,14248.0,0.9522791070712472,13125.0,0.0166666666669925,563.0,True,True,True,True,2,0.9522791070712472,1015.0,True,True
202601161555,gravity,14872,13464.0,0.9053254437869822,11720.0,0.0166666666669925,530.0,True,True,True,True,2,0.886171780785207,1084.0,True,True
202601161555,zero_gravity,14926,13227.0,0.886171780785207,11618.0,0.0166666666669925,554.0,True,True,True,True,2,0.886171780785207,1084.0,True,True
202601161607,gravity,7743,7004.0,0.9045589564768176,4755.0,0.0333333333330188,346.0,True,True,True,True,2,0.8748685594111462,642.0,True,True
202601161607,zero_gravity,7608,6656.0,0.8748685594111462,3459.0,0.0333333333330188,296.0,True,True,True,True,2,0.8748685594111462,642.0,True,True
202601201533,gravity,15397,12764.0,0.8289926609079691,10044.0,0.0166666666669925,533.0,True,True,True,True,2,0.8289926609079691,1090.0,True,True
202601201533,zero_gravity,17058,14292.0,0.8378473443545551,10673.0,0.0166666666669925,557.0,True,True,True,True,2,0.8289926609079691,1090.0,True,True
202601201601,missing,0,,,,,,False,False,False,False,1,,0.0,False,False
202601211631,gravity,14201,12212.0,0.8599394408844447,7328.0,0.0166666666669925,432.0,True,True,True,True,2,0.8599394408844447,903.0,True,True
202601211631,zero_gravity,14501,12685.0,0.8747672574305221,8170.0,0.0166666666669925,471.0,True,True,True,True,2,0.8599394408844447,903.0,True,True
202601221031,gravity,7904,7036.0,0.8901821862348178,5787.0,0.0333333333330188,314.0,True,True,True,True,2,0.878584229390681,584.0,True,True
202601221031,zero_gravity,6696,5883.0,0.878584229390681,4572.0,0.0333333333330188,270.0,True,True,True,True,2,0.878584229390681,584.0,True,True
202601221622,gravity,13818,12353.0,0.8939788681430019,6769.0,0.0166666666669925,364.0,True,True,True,True,2,0.8773764258555133,769.0,True,True
202601221622,zero_gravity,15780,13845.0,0.8773764258555133,7721.0,0.0166666666669925,405.0,True,True,True,True,2,0.8773764258555133,769.0,True,True
202601231437,gravity,7302,6236.0,0.8540125992878663,4525.0,0.0333333333330188,338.0,True,True,True,True,2,0.8540125992878663,658.0,True,True
202601231437,zero_gravity,7347,6666.0,0.907309105757452,4830.0,0.0333333333330188,320.0,True,True,True,True,2,0.8540125992878663,658.0,True,True
202601231616,gravity,14415,12663.0,0.8784599375650364,9537.0,0.0166666666669925,414.0,True,True,True,True,2,0.8728730044018133,833.0,True,True
202601231616,zero_gravity,15221,13286.0,0.8728730044018133,9735.0,0.0166666666669925,419.0,True,True,True,True,2,0.8728730044018133,833.0,True,True
202601231630,gravity,7685,4563.0,0.5937540663630448,4207.0,0.0333333333330188,397.0,True,True,False,True,2,0.5937540663630448,785.0,True,False
202601231630,zero_gravity,7950,5041.0,0.6340880503144654,4513.0,0.0333333333330188,388.0,True,True,True,True,2,0.5937540663630448,785.0,True,False
202601231631,gravity,7308,5910.0,0.8087027914614121,5286.0,0.0333333333330188,337.0,True,True,True,True,2,0.771808579997392,634.0,True,True
202601231631,zero_gravity,7669,5919.0,0.771808579997392,5475.0,0.0333333333330188,297.0,True,True,True,True,2,0.771808579997392,634.0,True,True
202601271536,gravity,14673,14300.0,0.974579158999523,13712.0,0.0166666666669925,632.0,True,True,True,True,2,0.9620320148167748,1309.0,True,True
202601271536,zero_gravity,15118,14544.0,0.9620320148167748,13762.0,0.0166666666669925,677.0,True,True,True,True,2,0.9620320148167748,1309.0,True,True
202601291546,gravity,14668,13112.0,0.8939187346604854,9887.0,0.0166666666669925,426.0,True,True,True,True,2,0.8939187346604854,852.0,True,True
202601291546,zero_gravity,15134,13575.0,0.8969869168759086,10012.0,0.0166666666669925,426.0,True,True,True,True,2,0.8939187346604854,852.0,True,True
202601291609,gravity,7599,4690.0,0.617186471904198,3608.0,0.0333333333330188,303.0,True,True,True,True,2,0.617186471904198,661.0,True,True
202601291609,zero_gravity,7737,4812.0,0.6219464908879411,3638.0,0.0333333333330188,358.0,True,True,True,True,2,0.617186471904198,661.0,True,True
202601311414,gravity,14886,14177.0,0.9523713556361684,11894.0,0.0166666666669925,534.0,True,True,True,True,2,0.9523713556361684,1093.0,True,True
202601311414,zero_gravity,15818,15229.0,0.9627639398154002,13037.0,0.0166666666669925,559.0,True,True,True,True,2,0.9523713556361684,1093.0,True,True
202601311415,gravity,6123,4783.0,0.7811530295606729,3174.0,0.0333333333330188,257.0,True,True,True,True,2,0.7621343619414979,487.0,True,True
202601311415,zero_gravity,6222,4742.0,0.7621343619414979,3238.0,0.0333333333330188,230.0,True,True,True,True,2,0.7621343619414979,487.0,True,True
202601311526,gravity,14544,10854.0,0.7462871287128713,7650.0,0.0166666666669925,383.0,True,True,True,True,2,0.7388919363686232,574.0,True,True
202601311526,zero_gravity,16407,12123.0,0.7388919363686232,3837.0,0.0166666666669925,191.0,True,True,True,True,2,0.7388919363686232,574.0,True,True
202602041413,gravity,15782,13961.0,0.8846153846153846,11991.0,0.0166666666669925,605.0,True,True,True,True,2,0.8647373788883223,1190.0,True,True
202602041413,zero_gravity,15688,13566.0,0.8647373788883223,10993.0,0.0166666666669925,585.0,True,True,True,True,2,0.8647373788883223,1190.0,True,True
202603131141,gravity,15324,14575.0,0.9511224223440355,12543.0,0.0166666666669925,491.0,True,True,True,True,2,0.9360642287857478,1116.0,True,True
202603131141,zero_gravity,17064,15973.0,0.9360642287857478,14848.0,0.0166666666669925,625.0,True,True,True,True,2,0.9360642287857478,1116.0,True,True
202603161028,gravity,14642,12531.0,0.8558257068706461,9413.0,0.0166666666669925,440.0,True,True,True,True,2,0.8325039287585123,852.0,True,True
202603161028,zero_gravity,15272,12714.0,0.8325039287585123,9118.0,0.0166666666669925,412.0,True,True,True,True,2,0.8325039287585123,852.0,True,True
202603301430,gravity,11010,9940.0,0.9028156221616712,6235.0,0.0166666666669925,353.0,True,True,True,True,2,0.9028156221616712,759.0,True,True
202603301430,zero_gravity,11778,11165.0,0.9479538121922227,7130.0,0.0166666666669925,406.0,True,True,True,True,2,0.9028156221616712,759.0,True,True
202604171122,gravity,11718,11604.0,0.9902713773681516,9468.0,0.0166666666669925,464.0,True,True,True,True,2,0.9891526811297584,1061.0,True,True
202604171122,zero_gravity,14658,14499.0,0.9891526811297584,11890.0,0.0166666666669925,597.0,True,True,True,True,2,0.9891526811297584,1061.0,True,True
202604171456,gravity,12713,11386.0,0.8956186580665461,9544.0,0.0166666666669925,396.0,True,True,True,True,2,0.8775523911875336,905.0,True,True
202604171456,zero_gravity,14888,13065.0,0.8775523911875336,11283.0,0.0166666666669925,509.0,True,True,True,True,2,0.8775523911875336,905.0,True,True
202604181434,gravity,13863,13047.0,0.9411382817571954,10857.0,0.0166666666669925,604.0,True,True,True,True,2,0.9323236803751348,1289.0,True,True
202604181434,zero_gravity,15781,14713.0,0.9323236803751348,12281.0,0.0166666666669925,685.0,True,True,True,True,2,0.9323236803751348,1289.0,True,True
202604201535,gravity,14222,12860.0,0.9042328786387288,12255.0,0.0166666666669925,540.0,True,True,True,True,2,0.8988603060892217,1119.0,True,True
202604201535,zero_gravity,15355,13802.0,0.8988603060892217,12999.0,0.0166666666669925,579.0,True,True,True,True,2,0.8988603060892217,1119.0,True,True
202604211006,gravity,14813,12876.0,0.8692364814689799,10668.0,0.0166666666669925,509.0,True,True,True,True,2,0.8632850834151129,1077.0,True,True
202604211006,zero_gravity,16304,14075.0,0.8632850834151129,11620.0,0.0166666666669925,568.0,True,True,True,True,2,0.8632850834151129,1077.0,True,True
202604211430,gravity,13661,13125.0,0.9607642193104458,11336.0,0.0166666666669925,439.0,True,True,True,True,2,0.954191507482662,954.0,True,True
202604211430,zero_gravity,16438,15685.0,0.954191507482662,13212.0,0.0166666666669925,515.0,True,True,True,True,2,0.954191507482662,954.0,True,True
202604231424,gravity,14314,13503.0,0.9433421824786922,10344.0,0.0166666666669925,534.0,True,True,True,True,2,0.9433421824786922,959.0,True,True
202604231424,zero_gravity,13842,13091.0,0.9457448345614796,9767.0,0.0166666666669925,425.0,True,True,True,True,2,0.9433421824786922,959.0,True,True
202604241058,gravity,15707,14083.0,0.8966066085184949,11603.0,0.0166666666669925,668.0,True,True,True,True,2,0.87399528615459,1353.0,True,True
202604241058,zero_gravity,16547,14462.0,0.87399528615459,13013.0,0.0166666666669925,685.0,True,True,True,True,2,0.87399528615459,1353.0,True,True
202604241424,gravity,15140,12384.0,0.8179656538969617,9536.0,0.0166666666669925,498.0,True,True,True,True,2,0.8179656538969617,1080.0,True,True
202604241424,zero_gravity,17951,14742.0,0.8212355857612389,11358.0,0.0166666666669925,582.0,True,True,True,True,2,0.8179656538969617,1080.0,True,True
202604241517,gravity,9389,3138.0,0.3342208967941207,2062.0,0.0333333333330188,183.0,False,False,False,False,2,0.3342208967941207,365.0,False,False
202604241517,zero_gravity,8237,3025.0,0.3672453563190482,1828.0,0.0333333333330188,182.0,False,False,False,False,2,0.3342208967941207,365.0,False,False
202604251424,gravity,15565,13998.0,0.8993254095727594,11291.0,0.0166666666669925,504.0,True,True,True,True,2,0.8993254095727594,973.0,True,True
202604251424,zero_gravity,15011,13617.0,0.9071347678369196,10113.0,0.0166666666669925,469.0,True,True,True,True,2,0.8993254095727594,973.0,True,True
202604251447,gravity,7319,0.0,0.0,0.0,0.0333333333330188,0.0,False,False,False,False,2,0.0,0.0,False,False
202604251447,zero_gravity,7607,0.0,0.0,0.0,0.0333333333330188,0.0,False,False,False,False,2,0.0,0.0,False,False
202604291121,gravity,19270,17377.0,0.9017644006227296,14992.0,0.0166666666669925,673.0,True,True,True,True,2,0.9017644006227296,1193.0,True,True
202604291121,zero_gravity,14806,14059.0,0.9495474807510468,12108.0,0.0166666666669925,520.0,True,True,True,True,2,0.9017644006227296,1193.0,True,True
202604291412,gravity,13366,12237.0,0.9155319467305104,8419.0,0.0166666666669925,401.0,True,True,True,True,2,0.8922432929536374,880.0,True,True
202604291412,zero_gravity,15767,14068.0,0.8922432929536374,11171.0,0.0166666666669925,479.0,True,True,True,True,2,0.8922432929536374,880.0,True,True
202604301109,gravity,10589,9878.0,0.9328548493719898,7900.0,0.0166666666669925,378.0,True,True,True,True,2,0.9222441790531832,801.0,True,True
202604301109,zero_gravity,11639,10734.0,0.9222441790531832,8481.0,0.0166666666669925,423.0,True,True,True,True,2,0.9222441790531832,801.0,True,True
202604301417,gravity,13970,12290.0,0.8797423049391553,10036.0,0.0166666666669925,557.0,True,True,True,True,2,0.800272758267985,986.0,True,True
202604301417,zero_gravity,14665,11736.0,0.800272758267985,7560.0,0.0166666666669925,429.0,True,True,True,True,2,0.800272758267985,986.0,True,True
202605081618,gravity,17110,13457.0,0.7864991233196961,9690.0,0.0166666666669925,418.0,True,True,True,True,2,0.7717807330522218,515.0,True,True
202605081618,zero_gravity,15415,11897.0,0.7717807330522218,2044.0,0.0166666666669925,97.0,True,True,True,True,2,0.7717807330522218,515.0,True,True
202605091021,gravity,15127,14120.0,0.933430290209559,10476.0,0.0166666666669925,549.0,True,True,True,True,2,0.9321816586814226,1043.0,True,True
202605091021,zero_gravity,14819,13814.0,0.9321816586814226,9652.0,0.0166666666669925,494.0,True,True,True,True,2,0.9321816586814226,1043.0,True,True
202605091507,gravity,16327,14327.0,0.877503521773749,11015.0,0.0166666666669925,567.0,True,True,True,True,2,0.8654511160012575,1105.0,True,True
202605091507,zero_gravity,15905,13765.0,0.8654511160012575,10554.0,0.0166666666669925,538.0,True,True,True,True,2,0.8654511160012575,1105.0,True,True
202605091613,gravity,16539,13525.0,0.8177640727976299,11070.0,0.0166666666669925,499.0,True,True,True,True,2,0.7972641178533848,997.0,True,True
202605091613,zero_gravity,17106,13638.0,0.7972641178533848,10561.0,0.0166666666669925,498.0,True,True,True,True,2,0.7972641178533848,997.0,True,True
202605091617,gravity,7631,0.0,0.0,4.0,0.0333333333330188,0.0,False,False,False,False,2,0.0,0.0,False,False
202605091617,zero_gravity,8471,0.0,0.0,0.0,0.0333333333330188,0.0,False,False,False,False,2,0.0,0.0,False,False
202605111426,gravity,14006,12208.0,0.871626445808939,10368.0,0.0166666666669925,534.0,True,True,True,True,2,0.8129153605015674,1134.0,True,True
202605111426,zero_gravity,15950,12966.0,0.8129153605015674,11232.0,0.0166666666669925,600.0,True,True,True,True,2,0.8129153605015674,1134.0,True,True
202605111540,gravity,8243,5549.0,0.6731772412956448,3190.0,0.0333333333330188,288.0,True,True,True,True,2,0.6604851877770003,531.0,True,True
202605111540,zero_gravity,8574,5663.0,0.6604851877770003,2628.0,0.0333333333330188,243.0,True,True,True,True,2,0.6604851877770003,531.0,True,True
202605111553,gravity,14822,10227.0,0.6899878558898934,6321.0,0.0166666666669925,356.0,True,True,True,True,2,0.587805867243477,461.0,True,False
202605111553,zero_gravity,14794,8696.0,0.587805867243477,1897.0,0.0166666666669925,105.0,True,True,False,True,2,0.587805867243477,461.0,True,False
202605120953,gravity,13256,12600.0,0.9505129752564876,10268.0,0.0166666666669925,528.0,True,True,True,True,2,0.9459704880817252,945.0,True,True
202605120953,zero_gravity,13215,12501.0,0.9459704880817252,8450.0,0.0166666666669925,417.0,True,True,True,True,2,0.9459704880817252,945.0,True,True
202605121423,gravity,14005,12404.0,0.8856836843984291,10678.0,0.0166666666669925,428.0,True,True,True,True,2,0.828047305469695,857.0,True,True
202605121423,zero_gravity,14882,12323.0,0.828047305469695,10319.0,0.0166666666669925,429.0,True,True,True,True,2,0.828047305469695,857.0,True,True
202605121442,gravity,7587,6622.0,0.8728087518123105,5332.0,0.0333333333330188,286.0,True,True,True,True,2,0.5364131781025514,566.0,True,False
202605121442,zero_gravity,8074,4331.0,0.5364131781025514,3330.0,0.0333333333330188,280.0,True,True,False,True,2,0.5364131781025514,566.0,True,False
202605131007,gravity,15429,11532.0,0.7474236826754812,7261.0,0.0166666666669925,313.0,True,True,True,True,2,0.7083957486268635,527.0,True,True
202605131007,zero_gravity,14019,9931.0,0.7083957486268635,4756.0,0.0166666666669925,214.0,True,True,True,True,2,0.7083957486268635,527.0,True,True
202605131018,gravity,7152,5409.0,0.7562919463087249,4501.0,0.0333333333330188,329.0,True,True,True,True,2,0.7562919463087249,700.0,True,True
202605131018,zero_gravity,7480,5821.0,0.7782085561497326,4906.0,0.0333333333330188,371.0,True,True,True,True,2,0.7562919463087249,700.0,True,True
202605131426,gravity,12545,11763.0,0.9376644081307294,10555.0,0.0166666666669925,494.0,True,True,True,True,2,0.9260221523314646,1050.0,True,True
202605131426,zero_gravity,14626,13544.0,0.9260221523314646,11478.0,0.0166666666669925,556.0,True,True,True,True,2,0.9260221523314646,1050.0,True,True
202605131703,gravity,7330,6478.0,0.8837653478854025,4900.0,0.0333333333330756,311.0,True,True,True,True,2,0.834517902641813,668.0,True,True
202605131703,zero_gravity,7457,6223.0,0.834517902641813,5154.0,0.0333333333330756,357.0,True,True,True,True,2,0.834517902641813,668.0,True,True
202605141023,gravity,14601,12753.0,0.8734333264844873,8373.0,0.0166666666669925,392.0,True,True,True,True,2,0.8640737770649559,775.0,True,True
202605141023,zero_gravity,14964,12930.0,0.8640737770649559,7606.0,0.0166666666669925,383.0,True,True,True,True,2,0.8640737770649559,775.0,True,True
202605141420,gravity,12228,11454.0,0.936702649656526,9113.0,0.0166666666669925,384.0,True,True,True,True,2,0.9120491864737196,710.0,True,True
202605141420,zero_gravity,13337,12164.0,0.9120491864737196,9404.0,0.0166666666669925,326.0,True,True,True,True,2,0.9120491864737196,710.0,True,True
202605151433,gravity,12780,10786.0,0.8439749608763694,8158.0,0.0166666666669925,383.0,True,True,True,True,2,0.8439749608763694,741.0,True,True
202605151433,zero_gravity,13115,11534.0,0.879451010293557,7445.0,0.0166666666669925,358.0,True,True,True,True,2,0.8439749608763694,741.0,True,True
202605161415,gravity,24558,21601.0,0.8795911719195374,15888.0,0.0166666666669925,838.0,True,True,True,True,2,0.8680958853330039,1351.0,True,True
202605161415,zero_gravity,16186,14051.0,0.8680958853330039,10795.0,0.0166666666669925,513.0,True,True,True,True,2,0.8680958853330039,1351.0,True,True
202605161422,gravity,6885,3765.0,0.5468409586056645,2954.0,0.0333333333330188,232.0,True,True,False,True,2,0.5468409586056645,539.0,True,False
202605161422,zero_gravity,8111,4585.0,0.565281716187893,4228.0,0.0333333333330188,307.0,True,True,False,True,2,0.5468409586056645,539.0,True,False
202605181455,gravity,13820,9916.0,0.7175108538350217,9791.0,0.0166666666669925,581.0,True,True,True,True,2,0.7175108538350217,1008.0,True,True
202605181455,zero_gravity,14139,10463.0,0.74000990169036,7018.0,0.0166666666669925,427.0,True,True,True,True,2,0.7175108538350217,1008.0,True,True
202605191433,gravity,15404,11740.0,0.762139703972994,9169.0,0.0166666666669925,436.0,True,True,True,True,2,0.7188945854695511,864.0,True,True
202605191433,zero_gravity,15994,11498.0,0.7188945854695511,9464.0,0.0166666666669925,428.0,True,True,True,True,2,0.7188945854695511,864.0,True,True
202605191954,gravity,13482,13120.0,0.9731493843643376,12184.0,0.0166666666669925,566.0,True,True,True,True,2,0.9731493843643376,1179.0,True,True
202605191954,zero_gravity,15134,14743.0,0.9741641337386018,14146.0,0.0166666666669925,613.0,True,True,True,True,2,0.9731493843643376,1179.0,True,True
202605200915,gravity,12251,11616.0,0.9481674965308954,9759.0,0.0166666666669925,449.0,True,True,True,True,2,0.9438865918487892,1016.0,True,True
202605200915,zero_gravity,15237,14382.0,0.9438865918487892,12469.0,0.0166666666669925,567.0,True,True,True,True,2,0.9438865918487892,1016.0,True,True
202605201004,gravity,7654,6416.0,0.8382545074470865,5847.0,0.0333333333330188,373.0,True,True,True,True,2,0.8200893965731314,726.0,True,True
202605201004,zero_gravity,8054,6605.0,0.8200893965731314,5776.0,0.0333333333330188,353.0,True,True,True,True,2,0.8200893965731314,726.0,True,True
202605201452,gravity,15487,13493.0,0.8712468521986182,10207.0,0.0166666666669925,511.0,True,True,True,True,2,0.8521465581051073,1009.0,True,True
202605201452,zero_gravity,16212,13815.0,0.8521465581051073,10141.0,0.0166666666669925,498.0,True,True,True,True,2,0.8521465581051073,1009.0,True,True
202605201637,gravity,15744,13660.0,0.8676321138211383,10295.0,0.0166666666669925,583.0,True,True,True,True,2,0.8676321138211383,980.0,True,True
202605201637,zero_gravity,16359,14280.0,0.8729139922978177,7560.0,0.0166666666669925,397.0,True,True,True,True,2,0.8676321138211383,980.0,True,True
202605211013,gravity,13329,12166.0,0.9127466426588642,9486.0,0.0166666666669925,444.0,True,True,True,True,2,0.9103216101998424,814.0,True,True
202605211013,zero_gravity,13961,12709.0,0.9103216101998424,8206.0,0.0166666666669925,370.0,True,True,True,True,2,0.9103216101998424,814.0,True,True
202605211443,gravity,12934,12243.0,0.9465749188186176,11800.0,0.0166666666669925,441.0,True,True,True,True,2,0.9352217666790904,912.0,True,True
202605211443,zero_gravity,13415,12546.0,0.9352217666790904,11959.0,0.0166666666669925,471.0,True,True,True,True,2,0.9352217666790904,912.0,True,True
202605212015,gravity,13958,12344.0,0.8843673878779195,8950.0,0.0166666666669925,427.0,True,True,True,True,2,0.8843673878779195,775.0,True,True
202605212015,zero_gravity,16522,14661.0,0.8873623048057135,7523.0,0.0166666666669925,348.0,True,True,True,True,2,0.8843673878779195,775.0,True,True
202605221039,gravity,16122,14787.0,0.9171938965388908,12841.0,0.0166666666669925,663.0,True,True,True,True,2,0.9171938965388908,1378.0,True,True
202605221039,zero_gravity,18292,16975.0,0.9280013120489832,14585.0,0.0166666666669925,715.0,True,True,True,True,2,0.9171938965388908,1378.0,True,True
202605221450,gravity,6498,5363.0,0.8253308710372422,4686.0,0.0333333333330188,278.0,True,True,True,True,2,0.8253308710372422,551.0,True,True
202605221450,zero_gravity,7488,6383.0,0.8524305555555556,4749.0,0.0333333333330188,273.0,True,True,True,True,2,0.8253308710372422,551.0,True,True
202605221530,gravity,7008,5993.0,0.8551655251141552,5565.0,0.0333333333330188,382.0,True,True,True,True,2,0.8344969199178645,777.0,True,True
202605221530,zero_gravity,7305,6096.0,0.8344969199178645,5635.0,0.0333333333330188,395.0,True,True,True,True,2,0.8344969199178645,777.0,True,True
202605221536,gravity,16230,13998.0,0.8624768946395563,11001.0,0.0166666666669925,395.0,True,True,True,True,2,0.8624768946395563,766.0,True,True
202605221536,zero_gravity,14698,13400.0,0.9116886651245067,11286.0,0.0166666666669925,371.0,True,True,True,True,2,0.8624768946395563,766.0,True,True
202605221545,gravity,6232,4839.0,0.7764762516046213,3989.0,0.0333333333330188,282.0,True,True,True,True,2,0.678886727517582,547.0,True,True
202605221545,zero_gravity,6683,4537.0,0.678886727517582,3961.0,0.0333333333330188,265.0,True,True,True,True,2,0.678886727517582,547.0,True,True
202605231431,gravity,16328,15658.0,0.9589661930426262,12283.0,0.0166666666669925,511.0,True,True,True,True,2,0.9408699866715132,1032.0,True,True
202605231431,zero_gravity,16506,15530.0,0.9408699866715132,12563.0,0.0166666666669925,521.0,True,True,True,True,2,0.9408699866715132,1032.0,True,True
202605231554,gravity,6976,6103.0,0.8748566513761468,2932.0,0.0333333333330188,204.0,True,True,True,True,2,0.8748566513761468,432.0,True,True
202605231554,zero_gravity,7515,6747.0,0.8978043912175648,3788.0,0.0333333333330188,228.0,True,True,True,True,2,0.8748566513761468,432.0,True,True
202605231635,gravity,16847,13379.0,0.7941473259334006,8305.0,0.0166666666669925,444.0,True,True,True,True,2,0.7331632929939762,850.0,True,True
202605231635,zero_gravity,18427,13510.0,0.7331632929939762,7256.0,0.0166666666669925,406.0,True,True,True,True,2,0.7331632929939762,850.0,True,True
202605251447,gravity,15075,13419.0,0.8901492537313432,11893.0,0.0166666666669925,593.0,True,True,True,True,2,0.8901492537313432,1198.0,True,True
202605251447,zero_gravity,16146,14413.0,0.8926669144060448,12878.0,0.0166666666669925,605.0,True,True,True,True,2,0.8901492537313432,1198.0,True,True
202605251607,gravity,16258,15127.0,0.9304342477549514,12453.0,0.0166666666669925,484.0,True,True,True,True,2,0.9304342477549514,987.0,True,True
202605251607,zero_gravity,16426,15464.0,0.9414343114574456,13175.0,0.0166666666669925,503.0,True,True,True,True,2,0.9304342477549514,987.0,True,True
202605260957,gravity,7039,4288.0,0.6091774399772695,2932.0,0.0333333333330188,198.0,True,True,True,True,2,0.6091774399772695,397.0,True,True
202605260957,zero_gravity,5514,4148.0,0.7522669568371418,3578.0,0.0333333333330188,199.0,True,True,True,True,2,0.6091774399772695,397.0,True,True
202605261045,gravity,15394,13399.0,0.8704040535273483,10806.0,0.0166666666669925,523.0,True,True,True,True,2,0.8020095323972691,781.0,True,True
202605261045,zero_gravity,15526,12452.0,0.8020095323972691,5295.0,0.0166666666669925,258.0,True,True,True,True,2,0.8020095323972691,781.0,True,True
202605261430,gravity,6282,4895.0,0.7792104425342248,4504.0,0.0333333333330188,260.0,True,True,True,True,2,0.7475930262815509,568.0,True,True
202605261430,zero_gravity,7686,5746.0,0.7475930262815509,5334.0,0.0333333333330188,308.0,True,True,True,True,2,0.7475930262815509,568.0,True,True
202605261437,gravity,14040,12945.0,0.9220085470085472,9042.0,0.0166666666669925,405.0,True,True,True,True,2,0.9044609392224592,775.0,True,True
202605261437,zero_gravity,13607,12307.0,0.9044609392224592,8508.0,0.0166666666669925,370.0,True,True,True,True,2,0.9044609392224592,775.0,True,True
202605261606,gravity,6394,6214.0,0.9718486080700656,5904.0,0.0333333333330188,269.0,True,True,True,True,2,0.9718486080700656,610.0,True,True
202605261606,zero_gravity,7986,7786.0,0.9749561733032808,7214.0,0.0333333333330188,341.0,True,True,True,True,2,0.9718486080700656,610.0,True,True
202605261631,gravity,7261,4775.0,0.6576229169535877,4648.0,0.0333333333330188,298.0,True,True,True,True,2,0.6436781609195402,588.0,True,True
202605261631,zero_gravity,6960,4480.0,0.6436781609195402,4150.0,0.0333333333330188,290.0,True,True,True,True,2,0.6436781609195402,588.0,True,True
202605261634,gravity,7564,6498.0,0.8590692755156002,5670.0,0.0333333333330188,387.0,True,True,True,True,2,0.8489267382174521,823.0,True,True
202605261634,zero_gravity,8572,7277.0,0.8489267382174521,6346.0,0.0333333333330188,436.0,True,True,True,True,2,0.8489267382174521,823.0,True,True
202605261957,gravity,14182,9364.0,0.6602735862360739,8107.0,0.0166666666669925,388.0,True,True,True,True,2,0.6591140356827895,709.0,True,True
202605261957,zero_gravity,14741,9716.0,0.6591140356827895,7535.0,0.0166666666669925,321.0,True,True,True,True,2,0.6591140356827895,709.0,True,True
202605261958,gravity,7339,5548.0,0.7559613026297861,4073.0,0.0333333333330188,319.0,True,True,True,True,2,0.7329355261242905,555.0,True,True
202605261958,zero_gravity,6871,5036.0,0.7329355261242905,3549.0,0.0333333333330188,236.0,True,True,True,True,2,0.7329355261242905,555.0,True,True
202605271051,gravity,14944,13481.0,0.9021011777301928,10257.0,0.0166666666669925,601.0,True,True,True,True,2,0.9021011777301928,1242.0,True,True
202605271051,zero_gravity,15228,14027.0,0.9211321250328344,10826.0,0.0166666666669925,641.0,True,True,True,True,2,0.9021011777301928,1242.0,True,True
202605271423,gravity,7335,4121.0,0.561826857532379,3938.0,0.0333333333330188,267.0,True,True,False,True,2,0.561826857532379,500.0,True,False
202605271423,zero_gravity,7260,4468.0,0.615426997245179,4183.0,0.0333333333330188,233.0,True,True,True,True,2,0.561826857532379,500.0,True,False
202605271445,gravity,13793,12934.0,0.9377220329152468,11281.0,0.0166666666669925,455.0,True,True,True,True,2,0.9377220329152468,944.0,True,True
202605271445,zero_gravity,16141,15296.0,0.9476488445573384,13481.0,0.0166666666669925,489.0,True,True,True,True,2,0.9377220329152468,944.0,True,True
202605271505,gravity,7469,1145.0,0.1533003079394832,943.0,0.0333333333330188,60.0,False,False,False,False,2,0.0,60.0,False,False
202605271505,zero_gravity,7547,0.0,0.0,0.0,0.0333333333330188,0.0,False,False,False,False,2,0.0,60.0,False,False
202605271539,gravity,7972,4827.0,0.6054942298043151,4189.0,0.0333333333330188,288.0,True,True,True,True,2,0.5964933942462033,577.0,True,False
202605271539,zero_gravity,8099,4831.0,0.5964933942462033,4014.0,0.0333333333330188,289.0,True,True,False,True,2,0.5964933942462033,577.0,True,False
202605271553,gravity,12882,11342.0,0.880453345753765,8855.0,0.0166666666669925,461.0,True,True,True,True,2,0.8709326928575514,1062.0,True,True
202605271553,zero_gravity,17487,15230.0,0.8709326928575514,11968.0,0.0166666666669925,601.0,True,True,True,True,2,0.8709326928575514,1062.0,True,True
202605281004,gravity,15501,12960.0,0.836075091929553,10770.0,0.0166666666669925,537.0,True,True,True,True,2,0.8196994095544821,1191.0,True,True
202605281004,zero_gravity,18630,15271.0,0.8196994095544821,13463.0,0.0166666666669925,654.0,True,True,True,True,2,0.8196994095544821,1191.0,True,True
202605281034,gravity,7662,5578.0,0.7280083529104673,4148.0,0.0333333333330188,300.0,True,True,True,True,2,0.6818991853360489,586.0,True,True
202605281034,zero_gravity,7856,5357.0,0.6818991853360489,4018.0,0.0333333333330188,286.0,True,True,True,True,2,0.6818991853360489,586.0,True,True
202605281055,gravity,7336,3030.0,0.4130316248636859,3001.0,0.0333333333330188,192.0,False,True,False,False,2,0.0135277121092723,206.0,False,False
202605281055,zero_gravity,7614,103.0,0.0135277121092723,114.0,0.0333333333330188,14.0,False,False,False,False,2,0.0135277121092723,206.0,False,False
202605281637,gravity,16566,9396.0,0.5671858022455633,7395.0,0.0166666666669925,303.0,True,True,False,True,2,0.5671858022455633,680.0,True,False
202605281637,zero_gravity,19866,13318.0,0.670391623879996,9600.0,0.0166666666669925,377.0,True,True,True,True,2,0.5671858022455633,680.0,True,False
202605281645,gravity,7646,7243.0,0.94729270206644,6659.0,0.0333333333330188,464.0,True,True,True,True,2,0.94729270206644,951.0,True,True
202605281645,zero_gravity,8612,8260.0,0.9591267998142128,7532.0,0.0333333333330188,487.0,True,True,True,True,2,0.94729270206644,951.0,True,True
202605281945,gravity,7015,221.0,0.031503920171062,24.0,0.0333333333330188,4.0,False,False,False,False,2,0.0054292002934702,4.0,False,False
202605281945,zero_gravity,6815,37.0,0.0054292002934702,0.0,0.0333333333330188,0.0,False,False,False,False,2,0.0054292002934702,4.0,False,False
202605281954,gravity,14351,13421.0,0.935196153578148,10197.0,0.0166666666669925,358.0,True,True,True,True,2,0.8017341040462428,651.0,True,True
202605281954,zero_gravity,15570,12483.0,0.8017341040462428,8091.0,0.0166666666669925,293.0,True,True,True,True,2,0.8017341040462428,651.0,True,True
202605291006,gravity,14134,12095.0,0.8557379368897694,8571.0,0.0166666666669925,452.0,True,True,True,True,2,0.8139775773824032,940.0,True,True
202605291006,zero_gravity,16412,13359.0,0.8139775773824032,8915.0,0.0166666666669925,488.0,True,True,True,True,2,0.8139775773824032,940.0,True,True
202605291528,gravity,13997,13841.0,0.9888547545902694,12650.0,0.0166666666669925,621.0,True,True,True,True,2,0.9888547545902694,1158.0,True,True
202605291528,zero_gravity,13232,13150.0,0.9938029020556228,12517.0,0.0166666666669925,537.0,True,True,True,True,2,0.9888547545902694,1158.0,True,True
202605291659,gravity,14518,9810.0,0.6757129081140653,10182.0,0.0166666666669925,570.0,True,True,True,True,2,0.6757129081140653,808.0,True,True
202605291659,zero_gravity,14047,10757.0,0.7657862888873069,4732.0,0.0166666666669925,238.0,True,True,True,True,2,0.6757129081140653,808.0,True,True
202605301430,gravity,14198,12174.0,0.8574447105226088,11641.0,0.0166666666669925,555.0,True,True,True,True,2,0.8574447105226088,1043.0,True,True
202605301430,zero_gravity,14425,12776.0,0.885684575389948,10089.0,0.0166666666669925,488.0,True,True,True,True,2,0.8574447105226088,1043.0,True,True
202605301437,gravity,7898,375.0,0.0474803747784249,323.0,0.0333333333330188,32.0,False,False,False,False,2,0.0,32.0,False,False
202605301437,zero_gravity,7232,0.0,0.0,0.0,0.0333333333330188,0.0,False,False,False,False,2,0.0,32.0,False,False
202606011412,gravity,6314,5427.0,0.8595185302502376,5099.0,0.0333333333330188,271.0,True,True,True,False,2,0.4903428656984578,450.0,True,False
202606011412,zero_gravity,6679,3275.0,0.4903428656984578,2979.0,0.0333333333330188,179.0,False,True,False,False,2,0.4903428656984578,450.0,True,False
202606011955,gravity,6210,5057.0,0.8143317230273752,5097.0,0.0333333333330188,338.0,True,True,True,True,2,0.7878423513694055,680.0,True,True
202606011955,zero_gravity,7485,5897.0,0.7878423513694055,3923.0,0.0333333333330188,342.0,True,True,True,True,2,0.7878423513694055,680.0,True,True
202606011956,gravity,15431,14251.0,0.9235305553755428,12930.0,0.0166666666669925,613.0,True,True,True,True,2,0.9235305553755428,1213.0,True,True
202606011956,zero_gravity,15406,14443.0,0.9374918862780734,12010.0,0.0166666666669925,600.0,True,True,True,True,2,0.9235305553755428,1213.0,True,True
202606021003,gravity,7901,2.0,0.0002531325148715,3.0,0.0333333333330188,1.0,False,False,False,False,2,0.0002531325148715,4.0,False,False
202606021003,zero_gravity,6521,22.0,0.0033737156877779,21.0,0.0333333333330188,3.0,False,False,False,False,2,0.0002531325148715,4.0,False,False
202606021009,gravity,14192,12143.0,0.8556228861330327,10096.0,0.0166666666669925,570.0,True,True,True,True,2,0.7798441132230275,973.0,True,True
202606021009,zero_gravity,14626,11406.0,0.7798441132230275,7659.0,0.0166666666669925,403.0,True,True,True,True,2,0.7798441132230275,973.0,True,True
202606041515,gravity,6586,5480.0,0.8320680230792591,4827.0,0.0333333333330188,318.0,True,True,True,True,2,0.8084389323267727,684.0,True,True
202606041515,zero_gravity,7418,5997.0,0.8084389323267727,4963.0,0.0333333333330188,366.0,True,True,True,True,2,0.8084389323267727,684.0,True,True
202606051026,gravity,7911,3187.0,0.4028567816963721,3031.0,0.0333333333330188,238.0,False,True,False,False,2,0.4028567816963721,601.0,True,False
202606051026,zero_gravity,8369,5873.0,0.7017564822559446,5787.0,0.0333333333330188,363.0,True,True,True,False,2,0.4028567816963721,601.0,True,False
202606051627,gravity,13282,11215.0,0.8443758470109923,10233.0,0.0166666666669925,562.0,True,True,True,True,2,0.8443758470109923,1226.0,True,True
202606051627,zero_gravity,14950,12859.0,0.8601337792642141,11625.0,0.0166666666669925,664.0,True,True,True,True,2,0.8443758470109923,1226.0,True,True
202606051733,gravity,7564,6637.0,0.8774457958751983,4867.0,0.0333333333330188,285.0,True,True,True,True,2,0.8351393188854489,603.0,True,True
202606051733,zero_gravity,7752,6474.0,0.8351393188854489,4773.0,0.0333333333330188,318.0,True,True,True,True,2,0.8351393188854489,603.0,True,True
202606061425,gravity,14523,13392.0,0.9221235281966536,11587.0,0.0166666666669925,531.0,True,True,True,True,2,0.9221235281966536,1083.0,True,True
202606061425,zero_gravity,15064,13939.0,0.9253186404673394,12305.0,0.0166666666669925,552.0,True,True,True,True,2,0.9221235281966536,1083.0,True,True
202606061640,gravity,16335,14721.0,0.9011937557392102,10914.0,0.0166666666669925,554.0,True,True,True,True,2,0.9011937557392102,1085.0,True,True
202606061640,zero_gravity,16030,14649.0,0.9138490330630068,11230.0,0.0166666666669925,531.0,True,True,True,True,2,0.9011937557392102,1085.0,True,True
202606081618,gravity,13595,11503.0,0.8461198970209636,9288.0,0.0166666666669925,440.0,True,True,True,True,2,0.8327191770305543,791.0,True,True
202606081618,zero_gravity,13026,10847.0,0.8327191770305543,7424.0,0.0166666666669925,351.0,True,True,True,True,2,0.8327191770305543,791.0,True,True
202606091031,gravity,7031,6009.0,0.8546437206656237,1190.0,0.0333333333330188,97.0,True,True,True,True,2,0.8546437206656237,424.0,True,True
202606091031,zero_gravity,8219,7085.0,0.8620270105852293,4853.0,0.0333333333330188,327.0,True,True,True,True,2,0.8546437206656237,424.0,True,True
202606091034,gravity,17089,7618.0,0.4457838375563228,8804.0,0.0166666666669925,410.0,False,True,False,False,2,0.4457838375563228,920.0,True,False
202606091034,zero_gravity,19253,11424.0,0.5933620734430998,8085.0,0.0166666666669925,510.0,True,True,False,False,2,0.4457838375563228,920.0,True,False
202606091426,gravity,14323,12292.0,0.8582000977448858,9789.0,0.0166666666669925,493.0,True,True,True,True,2,0.8502601221443112,1050.0,True,True
202606091426,zero_gravity,17684,15036.0,0.8502601221443112,11181.0,0.0166666666669925,557.0,True,True,True,True,2,0.8502601221443112,1050.0,True,True
202606101015,gravity,15657,13944.0,0.8905920674458708,11468.0,0.0166666666669925,639.0,True,True,True,True,2,0.8905920674458708,1257.0,True,True
202606101015,zero_gravity,15369,13947.0,0.907476088229553,11834.0,0.0166666666669925,618.0,True,True,True,True,2,0.8905920674458708,1257.0,True,True
202606101415,gravity,6798,5638.0,0.8293615769343925,5081.0,0.0333333333330188,256.0,True,True,True,True,2,0.7609347860413705,455.0,True,True
202606101415,zero_gravity,6333,4819.0,0.7609347860413705,4221.0,0.0333333333330188,199.0,True,True,True,True,2,0.7609347860413705,455.0,True,True
202606101420,gravity,12535,11224.0,0.8954128440366973,10625.0,0.0166666666669925,527.0,True,True,True,True,2,0.8501823260144309,976.0,True,True
202606101420,zero_gravity,12889,10958.0,0.8501823260144309,9436.0,0.0166666666669925,449.0,True,True,True,True,2,0.8501823260144309,976.0,True,True
202606101632,gravity,17258,12177.0,0.7055858152740758,10885.0,0.0166666666669925,651.0,True,True,True,True,2,0.7055858152740758,1333.0,True,True
202606101632,zero_gravity,17701,12684.0,0.7165696853285125,11665.0,0.0166666666669925,682.0,True,True,True,True,2,0.7055858152740758,1333.0,True,True
202606111014,gravity,16032,13220.0,0.8246007984031936,12292.0,0.0166666666669925,684.0,True,True,True,True,2,0.7806962566235542,1342.0,True,True
202606111014,zero_gravity,17551,13702.0,0.7806962566235542,12215.0,0.0166666666669925,658.0,True,True,True,True,2,0.7806962566235542,1342.0,True,True
202606121012,gravity,15117,12117.0,0.8015479261758285,10842.0,0.0166666666669925,460.0,True,True,True,True,2,0.7803685371817043,976.0,True,True
202606121012,zero_gravity,16769,13086.0,0.7803685371817043,11747.0,0.0166666666669925,516.0,True,True,True,True,2,0.7803685371817043,976.0,True,True
202606121419,gravity,14384,13022.0,0.9053114571746383,10237.0,0.0166666666669925,570.0,True,True,True,True,2,0.9053114571746383,1248.0,True,True
202606121419,zero_gravity,16484,15261.0,0.925806842999272,12164.0,0.0166666666669925,678.0,True,True,True,True,2,0.9053114571746383,1248.0,True,True
202606121603,gravity,15103,12475.0,0.825994835463153,11115.0,0.0166666666669925,582.0,True,True,True,True,2,0.8120118148999016,1174.0,True,True
202606121603,zero_gravity,15235,12371.0,0.8120118148999016,10919.0,0.0166666666669925,592.0,True,True,True,True,2,0.8120118148999016,1174.0,True,True
202606131455,gravity,14410,9726.0,0.6749479528105482,9830.0,0.0166666666669925,577.0,True,True,True,True,2,0.6749479528105482,1116.0,True,True
202606131455,zero_gravity,15296,10809.0,0.7066553347280334,8857.0,0.0166666666669925,539.0,True,True,True,True,2,0.6749479528105482,1116.0,True,True
202606151502,gravity,14055,13276.0,0.944574884382782,13094.0,0.0166666666669925,544.0,True,True,True,True,2,0.944574884382782,980.0,True,True
202606151502,zero_gravity,13441,12883.0,0.9584852317535898,10632.0,0.0166666666669925,436.0,True,True,True,True,2,0.944574884382782,980.0,True,True
202606151633,gravity,15137,12919.0,0.8534716258175332,12499.0,0.0166666666669925,494.0,True,True,True,True,2,0.8534716258175332,877.0,True,True
202606151633,zero_gravity,13649,12546.0,0.9191882189171368,12320.0,0.0166666666669925,383.0,True,True,True,True,2,0.8534716258175332,877.0,True,True
202606151954,gravity,15504,14245.0,0.9187951496388028,11262.0,0.0166666666669925,530.0,True,True,True,True,2,0.7642363338322287,932.0,True,True
202606151954,zero_gravity,14031,10723.0,0.7642363338322287,7632.0,0.0166666666669925,402.0,True,True,True,True,2,0.7642363338322287,932.0,True,True
202606160949,gravity,15801,14572.0,0.922220112651098,12978.0,0.0166666666669925,522.0,True,True,True,True,2,0.87894411218808,1026.0,True,True
202606160949,zero_gravity,14547,12786.0,0.87894411218808,11717.0,0.0166666666669925,504.0,True,True,True,True,2,0.87894411218808,1026.0,True,True
202606161430,gravity,14883,14267.0,0.9586104951958612,12023.0,0.0166666666669925,496.0,True,True,True,True,2,0.9511958001166634,1015.0,True,True
202606161430,zero_gravity,15429,14676.0,0.9511958001166634,12677.0,0.0166666666669925,519.0,True,True,True,True,2,0.9511958001166634,1015.0,True,True
202606161543,gravity,15214,13190.0,0.8669646378335744,10210.0,0.0166666666669925,451.0,True,True,True,True,2,0.8669646378335744,975.0,True,True
202606161543,zero_gravity,18384,16039.0,0.8724434290687555,10551.0,0.0166666666669925,524.0,True,True,True,True,2,0.8669646378335744,975.0,True,True
202606162041,gravity,15994,13399.0,0.8377516568713268,11071.0,0.0166666666669925,624.0,True,True,True,True,2,0.8377516568713268,1177.0,True,True
202606162041,zero_gravity,14914,12507.0,0.8386080193107147,10239.0,0.0166666666669925,553.0,True,True,True,True,2,0.8377516568713268,1177.0,True,True
202606171429,gravity,14491,11444.0,0.7897315575184597,10149.0,0.0166666666669925,632.0,True,True,True,True,2,0.7686717279865032,1218.0,True,True
202606171429,zero_gravity,15411,11846.0,0.7686717279865032,10261.0,0.0166666666669925,586.0,True,True,True,True,2,0.7686717279865032,1218.0,True,True
202606171620,gravity,12946,8887.0,0.6864668623513054,8562.0,0.0166666666669925,473.0,True,True,True,True,2,0.6864668623513054,931.0,True,True
202606171620,zero_gravity,14378,10148.0,0.7058005285853387,7933.0,0.0166666666669925,458.0,True,True,True,True,2,0.6864668623513054,931.0,True,True
202606181002,gravity,13729,13078.0,0.9525821254279264,10949.0,0.0166666666669925,646.0,True,True,True,True,2,0.950369511664976,1276.0,True,True
202606181002,zero_gravity,13802,13117.0,0.950369511664976,10757.0,0.0166666666669925,630.0,True,True,True,True,2,0.950369511664976,1276.0,True,True
202606181422,gravity,12894,11195.0,0.8682332868000621,9713.0,0.0166666666669925,490.0,True,True,True,True,2,0.8539166728776925,934.0,True,True
202606181422,zero_gravity,13417,11457.0,0.8539166728776925,9514.0,0.0166666666669925,444.0,True,True,True,True,2,0.8539166728776925,934.0,True,True
202606221624,gravity,14848,13094.0,0.8818696120689655,11586.0,0.0166666666669925,554.0,True,True,True,True,2,0.8564603386496171,1035.0,True,True
202606221624,zero_gravity,14233,12190.0,0.8564603386496171,10160.0,0.0166666666669925,481.0,True,True,True,True,2,0.8564603386496171,1035.0,True,True
202606231419,gravity,13912,11267.0,0.8098763657274296,8754.0,0.0166666666669925,530.0,True,True,True,True,2,0.8098763657274296,1101.0,True,True
202606231419,zero_gravity,14806,12024.0,0.8121032014048358,9616.0,0.0166666666669925,571.0,True,True,True,True,2,0.8098763657274296,1101.0,True,True
202606241428,gravity,14614,12886.0,0.8817572191049678,10897.0,0.0166666666669925,459.0,True,True,True,True,2,0.8697255223269152,914.0,True,True
202606241428,zero_gravity,14646,12738.0,0.8697255223269152,10877.0,0.0166666666669925,455.0,True,True,True,True,2,0.8697255223269152,914.0,True,True
202606241623,gravity,13952,13087.0,0.9380017201834864,10694.0,0.0166666666669925,580.0,True,True,True,True,2,0.9012747956325388,1284.0,True,True
202606241623,zero_gravity,17493,15766.0,0.9012747956325388,12320.0,0.0166666666669925,704.0,True,True,True,True,2,0.9012747956325388,1284.0,True,True
202606250958,gravity,12628,10938.0,0.8661704149509027,10717.0,0.0166666666669925,534.0,True,True,True,True,2,0.8661704149509027,926.0,True,True
202606250958,zero_gravity,13879,12690.0,0.9143310036746164,12073.0,0.0166666666669925,392.0,True,True,True,True,2,0.8661704149509027,926.0,True,True
202606251423,gravity,13781,11893.0,0.8629997823089761,9258.0,0.0166666666669925,574.0,True,True,True,True,2,0.8629997823089761,1132.0,True,True
202606251423,zero_gravity,14755,12841.0,0.8702812605896306,9587.0,0.0166666666669925,558.0,True,True,True,True,2,0.8629997823089761,1132.0,True,True
202606251616,gravity,13847,11961.0,0.863797212392576,10822.0,0.0166666666669925,615.0,True,True,True,True,2,0.863797212392576,1348.0,True,True
202606251616,zero_gravity,16200,14508.0,0.8955555555555555,12899.0,0.0166666666669925,733.0,True,True,True,True,2,0.863797212392576,1348.0,True,True
202606260938,gravity,12069,11173.0,0.9257602121136796,10510.0,0.0166666666669925,597.0,True,True,True,True,2,0.9257602121136796,1232.0,True,True
202606260938,zero_gravity,13078,12531.0,0.9581740327267166,11810.0,0.0166666666669925,635.0,True,True,True,True,2,0.9257602121136796,1232.0,True,True
202606261540,gravity,12912,11787.0,0.912871747211896,10807.0,0.0166666666669925,493.0,True,True,True,True,2,0.912871747211896,899.0,True,True
202606261540,zero_gravity,13075,12671.0,0.9691013384321224,11377.0,0.0166666666669925,406.0,True,True,True,True,2,0.912871747211896,899.0,True,True
202606271424,gravity,14269,13229.0,0.927114724227346,11676.0,0.0166666666669925,554.0,True,True,True,True,2,0.927114724227346,1151.0,True,True
202606271424,zero_gravity,14897,14230.0,0.9552258844062564,12263.0,0.0166666666669925,597.0,True,True,True,True,2,0.927114724227346,1151.0,True,True
202606291435,gravity,13970,10784.0,0.7719398711524695,10287.0,0.0166666666669925,587.0,True,True,True,True,2,0.7719398711524695,1175.0,True,True
202606291435,zero_gravity,15013,12121.0,0.8073669486445081,11485.0,0.0166666666669925,588.0,True,True,True,True,2,0.7719398711524695,1175.0,True,True
202606291609,gravity,14389,12848.0,0.8929043018972826,10137.0,0.0166666666669925,489.0,True,True,True,True,2,0.8785517873510541,981.0,True,True
202606291609,zero_gravity,15274,13419.0,0.8785517873510541,10152.0,0.0166666666669925,492.0,True,True,True,True,2,0.8785517873510541,981.0,True,True
202606301005,gravity,14099,7676.0,0.544435775586921,6698.0,0.0166666666669925,411.0,True,True,False,True,2,0.544435775586921,952.0,True,False
202606301005,zero_gravity,14524,9995.0,0.6881713026714403,9521.0,0.0166666666669925,541.0,True,True,True,True,2,0.544435775586921,952.0,True,False
202606301410,gravity,13373,10041.0,0.7508412472893143,9549.0,0.0166666666669925,513.0,True,True,True,True,2,0.6207164101900944,956.0,True,True
202606301410,zero_gravity,15466,9600.0,0.6207164101900944,7597.0,0.0166666666669925,443.0,True,True,True,True,2,0.6207164101900944,956.0,True,True
202606301635,gravity,14660,11756.0,0.8019099590723056,10924.0,0.0166666666669925,627.0,True,True,True,True,2,0.7355615148145725,1195.0,True,True
202606301635,zero_gravity,15289,11246.0,0.7355615148145725,10629.0,0.0166666666669925,568.0,True,True,True,True,2,0.7355615148145725,1195.0,True,True
202607011009,gravity,15394,12037.0,0.7819280239054177,9757.0,0.0166666666669925,450.0,True,True,True,True,2,0.7475979305247598,972.0,True,True
202607011009,zero_gravity,18942,14161.0,0.7475979305247598,11665.0,0.0166666666669925,522.0,True,True,True,True,2,0.7475979305247598,972.0,True,True
202607011417,gravity,13609,12870.0,0.9456977000514364,11375.0,0.0166666666669925,554.0,True,True,True,True,2,0.9456977000514364,1029.0,True,True
202607011417,zero_gravity,13789,13097.0,0.94981506998332,11000.0,0.0166666666669925,475.0,True,True,True,True,2,0.9456977000514364,1029.0,True,True
202607011950,gravity,14574,12030.0,0.825442568958419,10417.0,0.0166666666669925,600.0,True,True,True,True,2,0.8169674244199672,1305.0,True,True
202607011950,zero_gravity,17068,13944.0,0.8169674244199672,12645.0,0.0166666666669925,705.0,True,True,True,True,2,0.8169674244199672,1305.0,True,True
202607021616,gravity,14256,13089.0,0.9181397306397306,12259.0,0.0166666666669925,682.0,True,True,True,True,2,0.9181397306397306,1290.0,True,True
202607021616,zero_gravity,12798,11914.0,0.9309267072980152,11124.0,0.0166666666669925,608.0,True,True,True,True,2,0.9181397306397306,1290.0,True,True
202607031029,gravity,14942,13295.0,0.8897737919957168,12135.0,0.0166666666669925,629.0,True,True,True,True,2,0.8897737919957168,1355.0,True,True
202607031029,zero_gravity,16399,14796.0,0.902250137203488,13908.0,0.0166666666669925,726.0,True,True,True,True,2,0.8897737919957168,1355.0,True,True
202607031621,gravity,12698,12502.0,0.9845644983461964,11885.0,0.0166666666669925,438.0,True,True,True,True,2,0.9799223764741006,934.0,True,True
202607031621,zero_gravity,13398,13129.0,0.9799223764741006,12327.0,0.0166666666669925,496.0,True,True,True,True,2,0.9799223764741006,934.0,True,True
202607061414,gravity,13023,12092.0,0.9285110957536666,11393.0,0.0166666666669925,589.0,True,True,True,True,2,0.8963326784544859,1021.0,True,True
202607061414,zero_gravity,15270,13687.0,0.8963326784544859,10003.0,0.0166666666669925,432.0,True,True,True,True,2,0.8963326784544859,1021.0,True,True
202607061659,gravity,15103,10949.0,0.7249553068926703,10212.0,0.0166666666669925,592.0,True,True,True,True,2,0.7249553068926703,1165.0,True,True
202607061659,zero_gravity,14917,12832.0,0.8602265871153717,11169.0,0.0166666666669925,573.0,True,True,True,True,2,0.7249553068926703,1165.0,True,True
202607061949,gravity,16968,12915.0,0.7611386138613861,11754.0,0.0166666666669925,660.0,True,True,True,True,2,0.7611386138613861,1288.0,True,True
202607061949,zero_gravity,15965,12609.0,0.7897901659880989,11531.0,0.0166666666669925,628.0,True,True,True,True,2,0.7611386138613861,1288.0,True,True
202607071009,gravity,14672,14206.0,0.968238822246456,10737.0,0.0166666666669925,562.0,True,True,True,True,2,0.9563253012048192,1092.0,True,True
202607071009,zero_gravity,16600,15875.0,0.9563253012048192,8437.0,0.0166666666669925,530.0,True,True,True,True,2,0.9563253012048192,1092.0,True,True
