subject,condition,region,total_fixation_time,fixation_count,mean_fixation_time,fixation_time_ratio,fixation_time_ratio_logit,total_fixation_time_log1p,fixation_count_log1p,mean_fixation_time_log1p
202511171004,gravity,ball,152.05000000016705,524,0.29017175572550963,0.9165159734779615,2.3959241814895393,5.030764665392513,6.263398262591624,0.2547753534839719
202511171004,gravity,position,13.850000000021964,62,0.22338709677454782,0.08348402652203848,-2.395924181489539,2.6979998652501878,4.143134726391533,0.20162332074973927
202511171004,zero_gravity,ball,144.833333333474,462,0.31349206349236797,0.8347742555235166,1.6198486484518049,4.982464417130524,6.137727054086234,0.27268928786587143
202511171004,zero_gravity,position,28.666666666698347,107,0.26791277258596585,0.16522574447648342,-1.6198486484518049,3.390024081065098,4.68213122712422,0.23737206231281266
202511171621,gravity,ball,167.50000000014848,490,0.3418367346941806,0.8220858895705355,1.5305439699643237,5.126935749793297,6.19644412779452,0.2940393729474731
202511171621,gravity,position,36.250000000036266,100,0.36250000000036264,0.17791411042946453,-1.5305439699643233,3.6176519448265423,4.61512051684126,0.30932124755552826
202511171621,zero_gravity,ball,151.05000000014041,480,0.31468750000029255,0.698012939001853,0.8378534677624717,5.0242094141242974,6.175867270105761,0.27359899480292554
202511171621,zero_gravity,position,65.35000000005931,181,0.36104972375723376,0.30198706099814693,-0.8378534677624719,4.19494376077911,5.204006687076795,0.3082562577243871
202511181005,gravity,ball,144.91666666677523,323,0.44865841073305024,0.9351473435147198,2.6685862300609586,4.9830356824985955,5.780743515792329,0.37063789416211873
202511181005,gravity,position,10.05000000000993,25,0.4020000000003972,0.06485265648528014,-2.668586230060959,2.4024304279646604,3.258096538021482,0.33789978861268166
202511181005,zero_gravity,ball,146.3333333334595,353,0.41454202077467284,0.7950738024088018,1.355785040995846,4.992697593410445,5.869296913133774,0.346805818476011
202511181005,zero_gravity,position,37.716666666690855,71,0.531220657277336,0.20492619759119826,-1.3557850409958458,3.6562701705489333,4.276666119016055,0.4260652325329024
202511181030,gravity,ball,236.13333333355087,644,0.3666666666670044,0.8271835590844768,1.565796632144122,5.468622570847162,6.4692503167957724,0.31237468504239957
202511181030,gravity,position,49.33333333340056,142,0.34741784037606027,0.17281644091552317,-1.565796632144122,3.91866754814815,4.962844630259907,0.2981900500505474
202511181030,zero_gravity,ball,122.06666666679251,377,0.32378426171563,0.7586492645536147,1.1452883592349925,4.81272621396161,5.934894195619588,0.28049449991440567
202511181030,zero_gravity,position,38.83333333336026,91,0.4267399267402226,0.24135073544638525,-1.1452883592349927,3.6847040827041315,4.5217885770490405,0.3553920701260506
202511181442,gravity,ball,109.9000000001165,374,0.29385026737999065,0.8646734854445033,1.8546614775899242,4.708628894357372,5.926926025970411,0.2576224763849817
202511181442,gravity,position,17.200000000022442,75,0.22933333333363257,0.13532651455549677,-1.8546614775899235,2.901421594083983,4.330733340286331,0.2064720170264811
202511181442,zero_gravity,ball,111.33333333347144,393,0.28329092451265,0.702270815811616,0.858134811717127,4.721470641685482,5.976350909297934,0.24942781325125882
202511181442,zero_gravity,position,47.20000000005638,159,0.2968553459123043,0.29772918418838396,-0.8581348117171271,3.8753590210577245,5.075173815233827,0.25994236936290144
202511181445,gravity,ball,141.03333333346586,392,0.35977891156496394,0.7881892697466515,1.3140451569695595,4.95606177183869,5.973809611869261,0.30732212150707283
202511181445,gravity,position,37.90000000003454,114,0.33245614035118015,0.21181073025334846,-1.3140451569695597,3.6609942506252886,4.74493212836325,0.2870239612074591
202511181445,zero_gravity,ball,178.55000000016008,500,0.35710000000032016,0.9876463538305488,4.381373436311364,5.190453720672983,6.2166061010848646,0.30535007010542387
202511181445,zero_gravity,position,2.233333333335963,10,0.22333333333359628,0.0123536461694512,-4.381373436311366,1.1735135968420407,2.3978952727983707,0.20157937339858417
202511181455,gravity,ball,170.36666666661165,211,0.8074249605052685,0.9738948170731709,3.6191694329401627,5.143805510393028,5.356586274672012,0.5919031585625778
202511181455,gravity,position,4.5666666666651565,12,0.3805555555554297,0.02610518292682907,-3.6191694329401627,1.7167964307543284,2.5649493574615367,0.3224859946463819
202511181455,zero_gravity,ball,158.5333333332672,202,0.7848184818478574,0.8878103416091436,2.068567323275807,5.072252886805749,5.313205979041787,0.5793167192192018
202511181455,zero_gravity,position,20.033333333318126,50,0.4006666666663625,0.11218965839085637,-2.068567323275807,3.0461084808783347,3.9318256327243257,0.33694831375448187
202511181644,gravity,ball,110.35000000009961,340,0.3245588235297047,0.7018231927072174,0.8559948864349329,4.712678393704271,5.831882477283517,0.2810794406197659
202511181644,gravity,position,46.88333333337829,134,0.3498756218908827,0.29817680729278256,-0.8559948864349332,3.8687674967581276,4.90527477843843,0.3000124562732514
202511181644,zero_gravity,ball,161.53333333348485,464,0.34813218390837253,0.9174555092768087,2.408266658027696,5.090883108939939,6.142037405587356,0.29872006696182657
202511181644,zero_gravity,position,14.533333333343194,45,0.3229629629631821,0.08254449072319126,-2.408266658027696,2.742988252464125,3.828641396489095,0.2798738900041349
202511181645,gravity,ball,92.3666666665842,254,0.3636482939629299,0.8549830299291029,1.774230850159428,4.53653439359707,5.541263545158426,0.31016367717171667
202511181645,gravity,position,15.666666666644005,71,0.220657276994986,0.14501697007089712,-1.7742308501594277,2.8134107167586766,4.276666119016055,0.19938946530584115
202511181645,zero_gravity,ball,106.83333333323657,299,0.35730211817135976,0.9246970571263684,2.5079469620320474,4.6805868252719485,5.703782474656201,0.30549899289771026
202511181645,zero_gravity,position,8.699999999992372,46,0.18913043478244287,0.07530294287363155,-2.5079469620320483,2.272125885508551,3.8501476017100584,0.17322231293870105
202511190941,gravity,ball,150.58333333348668,452,0.33314896755196166,0.9244858283024602,2.5049173784257732,5.021135528731134,6.115892125483034,0.2875437885549748
202511190941,gravity,position,12.30000000001354,49,0.25102040816354165,0.07551417169753978,-2.5049173784257737,2.587764035228726,3.912023005428146,0.22395954483176
202511190941,zero_gravity,ball,112.38333333345196,374,0.30049019607874855,0.6768721140333505,0.7394341774358827,4.730774408124006,5.926926025970411,0.26274126729972147
202511190941,zero_gravity,position,53.650000000050795,141,0.38049645390106945,0.3231278859666496,-0.7394341774358825,4.000949214623477,4.955827057601261,0.32244318367855745
202511191004,gravity,ball,137.93333333343872,329,0.4192502532931268,0.8822087197526753,2.013514424913424,4.933994201771806,5.799092654460526,0.35012874153838625
202511191004,gravity,position,18.416666666683625,55,0.3348484848487932,0.11779128024732467,-2.013514424913424,2.9661318037785738,4.02535169073515,0.2888177909159393
202511191004,zero_gravity,ball,142.06666666677972,347,0.40941402497631046,0.8432090216638424,1.6823013069069641,4.963310722089224,5.8522024797744745,0.3431740328874627
202511191004,zero_gravity,position,26.41666666669198,95,0.278070175438863,0.1567909783361576,-1.6823013069069643,3.311151100978295,4.564348191467836,0.2453512648068722
202511191420,gravity,ball,146.93333333348642,452,0.32507374631302305,0.7820455956711401,1.2776271588719132,4.996761721831419,6.115892125483034,0.28146811548409345
202511191420,gravity,position,40.95000000002642,77,0.5318181818185249,0.2179544043288599,-1.2776271588719135,3.736478432913845,4.356708826689592,0.4264553840002242
202511191420,zero_gravity,ball,103.80000000011535,348,0.29827586206929696,0.7271453590192579,0.980187198414998,4.652053771888043,5.855071922202427,0.26103712425968384
202511191420,zero_gravity,position,38.950000000044554,122,0.3192622950823324,0.272854640980742,-0.9801871984149985,3.687628672213399,4.812184355372417,0.2770727130118374
202511191423,gravity,ball,153.2999999999226,260,0.5896153846150869,0.9621338912134073,3.2350971362745975,5.038898759368614,5.564520407322694,0.46349209050197165
202511191423,gravity,position,6.033333333327278,18,0.33518518518484874,0.03786610878659271,-3.2350971362745966,1.95066075181305,2.9444389791664403,0.28906999772637704
202511191423,zero_gravity,ball,90.43333333325722,242,0.37369146005478193,0.6604186952287439,0.6651606184031181,4.515610109274616,5.493061443340548,0.3175016125827972
202511191423,zero_gravity,position,46.499999999977035,63,0.7380952380948735,0.3395813047712562,-0.665160618403118,3.860729711040112,4.1588830833596715,0.552789822864813
202511191614,gravity,ball,127.83333333324578,284,0.4501173708917105,0.8581338106959489,1.7998757593644898,4.8585195793586875,5.652489180268651,0.37164449859913645
202511191614,gravity,position,21.13333333331127,50,0.42266666666622543,0.14186618930405118,-1.7998757593644896,3.0970847678132816,3.9318256327243257,0.3525330447710871
202511191614,zero_gravity,ball,46.09999999994608,161,0.28633540372637317,0.559239789728969,0.23807735644114295,3.8522730010212274,5.087596335232384,0.2517974034168151
202511191614,zero_gravity,position,36.333333333306314,74,0.4909909909906259,0.440760210271031,-0.23807735644114267,3.619886582626261,4.31748811353631,0.3994409935045386
202511191626,gravity,ball,149.80000000013155,392,0.38214285714319274,0.9287042777433043,2.5669540357134455,5.015954455574728,5.973809611869261,0.32363508986077505
202511191626,gravity,position,11.50000000001549,41,0.28048780487842656,0.07129572225669564,-2.566954035713446,2.5257286443094946,3.7376696182833684,0.2472411028935653
202511191626,zero_gravity,ball,149.88333333345884,452,0.3316002949855284,0.8530639347372149,1.7588369354974343,5.016506911254171,6.115892125483034,0.2863814482458399
202511191626,zero_gravity,position,25.816666666693777,92,0.2806159420292802,0.14693606526278516,-1.758836935497434,3.2890235847712934,4.532599493153256,0.24734116690004318
202511200929,gravity,ball,162.40000000015596,463,0.35075593952517486,0.8932893289329126,2.124789361658497,5.096201182426857,6.139884552226255,0.3006643909377562
202511200929,gravity,position,19.4000000000147,39,0.49743589743627437,0.1067106710670874,-2.1247893616584976,3.0155349008508914,3.6888794541139363,0.4037542437047867
202511200929,zero_gravity,ball,188.31666666684237,551,0.34177253478555786,0.9753129046180258,3.676477694388779,5.243421098010249,6.313548046277095,0.2939915270040528
202511200929,zero_gravity,position,4.766666666674041,15,0.31777777777826943,0.024687095381974215,-3.6764776943887796,1.7520942128369024,2.772588722239781,0.2759468162337331
202511201004,gravity,ball,97.26666666656223,322,0.3020703933744169,0.7199605230693189,0.9442657991671661,4.587684871646009,5.777652323222656,0.2639556078966359
202511201004,gravity,position,37.83333333329506,138,0.27415458937170334,0.28003947693068115,-0.9442657991671659,3.6592789843366598,4.9344739331306915,0.24228289152468951
202511201004,zero_gravity,ball,154.33333333322634,331,0.46626384692817624,0.9006029955262341,2.2039425568773785,5.045573345456847,5.805134968916488,0.3827175647112382
202511201004,zero_gravity,position,17.033333333307837,89,0.1913857677899757,0.09939700447376584,-2.203942556877379,2.892221897182912,4.499809670330265,0.17511714035460846
202511201020,gravity,ball,143.71666666680653,392,0.3666241496602207,0.8390580908825617,1.65123645536875,4.974777807839511,5.973809611869261,0.31234357455350964
202511201020,gravity,position,27.566666666691788,72,0.38287037037071925,0.16094190911743836,-1.6512364553687497,3.352240536936504,4.290459441148391,0.3241613175381514
202511201020,zero_gravity,ball,132.66666666678628,341,0.3890518084069979,0.7480499953012493,1.0882391406027654,4.895349138639355,5.834810737062605,0.3286213621457267
202511201020,zero_gravity,position,44.683333333360395,103,0.43381877022679993,0.25195000469875073,-1.0882391406027652,3.8217335340812775,4.6443908991413725,0.3603413535957492
202511201417,gravity,ball,123.83333333345433,329,0.3763931104360314,0.7431486297260209,1.0623984729023497,4.826979514290134,5.799092654460526,0.31946638943318806
202511201417,gravity,position,42.80000000002485,87,0.49195402298879143,0.25685137027397914,-1.0623984729023495,3.779633817382968,4.477336814478207,0.4000866856155974
202511201417,zero_gravity,ball,161.66666666679413,412,0.3923948220067819,0.8098856140937297,1.4492670984280605,5.091703117185821,6.023447592961033,0.33102515819412553
202511201417,zero_gravity,position,37.95000000001755,65,0.5838461538464239,0.19011438590627028,-1.4492670984280605,3.662278772317208,4.189654742026425,0.45985616357833187
202511201419,gravity,ball,180.05000000015127,466,0.38637339055826453,0.9569492426255547,3.1013705284162483,5.198773236212486,6.1463292576688975,0.32669126604281756
202511201419,gravity,position,8.100000000008777,29,0.27931034482788886,0.04305075737444532,-3.101370528416248,2.208274413523769,3.4011973816621555,0.246321139627152
202511201419,zero_gravity,ball,132.3166666667925,388,0.3410223367700838,0.7089025805876016,0.8900601273645982,4.892727250627665,5.963579343618446,0.2934322609617759
202511201419,zero_gravity,position,54.33333333337208,126,0.43121693121723875,0.2910974194123984,-0.8900601273645982,4.0133754996891335,4.844187086458591,0.35852508322710874
202511201635,gravity,ball,141.58333333346295,436,0.32473241590243795,0.8500100060035728,1.7346795360032043,4.959926624105102,6.07993319509559,0.2812104887811745
202511201635,gravity,position,24.98333333336197,87,0.28716475095818356,0.14998999399642726,-1.734679536003204,3.257455306836778,4.477336814478207,0.2524419320437213
202511201635,zero_gravity,ball,113.48333333344124,353,0.3214825306896352,0.8287487828627449,1.5767854883688452,4.740429251992723,5.869296913133774,0.27875423567073365
202511201635,zero_gravity,position,23.45000000001602,59,0.3974576271189156,0.17125121713725508,-1.5767854883688452,3.196630215921536,4.0943445622221,0.3346546051000827
202511201640,gravity,ball,93.3500000001209,334,0.2794910179644338,0.7402854877082009,1.0474529079066413,4.54701127181584,5.814130531825066,0.24646235663560945
202511201640,gravity,position,32.750000000036835,109,0.3004587155966682,0.2597145122917991,-1.0474529079066413,3.5189804173196304,4.700480365792417,0.2627170603789776
202511201640,zero_gravity,ball,90.28333333344045,333,0.2711211211214428,0.7092170725321582,0.8915846117638676,4.513968222562794,5.811140992976701,0.23989928359255283
202511201640,zero_gravity,position,37.016666666695926,109,0.33960244648344884,0.29078292746784185,-0.8915846117638676,3.638024660063057,4.700480365792417,0.2923728882153198
202511210958,gravity,ball,163.78333333346757,409,0.4004482477590894,0.7962242748339109,1.3628608958286512,5.104631479675847,6.016157159698354,0.3367923623462829
202511210958,gravity,position,41.91666666669835,91,0.46062271062305876,0.20377572516608916,-1.3628608958286508,3.759260250876474,4.5217885770490405,0.37886285891433297
202511210958,zero_gravity,ball,144.41666666678918,392,0.36840986394589076,0.5804917264019063,0.32479230026370065,4.97960318484937,5.973809611869261,0.3136493824743814
202511210958,zero_gravity,position,104.3666666667192,156,0.6690170940174307,0.4195082735980938,-0.3247923002637006,4.657446330553961,5.056245805348308,0.5122348866988066
202511211007,gravity,ball,100.60000000012741,364,0.2763736263739764,0.8188848188847764,1.508810249053103,4.621043535145636,5.8998973535824915,0.2440229526998423
202511211007,gravity,position,22.25000000003456,101,0.2202970297033125,0.18111518111522365,-1.5088102490531028,3.146305132034852,4.624972813284271,0.19909429608182047
202511211007,zero_gravity,ball,80.3166666667758,315,0.2549735449738914,0.6609518584557029,0.6675388980630756,4.398350997595078,5.755742213586912,0.2271144926594886
202511211007,zero_gravity,position,41.20000000004262,162,0.2543209876545841,0.3390481415442971,-0.6675388980630759,3.742420221042976,5.093750200806762,0.22659438047215252
202511211421,gravity,ball,164.88333333352477,562,0.2933867141165921,0.9632911392404926,3.2673375278748233,5.111284730025117,6.333279628139691,0.25726413791682123
202511211421,gravity,position,6.28333333334308,25,0.2513333333337232,0.03670886075950747,-3.2673375278748216,1.9855886328748278,3.258096538021482,0.22420964949651895
202511211421,zero_gravity,ball,101.48333333345141,367,0.27652134423283764,0.6224062148625383,0.49977398284948127,4.629700183732521,5.908082938168931,0.24413867846273263
202511211421,zero_gravity,position,61.5666666667326,181,0.34014732965045635,0.3775937851374616,-0.49977398284948155,4.136232654925407,5.204006687076795,0.2927795554193771
202511211426,gravity,ball,111.8500000001302,418,0.26758373205772773,0.7450871544354498,1.0725794927188388,4.726059503264699,6.037870919922137,0.23711251509633444
202511211426,gravity,position,38.26666666670906,137,0.2793187347934968,0.25491284556455024,-1.0725794927188383,3.670375982550456,4.927253685157205,0.2463276977997881
202511211426,zero_gravity,ball,124.61666666681793,458,0.27208879184894746,0.8403011912789129,1.6604707929026197,4.833234941622574,6.129050210060545,0.2406602673943754
202511211426,zero_gravity,position,23.683333333366704,73,0.32442922374474936,0.1596988087210871,-1.6604707929026197,3.20612825204705,4.30406509320417,0.28098159209591766
202511211457,gravity,ball,49.666666666607796,208,0.23878205128176824,0.8254847645429808,1.5539587601141809,3.9252682321770047,5.342334251964811,0.21412868021776582
202511211457,gravity,position,10.499999999984311,46,0.22826086956487632,0.17451523545701922,-1.5539587601141807,2.44234703536784,3.8501476017100584,0.20559924166302257
202511211457,zero_gravity,ball,99.86666666654168,354,0.28210922787158665,0.9374217772215343,2.7067159780891994,4.613799512684906,5.872117789475416,0.24850655601695015
202511211457,zero_gravity,position,6.666666666657477,36,0.1851851851849299,0.06257822277846564,-2.7067159780892003,2.0368819272598415,3.6109179126442243,0.16989903679518206
202511211610,gravity,ball,93.55000000012029,388,0.24110824742299045,0.8295891220809882,1.5827180946731052,4.549128795105739,5.963579343618446,0.21600472838384968
202511211610,gravity,position,19.21666666669205,71,0.27065727699566267,0.17041087791901174,-1.5827180946731052,3.006507346723205,4.276666119016055,0.23953430753384314
202511211610,zero_gravity,ball,62.93333333342008,283,0.2223792697293996,0.705398841771036,0.8731409403026724,4.157840873782585,5.648974238161206,0.2007991806225427
202511211610,zero_gravity,position,26.283333333361156,91,0.28882783882814456,0.294601158228964,-0.8731409403026726,3.306276015150054,4.5217885770490405,0.2537331532278354
202511211621,gravity,ball,140.68333333347522,383,0.3673194081813974,0.8665434760291383,1.8707365205339463,4.953594520396259,5.950642552587727,0.31285218676254395
202511211621,gravity,position,21.66666666669167,71,0.3051643192491784,0.1334565239708617,-1.8707365205339463,3.1208954165091,4.276666119016055,0.26632894798148177
202511211621,zero_gravity,ball,128.66666666678668,374,0.3440285204994296,0.7795617489649411,1.2631142864687674,4.864967054951262,5.926926025970411,0.2956714624854985
202511211621,zero_gravity,position,36.3833333333713,117,0.31096866096898546,0.2204382510350589,-1.2631142864687672,3.621224972299123,4.770684624465665,0.2707662998192476
202511241029,gravity,ball,124.88333333345008,361,0.3459372114500002,0.716622035195116,0.9277669827908082,4.835355552092275,5.8916442118257715,0.29709058188038645
202511241029,gravity,position,49.38333333337641,124,0.3982526881723904,0.28337796480488403,-0.927766982790808,3.9196604325582123,4.8283137373023015,0.3352233772440061
202511241029,zero_gravity,ball,177.48333333348938,457,0.3883661560907864,0.9079979536152453,2.289431304756837,5.184495226179648,6.126869184114185,0.32812762851333543
202511241029,zero_gravity,position,17.98333333335654,69,0.2606280193240078,0.09200204638475468,-2.289431304756838,2.943561401226304,4.248495242049359,0.23161002482431994
202511241622,gravity,ball,131.78333333348354,450,0.29285185185218565,0.9233913348125677,2.489342933126867,4.888718727159397,6.111467339502679,0.25685051615812504
202511241622,gravity,position,10.933333333345473,38,0.2877192982459335,0.07660866518743223,-2.4893429331268675,2.4793356047395623,3.6635616461296463,0.25287266778616785
202511241622,zero_gravity,ball,102.73333333345778,372,0.2761648745523059,0.6510350654838143,0.6235920617994881,4.641823503637326,5.921578419643816,0.24385938860703027
202511241622,zero_gravity,position,55.06666666671407,141,0.3905437352249225,0.3489649345161857,-0.623592061799488,4.026541458871583,4.955827057601261,0.32969484707385843
202511241649,gravity,ball,131.383333333501,495,0.2654208754212142,0.8564754454585314,1.7863195165378682,4.885701754412298,6.206575926724928,0.2354047746873595
202511241649,gravity,position,22.01666666668848,66,0.33358585858618905,0.1435245545414686,-1.7863195165378685,3.1362185911881393,4.204692619390966,0.28787144845865476
202511241649,zero_gravity,ball,110.8833333334594,403,0.27514474772570574,0.7728856877323061,1.2246776873222172,4.717456661717778,6.0014148779611505,0.2430596997946205
202511241649,zero_gravity,position,32.58333333337703,131,0.24872773536929027,0.2271143122676938,-1.2246776873222174,3.514029912159984,4.882801922586371,0.2221252212875763
202511250951,gravity,ball,133.4166666668292,463,0.2881569474445555,0.9391130924448184,2.735917742264172,4.900944428338418,6.139884552226255,0.25321247386463563
202511250951,gravity,position,8.650000000017059,49,0.1765306122452461,0.06088690755518154,-2.7359177422641725,2.2669579153526622,3.912023005428146,0.16256994860473734
202511250951,zero_gravity,ball,142.90000000015198,479,0.29832985386253025,0.9880156718137758,4.412098748016029,4.969118613894378,6.173786103901937,0.26107871069917277
202511250951,zero_gravity,position,1.7333333333360765,11,0.15757575757600695,0.011984328186224169,-4.412098748016031,1.0055218656031013,2.4849066497880004,0.14632795414626468
202511250957,gravity,ball,170.30000000011762,363,0.4691460055099659,0.9430549146285061,2.8070371259851212,5.143416405330761,5.8971538676367405,0.3846812833419263
202511250957,gravity,position,10.283333333342853,25,0.41133333333371414,0.05694508537149393,-2.8070371259851203,2.423326710691018,3.258096538021482,0.34453488404483357
202511250957,zero_gravity,ball,165.80000000013155,422,0.3928909952609752,0.7924167595985587,1.3395550472386533,5.116795489925435,6.0473721790462776,0.33138143994902897
202511250957,zero_gravity,position,43.43333333336136,87,0.4992337164754179,0.2075832404014413,-1.339555047238653,3.7939899385171842,4.477336814478207,0.40495412189388824
202511251431,gravity,ball,152.13333333351235,533,0.2854283927458018,0.8266618366237795,1.5621513195288683,5.031309001588057,6.280395838960195,0.2510920423572798
202511251431,gravity,position,31.900000000042127,98,0.3255102040820625,0.17333816337622057,-1.562151319528868,3.4934726577726067,4.59511985013459,0.2817974450063062
202511251431,zero_gravity,ball,175.20000000020605,633,0.2767772511851596,0.8830645161290447,2.021775899830147,5.171619713503248,6.452048954437226,0.24433913050045206
202511251431,zero_gravity,position,23.200000000024488,83,0.2795180722894517,0.1169354838709553,-2.021775899830147,3.1863526331636525,4.430816798843313,0.24648350101147115
202511251439,gravity,ball,148.00000000012912,388,0.38144329896940493,0.9234608985024819,2.4903267172571426,5.003946305946326,5.963579343618446,0.3231288214477694
202511251439,gravity,position,12.266666666679782,37,0.331531531531886,0.07653910149751807,-2.4903267172571426,2.5852546236232707,3.6375861597263857,0.2863298072020335
202511251439,zero_gravity,ball,148.56666666678603,354,0.4196798493412035,0.8948002409154318,2.1407394886250137,5.007742224314626,5.872117789475416,0.3504313879832262
202511251439,zero_gravity,position,17.466666666689434,52,0.33589743589787374,0.10519975908456825,-2.1407394886250137,2.9159673050863613,3.970291913552122,0.28960330263000256
202511251628,gravity,ball,175.21666666686912,566,0.30957008245029877,0.8382904074635096,1.6455625008646828,5.171714298511574,6.340359303727752,0.26969890201413094
202511251628,gravity,position,33.800000000041564,122,0.2770491803282095,0.16170959253649042,-1.6455625008646828,3.549617386781623,4.812184355372417,0.24455208870365808
202511251628,zero_gravity,ball,107.31666666681701,403,0.26629445823031517,0.5722538215429556,0.2910526582355593,4.685059035673636,6.0014148779611505,0.2360948861166817
202511251628,zero_gravity,position,80.21666666674014,217,0.3696620583720744,0.42774617845704443,-0.2910526582355592,4.39712048062231,5.384495062789089,0.3145640366902002
202511251659,gravity,ball,143.13333333353387,564,0.25378250591052104,0.8414658044287593,1.669175061380174,4.970738797098335,6.336825731146441,0.22616498690548487
202511251659,gravity,position,26.96666666670609,117,0.23048433048466743,0.15853419557124074,-1.6691750613801737,3.3310133248064604,4.770684624465665,0.20740785650106344
202511251659,zero_gravity,ball,129.53333333348832,522,0.24814814814844505,0.7329309694454219,1.0095443556833608,4.871628621989433,6.259581464064923,0.22166097135422483
202511251659,zero_gravity,position,47.20000000007343,195,0.24205128205165863,0.26706903055457804,-1.0095443556833612,3.875359021058078,5.278114659230517,0.21676427255554828
202511260959,gravity,ball,110.30000000012387,416,0.26514423076952853,0.8351842503786241,1.6228241786453803,4.712229258282612,6.0330862217988015,0.23518613209870537
202511260959,gravity,position,21.766666666686774,69,0.31545893719835905,0.1648157496213759,-1.6228241786453803,3.125297477909518,4.248495242049359,0.2741856064145664
202511260959,zero_gravity,ball,72.10000000011433,319,0.22601880877778788,0.5853856562924975,0.3449220756533899,4.291828366757297,5.768320995793772,0.20377217897691619
202511260959,zero_gravity,position,51.06666666670333,118,0.4327683615822316,0.4146143437075025,-0.34492207565339,3.95252494873818,4.77912349311153,0.35960848998945855
202511261442,gravity,ball,97.60000000010643,331,0.2948640483386901,0.9056603773584723,2.2617630984735766,4.591071261609669,5.805134968916488,0.2584057076626621
202511261442,gravity,position,10.16666666667993,36,0.2824074074077758,0.09433962264152773,-2.2617630984735766,2.4129331501640987,3.6109179126442243,0.24873909850346076
202511261442,zero_gravity,ball,87.76666666676857,296,0.2965090090093533,0.8485336770866426,1.7231464647918342,4.486011204152925,5.6937321388027,0.2596752746877143
202511261442,zero_gravity,position,15.666666666690674,66,0.2373737373741011,0.1514663229133574,-1.723146464791834,2.8134107167614766,4.204692619390966,0.21299117985048568
202511261447,gravity,ball,129.63333333346543,393,0.32985581000881786,0.9063155441621875,2.2694552455365797,4.872394416538487,5.976350909297934,0.2850705228292866
202511261447,gravity,position,13.40000000001561,50,0.2680000000003122,0.09368445583781243,-2.26945524553658,2.667228206583039,3.9318256327243257,0.2374408560152804
202511261447,zero_gravity,ball,93.33333333342188,303,0.30803080308060027,0.6537473733364451,0.6355523540253571,4.5468346089760665,5.717027701406222,0.2685228025135264
202511261447,zero_gravity,position,49.43333333338052,179,0.27616387337084086,0.3462526266635549,-0.6355523540253575,3.920652332127136,5.19295685089021,0.24385860408311985
202511261624,gravity,ball,139.26666666679355,388,0.3589347079041071,0.9161276175857429,2.390859288849294,4.9435453727562955,5.963579343618446,0.3067010897941743
202511261624,gravity,position,12.750000000019611,54,0.2361111111114743,0.08387238241425715,-2.3908592888492937,2.6210388241140063,4.007333185232471,0.21197025071637832
202511261624,zero_gravity,ball,133.1166666667748,399,0.33362573099442305,0.879722436391623,1.9898043426120646,4.8987100679248385,5.991464547107982,0.2879013466552528
202511261624,zero_gravity,position,18.200000000023408,62,0.29354838709715175,0.12027756360837705,-1.9898043426120648,2.954910279034955,4.143134726391533,0.25738912982766915
202511261626,gravity,ball,105.63333333326744,227,0.46534508076329273,0.7235159817350943,0.9619696161375012,4.6693961582867445,5.429345628954441,0.38209076474055637
202511261626,gravity,position,40.36666666665471,41,0.9845528455281636,0.2764840182649057,-0.9619696161375009,3.7224754035421626,3.7376696182833684,0.6853936220263499
202511261626,zero_gravity,ball,68.16666666660092,211,0.3230647709317579,0.4377140410957045,-0.25044472120939304,4.236519051001693,5.356586274672012,0.27995084155480976
202511261626,zero_gravity,position,87.56666666664836,60,1.4594444444441392,0.5622859589042956,0.2504447212093934,4.483755564097452,4.110873864173311,0.8999354888477609
202511261627,gravity,ball,136.43333333348423,466,0.29277539341949405,0.8794585302964744,1.9873125709692845,4.923138951045843,6.1463292576688975,0.25679137504808786
202511261627,gravity,position,18.70000000002858,82,0.2280487804881534,0.12054146970352565,-1.9873125709692843,2.9806186357453934,4.418840607796598,0.2054265524605473
202511261627,zero_gravity,ball,125.91666666682016,447,0.28169276659243886,0.832048458149779,1.6002151856653228,4.843530703108371,6.104793232414985,0.24818167813347083
202511261627,zero_gravity,position,25.41666666669778,99,0.256734006734321,0.16795154185022096,-1.600215185665323,3.273995124090458,4.605170185988092,0.22851629761685022
202511271030,gravity,ball,101.85000000013497,454,0.22433920704875543,0.7734463991899837,1.227874806060159,4.633271616100278,6.12029741895095,0.2024012756385188
202511271030,gravity,position,29.83333333337154,113,0.2640117994103676,0.22655360081001627,-1.2278748060601592,3.428596355851509,4.736198448394496,0.2342906306576517
202511271030,zero_gravity,ball,115.7500000001927,556,0.20818345323775667,0.6962406015038087,0.8294593566852625,4.760034896550657,6.322565239927284,0.18911795324530511
202511271030,zero_gravity,position,50.500000000072305,193,0.26165803108845753,0.3037593984961913,-0.8294593566852624,3.9415818076710942,5.267858159063328,0.23242675361805587
202511271033,gravity,ball,97.43333333324756,237,0.4111111111107492,0.9659616655651045,3.345636776881674,4.589379500080896,5.472270673671475,0.3443774161280697
202511271033,gravity,position,3.433333333330097,15,0.22888888888867315,0.034038334434895505,-3.3456367768816726,1.4891517465588684,2.772588722239781,0.20611041875779382
202511271033,zero_gravity,ball,84.99999999991365,275,0.3090909090905951,0.7553317535544263,1.1272538646310821,4.454347296252504,5.62040086571715,0.26933293378334455
202511271033,zero_gravity,position,27.533333333316705,63,0.4370370370367731,0.24466824644557375,-1.127253864631082,3.351072994479004,4.1588830833596715,0.362583380624715
202511271431,gravity,ball,102.28333333344099,342,0.29907407407438885,0.9360890787065271,2.6842203824669384,4.637476020741049,5.8377304471659395,0.26165175998443785
202511271431,gravity,position,6.9833333333408225,32,0.2182291666669007,0.06391092129347281,-2.6842203824669397,2.077356035189753,3.4965075614664802,0.1973983015625439
202511271431,zero_gravity,ball,28.20000000004302,128,0.2203125000003361,0.29872881355946035,-0.8533584849982343,3.3741687092757093,4.859812404361672,0.19910697348624384
202511271431,zero_gravity,position,66.20000000005729,203,0.3261083743845187,0.7012711864405397,0.8533584849982344,4.207673247529956,5.318119993844216,0.28224861872899826
202511271434,gravity,ball,133.30000000016014,484,0.2754132231408267,0.7420671738727584,1.0567405827223673,4.900076103530385,6.184148890937483,0.2432702226834779
202511271434,gravity,position,46.33333333337572,132,0.3510101010104221,0.2579328261272415,-1.0567405827223673,3.8572147689340466,4.890349128221754,0.30085253564176373
202511271434,zero_gravity,ball,123.80000000015093,484,0.255785123967254,0.6655317623869473,0.6880444435583021,4.826712455936537,6.184148890937483,0.22776097376630933
202511271434,zero_gravity,position,62.21666666672451,180,0.3456481481484695,0.33446823761305267,-0.6880444435583021,4.146567979467713,5.198497031265826,0.2968757915140982
202511271621,gravity,ball,154.36666666677667,333,0.4635635635638939,0.9893185216834066,4.528505101053139,5.045787914711293,5.811140992976701,0.3808742587750644
202511271621,gravity,position,1.6666666666669698,4,0.41666666666674246,0.010681478316593409,-4.5285051010531365,0.9808292530118399,1.6094379124341003,0.34830669426826927
202511271621,zero_gravity,ball,92.91666666675474,285,0.3260233918131745,0.5261419403549431,0.10466320029398385,4.542407864252714,5.655991810819852,0.28218453249281916
202511271621,zero_gravity,position,83.68333333338171,140,0.5977380952384408,0.47385805964505695,-0.10466320029398359,4.438918809372202,4.948759890378168,0.4685889385666172
202511271638,gravity,ball,149.33333333348656,470,0.31773049645422674,0.7693628713721831,1.2047171288860081,5.012855050835588,6.154858094016418,0.2759109360018173
202511271638,gravity,position,44.766666666702974,99,0.45218855218891896,0.2306371286278169,-1.2047171288860081,3.823556024106609,4.605170185988092,0.3730717648513504
202511271638,zero_gravity,ball,196.45000000018842,536,0.36651119403020227,0.9649611133851761,3.3156293126445937,5.285485387733613,6.285998094508865,0.3122609181052342
202511271638,zero_gravity,position,7.133333333341454,27,0.2641975308644983,0.03503888661482391,-3.3156293126445933,2.095970843632045,3.332204510175204,0.23443755793320656
202511281023,gravity,ball,118.31666666681414,444,0.2664789789793111,0.8046928134209804,1.4158869715113764,4.78178102317532,6.09807428216624,0.23624059259528854
202511281023,gravity,position,28.716666666704754,106,0.2709119496858939,0.19530718657901958,-1.4158869715113764,3.3917080556423214,4.672828834461906,0.23973471339995925
202511281023,zero_gravity,ball,139.85000000017044,519,0.26946050096371954,0.8858741554053807,2.049273164230617,4.947695494323591,6.253828811575473,0.23859200782563128
202511281023,zero_gravity,position,18.016666666693027,87,0.20708812260566697,0.1141258445946193,-2.0492731642306166,2.945315787641361,4.477336814478207,0.18821094906562208
202511281031,gravity,ball,139.56666666682756,482,0.28955739972370864,0.9693251533741715,3.4531571205907925,4.945681872085549,6.180016653652572,0.2542990585115966
202511281031,gravity,position,4.416666666680923,34,0.12990196078473304,0.03067484662582857,-3.4531571205907916,1.6894806201102688,3.5553480614894135,0.12213086859285792
202511281031,zero_gravity,ball,98.58333333346286,400,0.24645833333365716,0.6102971522905809,0.4485614537001648,4.600994814578911,5.993961427306569,0.2203061964943093
202511281031,zero_gravity,position,62.950000000074226,214,0.29415887850501976,0.38970284770941904,-0.448561453700165,4.1581015280260125,5.3706380281276624,0.25786096945752945
202511281419,gravity,ball,124.11666666679247,407,0.30495495495526403,0.9272817830905098,2.5456655628822045,4.8292466353519075,6.0112671744041615,0.2661685229032621
202511281419,gravity,position,9.733333333345286,40,0.24333333333363213,0.07271821690949024,-2.545665562882204,2.3733541638833664,3.713572066704308,0.2177959449878548
202511281419,zero_gravity,ball,85.00000000009402,277,0.3068592057765127,0.7216640724493969,0.9527310003232791,4.454347296254601,5.627621113690637,0.2676267056386923
202511281419,zero_gravity,position,32.783333333372184,105,0.3122222222225922,0.2783359275506031,-0.9527310003232791,3.519967584231049,4.663439094112067,0.27172205287333356
202511281437,gravity,ball,137.6500000001245,385,0.3575324675327909,0.7610578695171982,1.1584880082723745,4.931952772062685,5.955837369464831,0.3056686896911701
202511281437,gravity,position,43.21666666669185,72,0.6002314814818313,0.2389421304828018,-1.1584880082723743,3.7891017919162087,4.290459441148391,0.4701482947073276
202511281437,zero_gravity,ball,118.08333333344189,354,0.33356873823006183,0.6658208814961722,0.6893435554913103,4.779823528142779,5.872117789475416,0.2878586105405619
202511281437,zero_gravity,position,59.266666666701894,117,0.5065527065530077,0.3341791185038277,-0.6893435554913108,4.098779159290551,4.770684624465665,0.40982406507181063
202511281438,gravity,ball,60.333333333252654,250,0.2413333333330106,0.8123877917414349,1.4656006917348707,4.1163234689395605,5.5254529391317835,0.21618607074645096
202511281438,gravity,position,13.933333333318103,69,0.20193236714953772,0.18761220825856503,-1.465600691734871,2.70359585075181,4.248495242049359,0.18393056759947166
202511281438,zero_gravity,ball,61.0999999999151,257,0.23774319066114824,0.777683495969507,1.2522175635189772,4.128745988938066,5.552959584921617,0.21328971385961173
202511281438,zero_gravity,position,17.46666666663691,95,0.1838596491224938,0.22231650403049302,-1.2522175635189767,2.9159673050835173,4.564348191467836,0.16877998984295284
202511281630,gravity,ball,121.0666666668146,430,0.28155038759724327,0.7746614055668731,1.2348219026654204,4.804567343573512,6.066108090103747,0.24807058528212797
202511281630,gravity,position,35.21666666669745,93,0.378673835125779,0.22533859443312687,-1.2348219026654204,3.589519418035179,4.543294782270004,0.3211220480838181
202511281630,zero_gravity,ball,118.71666666682086,422,0.28131911532422005,0.7773654916512805,1.2503791771405228,4.785127839853989,6.0473721790462776,0.24789010611735787
202511281630,zero_gravity,position,34.0000000000295,85,0.4000000000003471,0.22263450834871945,-1.2503791771405228,3.5553480614902564,4.454347296253507,0.33647223662146086
202512011416,gravity,ball,133.21666666680886,456,0.2921418128658089,0.8496864037418964,1.7321435911695173,4.899455409574504,6.124683390894205,0.25630116161700967
202512011416,gravity,position,23.566666666691447,78,0.3021367521370698,0.15031359625810364,-1.7321435911695167,3.20139051052819,4.3694478524670215,0.26400657063420585
202512011416,zero_gravity,ball,105.31666666678166,392,0.2686649659866879,0.6638302342682847,0.680410157985544,4.666422062020936,5.973809611869261,0.2379651396794802
202512011416,zero_gravity,position,53.333333333396524,170,0.31372549019645013,0.33616976573171525,-0.6804101579855443,3.995137912139816,5.14166355650266,0.2728669866669232
202512011436,gravity,ball,148.56666666684578,536,0.27717661691575707,0.9137878011276337,2.36078669353364,5.007742224315026,6.285998094508865,0.24465187360739746
202512011436,gravity,position,14.01666666668234,56,0.25029761904789893,0.08621219887236625,-2.3607866935336403,2.709160695387281,4.04305126783455,0.223381618212356
202512011436,zero_gravity,ball,94.65000000012691,361,0.2621883656513211,0.5579681666340671,0.2329200110368718,4.560695695887588,5.8916442118257715,0.23284701260953344
202512011436,zero_gravity,position,74.98333333338803,189,0.39673721340416945,0.44203183336593294,-0.23292001103687152,4.33051401799206,5.247024072160486,0.3341389547808844
202512011444,gravity,ball,108.36666666654719,319,0.3397074190173893,0.9762762762763048,3.7172700678381134,4.694706151297853,5.768320995793772,0.29245124610542117
202512011444,gravity,position,2.6333333333271867,19,0.13859649122774667,0.023723723723695196,-3.7172700678381156,1.2901505005652967,2.995732273553991,0.12979635587521005
202512011444,zero_gravity,ball,78.1666666665916,320,0.24427083333309874,0.6105180942461793,0.44949052234549147,4.371555334805638,5.771441123130016,0.21854968230379376
202512011444,zero_gravity,position,49.866666666642004,93,0.536200716845613,0.38948190575382075,-0.4494905223454912,3.929207830181762,4.543294782270004,0.42931230121793845
202512011612,gravity,ball,119.06666666676853,318,0.37442348008417775,0.8738837920488903,1.935743638539018,4.788047144074595,5.765191102784844,0.3180343559815665
202512011612,gravity,position,17.18333333335417,71,0.2420187793430165,0.1261162079511097,-1.9357436385390179,2.900505423612116,4.276666119016055,0.21673810364095192
202512011612,zero_gravity,ball,97.10000000010888,308,0.31525974026009373,0.6220371556695217,0.49820393139189584,4.585987366572427,5.733341276897746,0.27403416723533913
202512011612,zero_gravity,position,59.00000000004633,169,0.3491124260357771,0.37796284433047833,-0.49820393139189584,4.094344562222873,5.135798437050262,0.29944691403157053
202512021035,gravity,ball,93.05000000010921,362,0.2570441988953293,0.7096733189272296,0.8937979745347776,4.5438265557482005,5.8944028342648505,0.22876309119783364
202512021035,gravity,position,38.066666666699234,109,0.34923547400641497,0.2903266810727704,-0.8937979745347776,3.665269588475636,4.700480365792417,0.29953811648231543
202512021035,zero_gravity,ball,54.55000000007544,227,0.2403083700443852,0.49893292682936985,-0.004268299162632652,4.017283516086997,5.429345628954441,0.2153600342194928
202512021035,zero_gravity,position,54.78333333338685,170,0.3222549019610991,0.5010670731706302,0.004268299162632746,4.021475138990185,5.14166355650266,0.2793385382447332
202512021459,gravity,ball,147.55000000015787,483,0.305486542443391,0.8671760211577869,1.8762171951105777,5.000921601909679,6.182084906716632,0.26657580074956116
202512021459,gravity,position,22.600000000027137,97,0.23298969072192924,0.13282397884221314,-1.8762171951105773,3.1612467120327143,4.584967478670572,0.20944186301337545
202512021459,zero_gravity,ball,172.20000000016984,529,0.32551984877158757,0.9268861577105795,2.5398130409746424,5.154446996129315,6.272877006546167,0.2818047211890222
202512021459,zero_gravity,position,13.583333333349799,52,0.26121794871826537,0.07311384228942053,-2.5398130409746424,2.679879324136643,3.970291913552122,0.23207788004822663
202512021644,gravity,ball,158.26666666658258,293,0.5401592718995992,0.8145479499056882,1.479836938090642,5.070579946223072,5.683579767338681,0.4318858343891439
202512021644,gravity,position,36.03333333330369,84,0.42896825396790106,0.1854520500943118,-1.4798369380906418,3.611818407976674,4.442651256490317,0.3569526831431593
202512021644,zero_gravity,ball,84.96666666662793,136,0.6247549019604994,0.643686868686904,0.5914024525234552,4.453959624218739,4.919980925828125,0.4853569748430088
202512021644,zero_gravity,position,47.033333333304654,82,0.5735772357720079,0.356313131313096,-0.5914024525234554,3.8718952143367695,4.418840607796598,0.45335152165101733
202512021645,gravity,ball,96.51666666680833,409,0.23598207008999592,0.7268733525794568,0.9788166592502934,4.580023303567589,6.016157159698354,0.2118658525306005
202512021645,gravity,position,36.26666666670769,144,0.25185185185213677,0.2731266474205432,-0.9788166592502932,3.61809927205399,4.976733742420574,0.2246239364848716
202512021645,zero_gravity,ball,35.80000000006709,183,0.19562841530091304,0.4117308798161721,-0.3568145989902134,3.6054978451767083,5.214935757608986,0.1786719177067118
202512021645,zero_gravity,position,51.15000000005659,167,0.3062874251500395,0.5882691201838279,0.3568145989902135,3.9541241814478667,5.123963979403259,0.26718908715312295
202512030944,gravity,ball,115.76666666659975,225,0.5145185185182211,0.8348557692307502,1.6204397605215868,4.760177641534758,5.420534999272286,0.4150975788902421
202512030944,gravity,position,22.899999999989916,41,0.5585365853656077,0.16514423076924975,-1.620439760521587,3.1738784589370432,3.7376696182833684,0.4437472946790235
202512030944,zero_gravity,ball,83.09999999995244,160,0.5193749999997028,0.6241862794191196,0.5073552518900574,4.432006566978337,5.081404364984463,0.41829906608805517
202512030944,zero_gravity,position,50.03333333330664,77,0.6497835497832032,0.3758137205808804,-0.5073552518900569,3.9324790139950054,4.356708826689592,0.5006440973578109
202512031019,gravity,ball,55.96666666674514,217,0.2579109062983647,0.8056621880998885,1.4220665899715157,4.042466301454813,5.384495062789089,0.22945233406786084
202512031019,gravity,position,13.500000000011994,48,0.28125000000024986,0.1943378119001115,-1.4220665899715152,2.674148649427356,3.8918202981106265,0.24783616390477628
202512031019,zero_gravity,ball,34.550000000047305,137,0.2521897810222431,0.7535441657579343,1.117604824495535,3.5709401562505807,4.927253685157205,0.22489384347660957
202512031019,zero_gravity,position,11.300000000013767,44,0.2568181818184947,0.24645583424206577,-1.117604824495535,2.509599262379491,3.8066624897703196,0.2285832746102769
202512031140,gravity,ball,118.0500000000961,295,0.4001694915257495,0.9234680573663374,2.490428005925172,4.7795435729336795,5.69035945432406,0.3365932946689271
202512031140,gravity,position,9.783333333344757,41,0.23861788617914043,0.07653194263366253,-2.4904280059251724,2.3780017322798592,3.7376696182833684,0.21399615005952552
202512031140,zero_gravity,ball,79.65000000007569,234,0.34038461538493886,0.5897087857848289,0.3627616454883329,4.390118804572157,5.459585514144159,0.2929565991852922
202512031140,zero_gravity,position,55.41666666671216,129,0.4295865633078462,0.41029121421517106,-0.36276164548833295,4.032764623125081,4.867534450455582,0.35738528590162394
202512031412,gravity,ball,113.2666666666062,227,0.49897209985289076,0.6881328473065786,0.7914046068240943,4.7385348980549855,5.429345628954441,0.4047796064408353
202512031412,gravity,position,51.33333333331149,71,0.723004694835373,0.31186715269342136,-0.7914046068240943,3.9576335166797807,4.276666119016055,0.5440696823449666
202512031412,zero_gravity,ball,163.46666666656427,331,0.4938569989926413,0.8505029483177078,1.7385512069522222,5.102707915426524,5.805134968916488,0.401361365257078
202512031412,zero_gravity,position,28.733333333319138,53,0.5421383647796064,0.14949705168229224,-1.7385512069522218,3.392268750917377,3.9889840465642745,0.43317000184165116
202512031441,gravity,ball,107.9000000001555,460,0.2345652173916424,0.8864850061618357,2.0553292793507394,4.690430029940343,6.133398042996649,0.21071885740052002
202512031441,gravity,position,13.816666666688718,65,0.2125641025644418,0.11351499383816428,-2.05532927935074,2.6957526732932924,4.189654742026425,0.19273721052641776
202512031441,zero_gravity,ball,78.2333333334451,340,0.23009803921601502,0.6710507505361736,0.7129412863759489,4.37239708569945,5.831882477283517,0.20709387288760453
202512031441,zero_gravity,position,38.35000000004152,143,0.2681818181821085,0.3289492494638264,-0.7129412863759489,3.6724959748644674,4.969813299576001,0.23758423546923302
202512031606,gravity,ball,125.93333333325111,305,0.4128961748631184,0.8651247996336119,1.858523864409835,4.843662014248453,5.723585101952381,0.34564162249111885
202512031606,gravity,position,19.63333333332116,50,0.39266666666642325,0.1348752003663881,-1.8585238644098352,3.026907891021851,3.9318256327243257,0.33122037446608954
202512031606,zero_gravity,ball,55.33333333326402,217,0.2549923195081291,0.5121875964206658,0.04876004414034867,4.031286426253733,5.384495062789089,0.22712945265117912
202512031606,zero_gravity,position,52.699999999974466,82,0.6426829268289569,0.48781240357933414,-0.04876004414034891,3.9834130015143434,4.418840607796598,0.4963308361518756
202512040951,gravity,ball,113.03333333325526,215,0.525736434108164,0.9187212137632088,2.425097667469451,4.736490803314765,5.375278407684165,0.4224772011089293
202512040951,gravity,position,9.999999999992951,39,0.2564102564100757,0.08127878623679115,-2.4250976674694513,2.39789527279773,3.6888794541139363,0.22825865198083636
202512040951,zero_gravity,ball,115.86666666659124,240,0.4827777777774635,0.9054441260745436,2.259234652120958,4.761033683818379,5.484796933490655,0.3939172055200561
202512040951,zero_gravity,position,12.099999999985755,45,0.2688888888885723,0.09455587392545638,-2.2592346521209583,2.5726122302060186,3.828641396489095,0.23814162689139529
202512041403,gravity,ball,116.06666666657739,269,0.4314745972735219,0.8039713691987518,1.411302934016485,4.76274357309209,5.598421958998375,0.3587050998683811
202512041403,gravity,position,28.299999999986767,47,0.6021276595741866,0.1960286308012482,-1.4113029340164853,3.37758751602257,3.871201010907891,0.4713325330956136
202512041403,zero_gravity,ball,115.13333333325932,250,0.46053333333303725,0.7210855949895176,0.9498529046098144,4.754738956309601,5.5254529391317835,0.3788016658190621
202512041403,zero_gravity,position,44.53333333331443,67,0.6646766169151408,0.27891440501048237,-0.9498529046098144,3.818444658468165,4.219507705176107,0.5096308804934784
202512041433,gravity,ball,105.01666666680617,442,0.23759426847693704,0.8791684107715779,1.9845787213794877,4.66359631445802,6.093569770045136,0.21316938910644234
202512041433,gravity,position,14.433333333354426,66,0.21868686868718828,0.1208315892284221,-1.9845787213794874,2.7365296724254455,4.204692619390966,0.19777394193671305
202512041433,zero_gravity,ball,100.98333333346858,440,0.22950757575788314,0.8158071899825046,1.4881949507625483,4.624809401241766,6.089044875446846,0.2066137443126166
202512041433,zero_gravity,position,22.800000000029286,88,0.2590909090912419,0.18419281001749546,-1.488194950762548,3.1696855806786597,4.48863636973214,0.23038995983524127
202512041608,gravity,ball,104.2166666667872,358,0.2911080074491263,0.6523735002609292,0.6294886242810277,4.656021716146671,5.883322388488279,0.2555007702156493
202512041608,gravity,position,55.53333333337184,119,0.46666666666699025,0.3476264997390708,-0.6294886242810276,4.034830434690374,4.787491742782046,0.3829922522563264
202512041608,zero_gravity,ball,155.50000000014114,440,0.3534090909094117,0.9644407690717364,3.3003486364679238,5.05305600998111,6.089044875446846,0.30262666188328496
202512041608,zero_gravity,position,5.733333333338919,18,0.31851851851882884,0.0355592309282636,-3.3003486364679246,1.907070315739879,2.9444389791664403,0.27650877185389106
202512041624,gravity,ball,123.7666666665948,217,0.570353302611036,0.8657029610632055,1.8634877934813665,4.826445326241697,5.384495062789089,0.4513006275541883
202512041624,gravity,position,19.199999999985437,44,0.4363636363633054,0.13429703893679443,-1.8634877934813667,3.005682604406438,3.8066624897703196,0.3621146672343201
202512041624,zero_gravity,ball,84.93333333326967,187,0.45418894830625495,0.604794683123616,0.42548361427730524,4.453571801836237,5.236441962829949,0.3744483213605277
202512041624,zero_gravity,position,55.49999999996976,111,0.49999999999972755,0.39520531687638405,-0.42548361427730524,4.03424063815186,4.718498871295094,0.40546510810798275
202512041627,gravity,ball,126.45000000013772,412,0.3069174757284896,0.779913651315724,1.2651632467480105,4.847724130823205,6.023447592961033,0.2676712924256193
202512041627,gravity,position,35.683333333385804,131,0.27239185750676187,0.22008634868427598,-1.2651632467480105,3.6023225193057913,4.882801922586371,0.24089848155357863
202512041627,zero_gravity,ball,49.683333333406324,222,0.2237987987991276,0.3442660815338142,-0.6443402433541813,3.925597125456704,5.407171771460119,0.20195979051217833
202512041627,zero_gravity,position,94.63333333340955,231,0.40966810966843964,0.6557339184661858,0.6443402433541814,4.560521434320006,5.44673737166631,0.34335429346922774
202512051006,gravity,ball,118.53333333344708,331,0.3581067472309579,0.8201107011069902,1.5170976769500166,4.783595272503875,5.805134968916488,0.30609163225556196
202512051006,gravity,position,26.00000000002862,80,0.3250000000003578,0.17988929889300975,-1.5170976769500166,3.295836866005389,4.394449154672439,0.2814124594384556
202512051006,zero_gravity,ball,86.98333333342305,261,0.33326947637326837,0.6187314759928816,0.4841674613445342,4.477147402602535,5.568344503761097,0.28763417858483925
202512051006,zero_gravity,position,53.60000000005647,155,0.34580645161326756,0.3812685240071184,-0.48416746134453426,4.000033882751894,5.049856007249537,0.2969934256476962
202512051012,gravity,ball,125.86666666660892,205,0.6139837398371167,0.9542582764721413,3.0379234960010897,4.843136666193484,5.327876168789581,0.478705495346648
202512051012,gravity,position,6.033333333321366,30,0.2011111111107122,0.045741723527858644,-3.03792349600109,1.9506607518122097,3.4339872044851463,0.1832470543145654
202512051012,zero_gravity,ball,130.53333333328715,170,0.7678431372546303,0.8405237175359425,1.6621299589325713,4.879260304920054,5.14166355650266,0.5697602370070414
202512051012,zero_gravity,position,24.76666666665966,33,0.7505050505048382,0.1594762824640576,-1.6621299589325709,3.2490816669249947,3.5263605246161616,0.5599043465868492
202512051458,gravity,ball,133.26666666681115,385,0.3461471861475614,0.8505478140623395,1.7389041138524892,4.899827872177374,5.955837369464831,0.29724657602245297
202512051458,gravity,position,23.416666666691015,70,0.33452380952415733,0.14945218593766058,-1.738904113852489,3.1952659592300643,4.2626798770413155,0.2885745312350612
202512051458,zero_gravity,ball,144.2166666667939,396,0.364183501683823,0.9808433461799919,3.9357626456829937,4.978226880010062,5.983936280687191,0.310556082398912
202512051458,zero_gravity,position,2.816666666671039,16,0.17604166666693993,0.019156653820008054,-3.9357626456829955,1.3393774413332846,2.833213344056216,0.16215427968801244
202512051625,gravity,ball,134.2999999999255,302,0.44470198675472017,0.8868589038080517,2.0590502197361356,4.907494535176192,5.713732805509369,0.3679030627545235
202512051625,gravity,position,17.13333333332463,34,0.503921568627195,0.11314109619194834,-2.059050219736135,2.897751865193307,3.5553480614894135,0.4080760756487145
202512051625,zero_gravity,ball,113.43333333325916,245,0.4629931972786088,0.71945031712471,0.9417366401685706,4.739992411794889,5.5053315359323625,0.380484472183437
202512051625,zero_gravity,position,44.23333333331004,89,0.4970037453180904,0.28054968287529,-0.9417366401685707,3.8118342781721988,4.499809670330265,0.4034656073168535
202512081052,gravity,ball,92.15000000014294,427,0.21580796252960877,0.908478475189004,2.2951970064111995,4.534211097049132,6.059123195581797,0.19540884552111373
202512081052,gravity,position,9.283333333342625,37,0.250900900901152,0.09152152481099599,-2.295197006411199,2.330524461684191,3.6375861597263857,0.22386401244067516
202512081052,zero_gravity,ball,34.30000000007618,214,0.1602803738321317,0.656668793873806,0.6484841756729839,3.5638829639414094,5.3706380281276624,0.14866167749257628
202512081052,zero_gravity,position,17.93333333336028,93,0.19283154121892776,0.34333120612619417,-0.6484841756729833,2.940924037060419,4.543294782270004,0.17632992712593082
202512081420,gravity,ball,147.6000000001632,511,0.28884540117448765,0.9227883713659962,2.4808498490916047,5.001258132284757,6.238324625039508,0.25374677973880727
202512081420,gravity,position,12.3500000000233,60,0.20583333333372167,0.07721162863400376,-2.480849849091605,2.591516384848004,4.110873864173311,0.18717089085571423
202512081420,zero_gravity,ball,125.9000000001372,437,0.2881006864991698,0.8043871792141642,1.413943418057423,4.8433993747214235,6.082218910376446,0.2531687973746345
202512081420,zero_gravity,position,30.61666666669555,86,0.35600775193832035,0.19561282078583578,-1.4139434180574229,3.453684407713827,4.465908118654584,0.30454490627053604
202512081422,gravity,ball,114.03333333324485,265,0.4303144654084711,0.8986078276858919,2.1818508155133225,4.745221941435079,5.583496308781699,0.3578943259761118
202512081422,gravity,position,12.866666666649621,45,0.28592592592554716,0.10139217231410812,-2.1818508155133225,2.6294878785978786,3.828641396489095,0.2514790237875258
202512081422,zero_gravity,ball,71.06666666661232,182,0.3904761904758919,0.663141524105813,0.6773255382850072,4.277591616536244,5.209486152841421,0.32964627155059834
202512081422,zero_gravity,position,36.099999999962904,91,0.39670329670288906,0.336858475894187,-0.6773255382850074,3.6136169696123894,4.5217885770490405,0.3341146716782664
202512081618,gravity,ball,151.38333333348908,491,0.3083163611680022,0.8803915867015563,1.9961436090368398,5.026399275943348,6.198478716492308,0.26874109012645325
202512081618,gravity,position,20.56666666668866,78,0.2636752136754957,0.11960841329844375,-1.9961436090368396,3.071148912839765,4.3694478524670215,0.2340243115009533
202512081618,zero_gravity,ball,127.23333333347767,442,0.28785822021148794,0.662846227316189,0.676003903573721,4.853851521091265,6.093569770045136,0.2529805441476391
202512081618,zero_gravity,position,64.71666666672627,165,0.39222222222258346,0.3371537726838109,-0.6760039035737211,4.185352571656433,5.111987788356544,0.33090119157201703
202512081637,gravity,ball,131.7666666667664,276,0.4774154589375595,0.7590974555929167,1.1477376974903282,4.88859320152024,5.6240175061873385,0.39029424966785564
202512081637,gravity,position,41.81666666669332,81,0.5162551440332509,0.24090254440708328,-1.1477376974903282,3.7569274348884054,4.406719247264253,0.41624357387267685
202512081637,zero_gravity,ball,188.31666666677978,369,0.5103432700996742,0.9559221658206026,3.0767194634549218,5.243421098009918,5.91350300563827,0.4123369561828502
202512081637,zero_gravity,position,8.683333333346866,33,0.2631313131317232,0.044077834179397375,-3.0767194634549218,2.270406194631208,3.5263605246161616,0.2335938071893628
202512090949,gravity,ball,103.96666666679539,419,0.2481304693718267,0.8069857697282736,1.430542116403673,4.653642839440096,6.040254711277414,0.2216468072489086
202512090949,gravity,position,24.866666666706635,115,0.21623188405831856,0.19301423027172632,-1.4305421164036731,3.2529551385226085,4.7535901911063645,0.1957574594910681
202512090949,zero_gravity,ball,86.56666666679644,411,0.21062449310656067,0.6353516819572502,0.5552452985448971,4.472400408024867,6.021023349349527,0.19113633647511052
202512090949,zero_gravity,position,49.68333333339416,194,0.2560996563577019,0.3646483180427498,-0.5552452985448972,3.925597125456464,5.272999558563747,0.22801140913225879
202512091017,gravity,ball,126.55000000012222,394,0.32119289340132545,0.7842387936377077,1.2905412876568423,4.848508444588779,5.978885764901122,0.27853503562306287
202512091017,gravity,position,34.81666666669423,91,0.3826007326010355,0.21576120636229237,-1.290541287656842,3.5784133344211795,4.5217885770490405,0.32396631440089324
202512091017,zero_gravity,ball,135.5333333334272,320,0.42354166666696,0.7508771929824255,1.1032961379803723,4.916568785057876,5.771441123130016,0.35314789788500206
202512091017,zero_gravity,position,44.96666666670518,108,0.4163580246917146,0.2491228070175745,-1.1032961379803723,3.8279164961319845,4.6913478822291435,0.3480888056087102
202512091426,gravity,ball,130.3500000001369,434,0.3003456221201311,0.8536345776031273,1.7633968193198042,4.877865516132591,6.075346031088684,0.26263009230147305
202512091426,gravity,position,22.35000000002634,90,0.248333333333626,0.1463654223968726,-1.7633968193198046,3.1505969841160346,4.51085950651685,0.22180932830130756
202512091426,zero_gravity,ball,137.1833333334909,482,0.28461272475827987,0.8617043551088956,1.8295184884504692,4.928581305895259,6.180016653652572,0.2504572914115823
202512091426,zero_gravity,position,22.01666666668865,72,0.30578703703734234,0.13829564489110438,-1.829518488450469,3.1362185911881464,4.290459441148391,0.2668059525020539
202512091427,gravity,ball,87.49999999991377,248,0.3528225806448136,0.9364966107742759,2.6910526247354114,4.483002552012909,5.517452896464707,0.3021932102464973
202512091427,gravity,position,5.933333333316964,41,0.1447154471540723,0.063503389225724,-2.6910526247354123,1.9363406980368016,3.7376696182833684,0.13515608835117576
202512091427,zero_gravity,ball,48.266666666617766,153,0.315468409585737,0.8345821325648543,1.6184563571861328,3.8972477198449993,5.0369526024136295,0.27419280721195033
202512091427,zero_gravity,position,9.56666666665609,42,0.22777777777752595,0.16541786743514575,-1.618456357186133,2.3577043922141243,3.7612001156935624,0.20520585062733734
202512091436,gravity,ball,126.78333333347283,421,0.3011480601745198,0.7975466554833074,1.3710308725686478,4.850336121337885,6.045005314036012,0.2632469979547897
202512091436,gravity,position,32.18333333337321,127,0.25341207349112765,0.20245334451669258,-1.3710308725686478,3.5020477418432976,4.852030263919617,0.22586949135429615
202512091436,zero_gravity,ball,133.93333333349176,480,0.27902777777810783,0.8170818505338233,1.4967004919843956,4.90478082930632,6.175867270105761,0.24610024071747838
202512091436,zero_gravity,position,29.983333333365692,113,0.26533923303863444,0.18291814946617668,-1.4967004919843956,3.433449425500388,4.736198448394496,0.2353402546387503
202512091615,gravity,ball,119.80000000012313,410,0.29219512195151987,0.8305985671365246,1.5898753654564288,4.794136285501734,6.018593214496234,0.25634241713984823
202512091615,gravity,position,24.433333333368807,102,0.2395424836604785,0.16940143286347542,-1.5898753654564288,3.2360606496236963,4.634728988229636,0.21474234674275305
202512091615,zero_gravity,ball,74.33333333344706,308,0.2413419913423606,0.5963364086109034,0.39022311530779685,4.321922710605686,5.733341276897746,0.21619304548798401
202512091615,zero_gravity,position,50.3166666667172,160,0.3144791666669825,0.40366359138909663,-0.39022311530779646,3.9380155857033845,5.081404364984463,0.2734405161972233
202512091621,gravity,ball,156.90000000014675,482,0.32551867219947456,0.8569087930092623,1.7898492489717541,5.061961921262526,6.180016653652572,0.281803833557927
202512091621,gravity,position,26.200000000029263,82,0.3195121951223081,0.1430912069907377,-1.7898492489717541,3.3032169733030274,4.418840607796598,0.2772621191483985
202512091621,zero_gravity,ball,173.96666666683961,540,0.32216049382748074,0.9398523320727624,2.748920098666871,5.164595479591133,6.293419278846481,0.2792671363509091
202512091621,zero_gravity,position,11.133333333342648,33,0.33737373737401966,0.06014766792723763,-2.7489200986668703,2.495956485975353,3.5263605246161616,0.290707793368529
202512091629,gravity,ball,63.4333333332597,228,0.2782163742686829,0.8989135569201762,2.185210852274365,4.165631097545033,5.43372200355424,0.24546564856404215
202512091629,gravity,position,7.133333333324572,28,0.25476190476159183,0.10108644307982383,-2.1852108522743654,2.0959708436299693,3.367295829986474,0.22694583726369894
202512091629,zero_gravity,ball,120.96666666657671,335,0.3610945273629156,0.9281329923274075,2.5583577378799514,4.803747783356314,5.817111159963204,0.30828917560202523
202512091629,zero_gravity,position,9.366666666653828,37,0.2531531531528062,0.07186700767259244,-2.558357737879952,2.3385955305158403,3.6375861597263857,0.2256628976167862
202512100952,gravity,ball,116.80000000010494,338,0.3455621301778253,0.8799598191863262,1.9920497195647089,4.768988271218377,5.82600010738045,0.2968118663935929
202512100952,gravity,position,15.933333333349509,55,0.28969696969726383,0.1200401808136738,-1.9920497195647093,2.8292840659172818,4.02535169073515,0.25440728356713677
202512100952,zero_gravity,ball,117.33333333345422,362,0.32412523020291223,0.7715068493151411,1.2168393149195982,4.773505500808327,5.8944028342648505,0.28075203778736346
202512100952,zero_gravity,position,34.75000000002149,79,0.43987341772179095,0.2284931506848589,-1.2168393149195982,3.576550269140618,4.382026634673881,0.3645552053642272
202512101006,gravity,ball,114.03333333345293,398,0.28651591289812295,0.7950267255403167,1.355496128970789,4.7452219414368875,5.988961416889864,0.25193772180278606
202512101006,gravity,position,29.400000000031554,92,0.31956521739164734,0.20497327445968327,-1.3554961289707887,3.414442608413214,4.532599493153256,0.2773023015766175
202512101006,zero_gravity,ball,95.7000000001143,392,0.24413265306151608,0.6722866174921404,0.7185453711657527,4.5716134024604305,5.973809611869261,0.21843862292577873
202512101006,zero_gravity,position,46.65000000004653,139,0.33561151079170165,0.3277133825078597,-0.7185453711657525,3.8638826301011875,4.941642422609304,0.28938924749264794
202512101010,gravity,ball,88.89999999991329,242,0.36735537190046813,0.8163452708906269,1.4917798689652109,4.49869794147661,5.493061443340548,0.312878488770618
202512101010,gravity,position,19.999999999993634,26,0.7692307692305244,0.18365472910937308,-1.4917798689652109,3.0445224377231197,3.295836866004329,0.5705448584674745
202512101010,zero_gravity,ball,138.49999999986846,385,0.3597402597399181,0.8937405893740397,2.129532190101423,4.938064601260478,5.955837369464831,0.307293696022556
202512101010,zero_gravity,position,16.466666666654362,38,0.43333333333300955,0.1062594106259603,-2.1295321901014237,2.860294302658182,3.6635616461296463,0.36000273403118116
202512101424,gravity,ball,112.61666666681265,415,0.2713654618477413,0.7890004670714345,1.318910992959781,4.732830209141969,6.030685260261263,0.24009148970186914
202512101424,gravity,position,30.11666666671067,126,0.23902116402151327,0.21099953292856552,-1.318910992959781,3.437743581321036,4.844187086458591,0.21432168403583374
202512101424,zero_gravity,ball,87.13333333345832,344,0.2532945736437742,0.621788772597629,0.4971475989703273,4.47885081931084,5.84354441703136,0.2257757429712743
202512101424,zero_gravity,position,53.000000000052864,186,0.284946236559424,0.37821122740237106,-0.4971475989703272,3.9889840465652533,5.231108616854587,0.2507168782185306
202512101439,gravity,ball,121.93333333347005,419,0.29101034208465404,0.8044864745986214,1.414574593436811,4.811642203015441,6.040254711277414,0.2554251227422975
202512101439,gravity,position,29.633333333369393,96,0.30868055555593116,0.1955135254013786,-1.4145745934368108,3.4220887406947087,4.574710978503383,0.26901942013743085
202512101439,zero_gravity,ball,96.5000000001018,343,0.28134110787201694,0.6042579837194912,0.4232387071922006,4.579852378004846,5.840641657373398,0.24790726995952342
202512101439,zero_gravity,position,63.20000000006212,190,0.33263157894769535,0.39574201628050876,-0.4232387071922006,4.162003210696883,5.25227342804663,0.28715561810978035
202512101615,gravity,ball,148.0333333334921,417,0.35499600319782276,0.8107713372889751,1.4550299234166977,5.004169994572891,6.035481432524756,0.30379850465781044
202512101615,gravity,position,34.55000000002221,74,0.466891891892192,0.1892286627110249,-1.4550299234166977,3.5709401562498746,4.31748811353631,0.38314580312033564
202512101615,zero_gravity,ball,107.01666666678375,363,0.29481175390298553,0.6582940332172554,0.6557010694868144,4.682285536206699,5.8971538676367405,0.25836532080368424
202512101615,zero_gravity,position,55.550000000032696,133,0.41766917293257666,0.3417059667827446,-0.6557010694868141,4.035125202562708,4.897839799950911,0.3490140954827858
202512101623,gravity,ball,140.26666666681302,455,0.30827838827870996,0.7366301969365923,1.0285268583477014,4.950649357167125,6.1224928095143865,0.2687120654643018
202512101623,gravity,position,50.15000000003951,130,0.38576923076953473,0.26336980306340774,-1.0285268583477016,3.934762492398408,4.875197323201151,0.3262553867387392
202512101623,zero_gravity,ball,103.86666666679952,373,0.2784629133158164,0.6001540832049306,0.40610716270485925,4.652689701957335,5.924255797414532,0.2456585073626368
202512101623,zero_gravity,position,69.20000000008855,258,0.2682170542639091,0.3998459167950695,-0.406107162704859,4.251348311033027,5.556828061699537,0.23761201980724522
202512101635,gravity,ball,104.86666666659434,237,0.4424753867788791,0.9335311572700769,2.6422410317639438,4.662180440704188,5.472270673671475,0.3663606563629532
202512101635,gravity,position,7.466666666655839,33,0.22626262626229815,0.06646884272992314,-2.6422410317639438,2.1361368853551026,3.5263605246161616,0.20397102849054038
202512101635,zero_gravity,ball,151.3999999998889,347,0.43631123919276343,0.9742599742599733,3.633630979883421,5.026508643251817,5.8522024797744745,0.3620781875261613
202512101635,zero_gravity,position,3.9999999999972142,19,0.21052631578932707,0.025740025740026675,-3.6336309798834208,1.6094379124335434,2.995732273553991,0.1910552367625881
202512111013,gravity,ball,94.9000000000886,276,0.34384057971046594,0.7919332406118921,1.3366181093031417,4.563305981890316,5.6240175061873385,0.295531618778634
202512111013,gravity,position,24.933333333367045,90,0.2770370370374116,0.2080667593881079,-1.3366181093031417,3.255529142517536,4.51085950651685,0.2445425797914566
202512111013,zero_gravity,ball,75.60000000008517,253,0.29881422924934853,0.6691252397109018,0.704231310887515,4.338597076747657,5.537334267018537,0.2614517168759067
202512111013,zero_gravity,position,37.38333333337039,112,0.33377976190509273,0.3308747602890982,-0.7042313108875151,3.64762333759955,4.727387818712341,0.2880168378404145
202512111440,gravity,ball,161.9833333335077,506,0.32012516469072666,0.944325689856213,2.8309522947889976,5.093647946091244,6.2285110035911835,0.2777265538383819
202512111440,gravity,position,9.55000000000774,43,0.22209302325599395,0.05567431014378703,-2.830952294788997,2.356125859922809,3.784189633918261,0.200564981629545
202512111440,zero_gravity,ball,74.43333333342957,272,0.2736519607846675,0.530845120646684,0.12353735673751975,4.323249263972658,5.60947179518496,0.24188833363054676
202512111440,zero_gravity,position,65.78333333340106,180,0.36546296296333924,0.46915487935331607,-0.12353735673751959,4.201453548415058,5.198497031265826,0.31149353813890535
202512111443,gravity,ball,53.38333333343226,296,0.1803490990994333,0.7746070133011771,1.2345103349240758,3.9960577343730392,5.6937321388027,0.16581024141800452
202512111443,gravity,position,15.533333333354221,74,0.20990990991019218,0.22539298669882296,-1.2345103349240756,2.8053785450640354,4.31748811353631,0.19054590221709106
202512111443,zero_gravity,ball,25.46666666671223,133,0.1914786967421972,0.7025287356322907,0.8593686752260762,3.275886079586702,4.897839799950911,0.17519513803651762
202512111443,zero_gravity,position,10.783333333347116,50,0.2156666666669423,0.2974712643677093,-0.8593686752260762,2.4666861036756416,3.9318256327243257,0.19529262315866022
202512111615,gravity,ball,137.9333333334543,356,0.38745318352093905,0.8158517350157538,1.488491420076519,4.9339942017719185,5.877735781779639,0.3274698244626613
202512111615,gravity,position,31.13333333336459,97,0.320962199313037,0.1841482649842462,-1.488491420076519,3.469893912949363,4.584967478670572,0.27836040992488886
202512111615,zero_gravity,ball,124.05000000011773,359,0.3455431754877931,0.610933267668079,0.45123685767085975,4.8287136573245695,5.886104031450156,0.29679777947548347
202512111615,zero_gravity,position,79.00000000006935,206,0.38349514563140463,0.389066732331921,-0.4512368576708598,4.382026634674748,5.332718793265369,0.3246130114793128
202512111620,gravity,ball,122.78333333343255,313,0.3922790202346088,0.681372549019656,0.7600866632352766,4.818532725447997,5.749392985908253,0.3309419873965383
202512111620,gravity,position,57.41666666670031,102,0.562908496732356,0.31862745098034395,-0.7600866632352766,4.067601237247166,4.634728988229636,0.4465485063681925
202512111620,zero_gravity,ball,201.06666666680815,430,0.4675968992251352,0.9059777711024436,2.265483538587816,5.308597675956293,6.066108090103747,0.3836263006765993
202512111620,zero_gravity,position,20.866666666678782,41,0.5089430894311898,0.09402222889755636,-2.2654835385878163,3.084963407282488,3.7376696182833684,0.41140946497987857
202512120956,gravity,ball,116.83333333343495,323,0.3617131062954642,0.8942467151422171,2.1348728248931246,4.76927119666938,5.780743515792329,0.30874354405284354
202512120956,gravity,position,13.81666666668167,59,0.23418079096070626,0.1057532848577829,-2.1348728248931246,2.6957526732928163,4.0943445622221,0.21040742282382177
202512120956,zero_gravity,ball,140.88333333344235,358,0.39352886405989485,0.9508436445444128,2.9623434918329288,4.955005123662724,5.883322388488279,0.33183928108013366
202512120956,zero_gravity,position,7.283333333341943,28,0.2601190476193551,0.049156355455587136,-2.962343491832929,2.1142454638755677,3.367295829986474,0.23120619873780457
202512121004,gravity,ball,142.51666666683997,535,0.26638629283521487,0.7974447449408298,1.3703998331024285,4.9664511724752725,6.284134161070802,0.23616740580152656
202512121004,gravity,position,36.200000000033185,97,0.3731958762890019,0.20255525505917016,-1.3703998331024285,3.616308761279993,4.584967478670572,0.31714077960315507
202512121004,zero_gravity,ball,102.83333333346974,412,0.24959546925599452,0.5802144066203763,0.32365361283870403,4.642787049560712,6.023447592961033,0.22281987434126527
202512121004,zero_gravity,position,74.40000000006762,205,0.3629268292686225,0.4197855933796237,-0.3236536128387042,4.322807275014807,5.327876168789581,0.30963446768469527
202512121440,gravity,ball,154.75000000015575,507,0.3052268244579009,0.93787878787877,2.7145332059799814,5.048252157668562,6.230481447578482,0.26637683751626284
202512121440,gravity,position,10.250000000013472,48,0.21354166666694732,0.062121212121230056,-2.7145332059799805,2.4203681286516265,3.8918202981106265,0.1935430815381503
202512121440,zero_gravity,ball,79.71666666677936,344,0.23173449612435862,0.5271685219883945,0.10878123175854523,4.390945080182525,5.84354441703136,0.20842333549392258
202512121440,zero_gravity,position,71.50000000007884,215,0.33255813953525043,0.4728314780116055,-0.10878123175854514,4.283586561861717,5.375278407684165,0.28710050802740666
202512121611,gravity,ball,130.76666666680688,397,0.3293870696896899,0.800693948362122,1.3906371958930965,4.8810326816355945,5.986452005284438,0.28471798615235405
202512121611,gravity,position,32.550000000025875,91,0.357692307692592,0.19930605163787798,-1.3906371958930963,3.513036863418462,4.5217885770490405,0.3057864259179785
202512121611,zero_gravity,ball,104.08333333345035,335,0.31069651741328463,0.6535161155295477,0.634530885012597,4.654753686178033,5.817111159963204,0.2705586885964855
202512121611,zero_gravity,position,55.18333333338626,150,0.3678888888892417,0.3464838844704523,-0.6345308850125971,4.028620153012902,5.017279836814924,0.3132685943295165
202512121624,gravity,ball,128.9500000001409,433,0.29780600461926304,0.7919950864980398,1.336993485850679,4.867149761088584,6.073044534100405,0.260675149962037
202512121624,gravity,position,33.86666666671732,152,0.2228070175441929,0.20800491350196013,-1.336993485850679,3.5515312629641658,5.030437921392435,0.20114904993220056
202512121624,zero_gravity,ball,129.90000000013794,443,0.293227990970966,0.8421393841166156,1.6742330741473677,4.874433672916908,6.095824562432225,0.25714141136963725
202512121624,zero_gravity,position,24.350000000040154,119,0.20462184873983322,0.15786061588338438,-1.6742330741473679,3.2327787300387762,4.787491742782046,0.18616569921812956
202512151424,gravity,ball,104.06666666677876,364,0.28589743589774386,0.7872903795233801,1.3086691990892998,4.654595069316681,5.8998973535824915,0.2514568682785376
202512151424,gravity,position,28.116666666698478,98,0.2869047619050865,0.21270962047661987,-1.3086691990893,3.3713107479130486,4.59511985013459,0.25223992580210125
202512151424,zero_gravity,ball,133.36666666681714,426,0.31306729264511063,0.7581241117953837,1.1424223721758389,4.90057238145613,6.056784013228625,0.27236584506990497
202512151424,zero_gravity,position,42.55000000004196,134,0.31753731343314895,0.2418758882046163,-1.1424223721758384,3.7739097032994753,4.90527477843843,0.27576432242372173
202512151429,gravity,ball,152.46666666681483,482,0.31632088520086066,0.9620359659270203,3.232412596809896,5.033483388180583,6.180016653652572,0.2748406369197665
202512151429,gravity,position,6.016666666671881,23,0.26159420289877744,0.03796403407297965,-3.232412596809896,1.948288271461024,3.1780538303479458,0.23237616161711838
202512151429,zero_gravity,ball,63.13333333342587,269,0.23469640644396234,0.45666063893919556,-0.17379356838437454,4.160964249564939,5.598421958998375,0.21082511511835517
202512151429,zero_gravity,position,75.11666666675387,240,0.31298611111147445,0.5433393610608044,0.17379356838437446,4.332267250964044,5.484796933490655,0.27230401728411363
202512151627,gravity,ball,119.50000000011144,374,0.3195187165778381,0.8186800639414606,1.507430291786056,4.791649752931635,5.926926025970411,0.27726706145923014
202512151627,gravity,position,26.46666666670535,115,0.23014492753656826,0.18131993605853935,-1.507430291786056,3.312973148248725,4.7535901911063645,0.20713198970874178
202512151627,zero_gravity,ball,95.33333333341409,292,0.32648401826511675,0.7012382003187391,0.8532010307486109,4.567814399445161,5.680172609017068,0.2825318464756736
202512151627,zero_gravity,position,40.616666666702145,140,0.290119047619301,0.2987617996812609,-0.8532010307486111,3.728500728058525,4.948759890378168,0.25473449909178664
202512160951,gravity,ball,126.3666666668324,532,0.23753132832111354,0.9306493187676371,2.5967065649297245,4.8470700657860455,6.278521424165844,0.21311853095530972
202512160951,gravity,position,9.4166666666801,45,0.2092592592595578,0.06935068123236289,-2.596706564929724,2.3434070875155903,3.828641396489095,0.19000798971835786
202512160951,zero_gravity,ball,58.83333333341932,294,0.20011337868509974,0.5185076380729438,0.07406439062392103,4.091562919261661,5.68697535633982,0.18241603456837227
202512160951,zero_gravity,position,54.633333333393864,193,0.283074265976134,0.48149236192705624,-0.0740643906239211,4.018782542000768,5.267858159063328,0.24925896858500973
202512161010,gravity,ball,100.05000000015181,480,0.20843750000031627,0.8313253012048838,1.595049174982461,4.615615443851133,6.175867270105761,0.1893282028197409
202512161010,gravity,position,20.30000000002147,85,0.2388235294120173,0.16867469879511626,-1.5950491749824605,3.058707072716387,4.454347296253507,0.21416216264981724
202512161010,zero_gravity,ball,71.816666666797,404,0.17776402640296288,0.6881188118812207,0.7913392067393109,4.2879448667311255,6.003887067106539,0.16361774801804305
202512161010,zero_gravity,position,32.550000000054126,164,0.1984756097564276,0.31188118811877924,-0.791339206739311,3.513036863419304,5.10594547390058,0.1810504240439463
202512161427,gravity,ball,108.73333333345613,381,0.2853893263345305,0.7047639624069018,0.8700877778131945,4.698053180135924,5.945420608606575,0.25106165015095233
202512161427,gravity,position,45.55000000003514,123,0.3703252032523182,0.2952360375930983,-0.8700877778131942,3.840527003723831,4.820281565605037,0.31504808630786074
202512161427,zero_gravity,ball,90.28333333343642,320,0.2821354166669888,0.5853052404106782,0.3445907590906218,4.51396822256275,5.771441123130016,0.2485269821455248
202512161427,zero_gravity,position,63.96666666671615,169,0.3785009861935867,0.4146947595893218,-0.34459075909062176,4.173874317846167,5.135798437050262,0.3209966668921126
202512161429,gravity,ball,118.10000000012101,375,0.31493333333365603,0.8024006341297563,1.4013664507888022,4.779963476362271,5.929589143389895,0.273785967259915
202512161429,gravity,position,29.083333333365687,115,0.252898550724919,0.1975993658702438,-1.401366450788802,3.403971308545956,4.7535901911063645,0.22545970753226466
202512161429,zero_gravity,ball,106.16666666679049,367,0.28928247048171796,0.7659932659932797,1.185823485820335,4.67438525501072,5.908082938168931,0.25408583919060757
202512161429,zero_gravity,position,32.433333333368694,129,0.25142118863076507,0.23400673400672037,-1.1858234858203347,3.509553406300838,4.867534450455582,0.22427985637962067
202512161604,gravity,ball,122.8833333334556,424,0.28981918239022547,0.7749632121085174,1.2365516694002294,4.81934026250418,6.052089168924417,0.2545020398592842
202512161604,gravity,position,35.683333333359485,85,0.41980392156893515,0.22503678789148257,-1.23655166940023,3.602322519305074,4.454347296253507,0.35051877867662035
202512161604,zero_gravity,ball,119.55000000013638,414,0.2887681159423584,0.6763790664781845,0.7371807955190753,4.792064604628312,6.028278520230698,0.2536868132375151
202512161604,zero_gravity,position,57.200000000036994,101,0.5663366336637327,0.3236209335218155,-0.7371807955190757,4.063885354738027,4.624972813284271,0.44873953849252796
202512161620,gravity,ball,132.19999999992547,252,0.5246031746028789,0.7613745440583493,1.160230217568968,4.891851758105729,5.53338948872752,0.421734162822839
202512161620,gravity,position,41.43333333331253,73,0.5675799086755141,0.2386254559416507,-1.1602302175689683,3.747934216894761,4.30406509320417,0.4495329706469638
202512161620,zero_gravity,ball,145.29999999992395,236,0.6156779661013727,0.9252812566334098,2.5163667766402753,4.985659308025559,5.4680601411351315,0.47975466183770854
202512161620,zero_gravity,position,11.733333333327437,21,0.558730158729878,0.07471874336659028,-2.516366776640275,2.5442232269439566,3.091042453358316,0.4438714889687074
202512171000,gravity,ball,79.26666666659722,212,0.3738993710688548,0.8211325966851243,1.524039834991526,4.3853544247656915,5.3612921657094255,0.31765295317697495
202512171000,gravity,position,17.26666666664667,53,0.3257861635216353,0.17886740331487572,-1.524039834991526,2.9050779052847657,3.9889840465642745,0.2820056144466912
202512171000,zero_gravity,ball,85.99999999991644,233,0.3690987124459933,0.8113207547169394,1.4586150226992443,4.465908118653624,5.455321115357702,0.3141526492188821
202512171000,zero_gravity,position,19.999999999986017,47,0.4255319148933195,0.18867924528306057,-1.4586150226992443,3.0445224377227573,3.871201010907891,0.3545450176806988
202512171004,gravity,ball,139.76666666682587,469,0.29800995024909566,0.8748174421031094,1.9442420919550039,4.947103673272919,6.152732694704104,0.2608322840838685
202512171004,gravity,position,20.000000000015035,47,0.42553191489393694,0.12518255789689062,-1.9442420919550036,3.044522437724139,3.871201010907891,0.3545450176811319
202512171004,zero_gravity,ball,101.13333333345895,405,0.24971193415668877,0.6018647093831536,0.41324081111253463,4.626279149199556,6.0063531596017325,0.22291307208126276
202512171004,zero_gravity,position,66.90000000005665,169,0.3958579881660157,0.3981352906168464,-0.4132408111125347,4.218036034565484,5.135798437050262,0.333509271490796
202512171013,gravity,ball,142.7833333334587,376,0.37974290780175185,0.8225636101776,1.5338136397622202,4.96830753685535,5.932245187448011,0.32189718311897325
202512171013,gravity,position,30.800000000033037,89,0.34606741573070826,0.17743638982239998,-1.53381363976222,3.45946628978717,4.499809670330265,0.2971873159494849
202512171013,zero_gravity,ball,122.33333333342716,307,0.39847991313819925,0.6857249626308214,0.780208100515858,4.814890716970921,5.730099782973574,0.33538587040921064
202512171013,zero_gravity,position,56.066666666702076,109,0.5143730886853402,0.3142750373691786,-0.7802081005158579,4.044220175040152,4.700480365792417,0.41500155047334747
202512171417,gravity,ball,145.59999999993644,211,0.6900473933646277,0.9094316052467304,2.3067144863361735,4.987707789452117,5.356586274672012,0.5247565719527952
202512171417,gravity,position,14.499999999991985,27,0.5370370370367402,0.09056839475326962,-2.306714486336173,2.740840023924684,3.332204510175204,0.4298565612321304
202512171417,zero_gravity,ball,120.29999999992037,250,0.4811999999996815,0.7566037735848314,1.134149022944494,4.798266815949348,5.5254529391317835,0.39285257005710555
202512171417,zero_gravity,position,38.699999999989984,51,0.7588235294115683,0.24339622641516856,-1.134149022944494,3.6813511876928926,3.9512437185814275,0.5646451363403129
202512171421,gravity,ball,123.13333333344556,357,0.3449112978527887,0.8526255049047584,1.7553434852863448,4.821356256735706,5.8805329864007,0.29632806132720513
202512171421,gravity,position,21.283333333357973,53,0.4015723270444901,0.14737449509524156,-1.755343485286345,3.1038390148809483,3.9889840465642745,0.337594697172665
202512171421,zero_gravity,ball,110.1500000001023,315,0.34968253968286445,0.7750674328603473,1.2371493800271913,4.710880640411126,5.755742213586912,0.29986940900640907
202512171421,zero_gravity,position,31.966666666692447,86,0.3717054263568889,0.22493256713965268,-1.2371493800271913,3.4954969499613386,4.465908118654584,0.3160548024300188
202512171423,gravity,ball,126.00000000011514,351,0.358974358974687,0.7664233576642567,1.1882244473579262,4.844187086459498,5.863631175598097,0.30673026742271675
202512171423,gravity,position,38.40000000003013,104,0.36923076923105896,0.23357664233574332,-1.188224447357926,3.6737658163046527,4.653960350157523,0.31424909983671434
202512171423,zero_gravity,ball,159.58333333347917,455,0.3507326007329213,0.7454842728122638,1.0746714073249302,5.078813018627274,6.1224928095143865,0.3006471124693072
202512171423,zero_gravity,position,54.48333333336711,106,0.5139937106921426,0.2545157271877362,-1.0746714073249302,4.016082675353533,4.672828834461906,0.4147510009063266
202512171627,gravity,ball,152.00000000012912,431,0.35266821345737615,0.8770074045581161,1.9643912814894,5.030437921393279,6.068425588244111,0.30207909624696605
202512171627,gravity,position,21.316666666687638,56,0.3806547619051364,0.1229925954418839,-1.9643912814894,3.1053337834700114,4.04305126783455,0.32255785179476504
202512171627,zero_gravity,ball,132.18333333343884,338,0.39107495069064746,0.7634770889487628,1.1718380375620059,4.891726625153154,5.82600010738045,0.33007679408541163
202512171627,zero_gravity,position,40.95000000003819,119,0.34411764705914444,0.2365229110512372,-1.1718380375620059,3.7364784329141254,4.787491742782046,0.29573777328423634
202512171628,gravity,ball,123.6333333334872,458,0.2699417758373083,0.7894848871859559,1.321823245866393,4.825376093316193,6.129050210060545,0.23897105362215415
202512171628,gravity,position,32.96666666672371,194,0.16993127147795728,0.21051511281404414,-1.3218232458663928,3.5253796515622486,5.272999558563747,0.15694500475773449
202512171628,zero_gravity,ball,133.36666666683016,525,0.2540317460320574,0.7311100959341235,1.0002620411832341,4.900572381456227,6.26530121273771,0.22636375770532693
202512171628,zero_gravity,position,49.050000000083344,269,0.18234200743525406,0.2688899040658765,-1.0002620411832344,3.913022505762895,5.598421958998375,0.16749722352323618
202512180956,gravity,ball,96.30000000011958,340,0.28323529411799875,0.8096973094170582,1.448044572907655,4.577798989193188,5.831882477283517,0.24938446251963092
202512180956,gravity,position,22.63333333335882,72,0.3143518518522058,0.1903026905829418,-1.448044572907655,3.1626581448710507,4.290459441148391,0.2733436557950298
202512180956,zero_gravity,ball,128.633333333505,498,0.2582998661315361,0.9205629770992109,2.4500208715568226,4.864709952494916,6.212606095751519,0.22976149722742706
202512180956,zero_gravity,position,11.100000000018724,59,0.18813559322065634,0.07943702290078913,-2.4500208715568226,2.4932054526042426,4.0943445622221,0.17238535013509207
202512180957,gravity,ball,147.63333333348024,462,0.3195526695529875,0.9415391156462402,2.7791580062562935,5.001482422966309,6.137727054086234,0.2772927924609224
202512180957,gravity,position,9.16666666667885,29,0.3160919540234086,0.05846088435375988,-2.779158006256293,2.3191143949464545,3.4011973816621555,0.2746667043400298
202512180957,zero_gravity,ball,154.40000000017233,517,0.2986460348165809,0.8007606534704768,1.3910552443819981,5.046002437934656,6.249975242259483,0.2613222100377621
202512180957,zero_gravity,position,38.41666666671068,125,0.30733333333368545,0.19923934652952327,-1.391055244381998,3.674188738705049,4.836281906951478,0.2679894391063142
202512181416,gravity,ball,125.60000000017527,517,0.24294003868505856,0.8422935062032223,1.6753928644035785,4.84103250971146,6.249975242259483,0.21747957217360173
202512181416,gravity,position,23.51666666669493,99,0.23754208754237305,0.15770649379677767,-1.6753928644035785,3.1993531583804895,4.605170185988092,0.21312722501762774
202512181416,zero_gravity,ball,110.6333333334963,479,0.23096729297180854,0.7977406561711146,1.372232798088998,4.715219691133509,6.173786103901937,0.2078002773707133
202512181416,zero_gravity,position,28.050000000044577,131,0.21412213740492042,0.20225934382888547,-1.372232798088998,3.3690184832994547,4.882801922586371,0.1940212949942818
202512181505,gravity,ball,67.61666666673534,208,0.3250801282054584,0.7740889143292894,1.2315452477622841,4.228535459548805,5.342334251964811,0.28147293172702686
202512181505,gravity,position,19.733333333357564,71,0.27793427230081075,0.22591108567071067,-1.231545247762284,3.0317427110781927,4.276666119016055,0.24524492450820765
202512181505,zero_gravity,ball,14.333333333346616,60,0.23888888888911025,0.20980727006584596,-1.3260875299239192,2.7300291078218515,4.110873864173311,0.21421492057008704
202512181505,zero_gravity,position,53.9833333333911,184,0.29338768115973424,0.790192729934154,1.326087529923919,4.007030109007531,5.220355825078324,0.25726488559945165
202512181622,gravity,ball,186.79999999987962,525,0.3558095238092945,0.9401107196779063,2.7535001256772564,5.235377566773521,6.26530121273771,0.30439871048429945
202512181622,gravity,position,11.89999999999236,50,0.2379999999998472,0.059889280322093744,-2.7535001256772564,2.557227311367034,3.9318256327243257,0.21349717426228093
202512181622,zero_gravity,ball,115.9666666665596,398,0.29137353433808943,0.7569625761531348,1.1360983760825136,4.761888993920144,5.988961416889864,0.2557064072245513
202512181622,zero_gravity,position,37.23333333330743,88,0.4231060606057662,0.24303742384686516,-1.136098376082514,3.643707735466538,4.48863636973214,0.3528418494334002
202512191005,gravity,ball,145.88333333346156,398,0.36654103852628533,0.8984808047629046,2.1804574461099695,4.9896386208784325,5.988961416889864,0.31228275778742454
202512191005,gravity,position,16.483333333343808,41,0.4020325203254587,0.10151919523709542,-2.1804574461099695,2.861248046174796,3.7376696182833684,0.33792298401061466
202512191005,zero_gravity,ball,110.23333333343754,350,0.3149523809526787,0.6525256511444909,0.6301596044858302,4.711630097090156,5.860786223465865,0.27380045277076404
202512191005,zero_gravity,position,58.7000000000412,128,0.4585937500003219,0.3474743488555091,-0.6301596044858302,4.0893320203992465,4.859812404361672,0.37747278662828043
202512191420,gravity,ball,124.93333333347277,418,0.2988835725681167,0.7731023102310214,1.225912184571841,4.835752666400407,6.037870919922137,0.26150510516359443
202512191420,gravity,position,36.666666666707954,127,0.28871391076147995,0.22689768976897864,-1.225912184571841,3.628775530045327,4.852030263919617,0.25364475266807185
202512191420,zero_gravity,ball,146.95000000014568,493,0.29807302231266875,0.9285939968404506,2.5652896671467564,4.996874378847203,6.202535517187923,0.26088087425933837
202512191420,zero_gravity,position,11.300000000009788,29,0.3896551724141306,0.07140600315954937,-2.5652896671467564,2.5095992623791674,3.4011973816621555,0.32905563896640616
202512191437,gravity,ball,79.96666666656628,320,0.24989583333301962,0.831254331254296,1.594543139756854,4.394037547338777,5.771441123130016,0.22306021450821029
202512191437,gravity,position,16.23333333331703,70,0.23190476190452902,0.16874566874570396,-1.5945431397568537,2.8468454928453277,4.2626798770413155,0.20856155847432573
202512191437,zero_gravity,ball,80.93333333325091,279,0.2900836320188205,0.7852522639068159,1.2965410027027149,4.4059059084628185,5.634789603169249,0.2547070472944823
202512191437,zero_gravity,position,22.133333333316102,49,0.4517006802717572,0.21474773609318404,-1.2965410027027153,3.1412745788439045,3.912023005428146,0.3727357520886745
202512191555,gravity,ball,109.76666666678139,385,0.2851082251085231,0.6931172384761649,0.8147333698080177,4.707425886693475,5.955837369464831,0.2508429366750572
202512191555,gravity,position,48.60000000003831,135,0.36000000000028376,0.30688276152383503,-0.8147333698080179,3.9039908337316542,4.912654885736052,0.3074846997481693
202512191555,zero_gravity,ball,114.48333333345442,392,0.2920493197282001,0.6913244766505684,0.8063186500996524,4.749126219406329,5.973809611869261,0.25622957779607497
202512191555,zero_gravity,position,51.116666666719595,156,0.32767094017127946,0.30867552334943166,-0.8063186500996523,3.953484795236756,5.056245805348308,0.2834262343346124
202512221005,gravity,ball,131.66666666681238,423,0.3112687155243791,0.8505598621877987,1.7389988973885953,4.887839716617426,6.049733455231958,0.2709951536670289
202512221005,gravity,position,23.133333333353562,59,0.39209039548056884,0.1494401378122013,-1.7389988973885953,3.1835940107243994,4.0943445622221,0.33080649908578186
202512221005,zero_gravity,ball,119.11666666679736,410,0.2905284552848716,0.708605988499004,0.88862330080152,4.788463492703428,6.018593214496234,0.255051789747364
202512221005,zero_gravity,position,48.98333333336461,118,0.41511299435054755,0.2913940115009959,-0.8886233008015203,3.9116896165275343,4.77912349311153,0.3472093825716848
202512221010,gravity,ball,100.43333333346615,473,0.21233262861197919,0.890103397341146,2.0917976848564876,4.619401768236125,6.161207321695077,0.1925462960431825
202512221010,gravity,position,12.400000000024676,77,0.1610389610392815,0.10989660265885406,-2.091797684856487,2.5952547069587073,4.356708826689592,0.14931526032606063
202512221010,zero_gravity,ball,89.25000000013722,400,0.22312500000034305,0.7548632647308015,1.124720468527799,4.502583597214511,5.993961427306569,0.2014090591684841
202512221010,zero_gravity,position,28.98333333337115,113,0.2564896755165588,0.24513673526919855,-1.124720468527799,3.4006416717296934,4.736198448394496,0.22832186110866554
202512221602,gravity,ball,122.96666666657313,324,0.3795267489709047,0.9743792921289378,3.6383997190949704,4.8200127122621605,5.783825182329737,0.32174050482494804
202512221602,gravity,position,3.233333333325447,21,0.15396825396787842,0.025620707871062166,-3.6383997190949713,1.442989704794573,3.091042453358316,0.14320665814761555
202512221602,zero_gravity,ball,130.46666666656807,302,0.4320088300217486,0.9419975932611694,2.787518214466066,4.8787533340596205,5.713732805509369,0.35907823473574774
202512221602,zero_gravity,position,8.03333333332165,21,0.3825396825391262,0.05800240673883066,-2.7875182144660653,2.2009214392162524,3.091042453358316,0.323922157466522
202512221616,gravity,ball,161.88333333352705,588,0.2753117913835494,0.9377292913689856,2.7119701566064807,5.093034198117924,6.3784261836515865,0.2431906909764117
202512221616,gravity,position,10.7500000000137,45,0.23888888888919332,0.06227070863101439,-2.71197015660648,2.463853240591334,3.828641396489095,0.21421492057015412
202512221616,zero_gravity,ball,96.75000000012841,414,0.23369565217422322,0.547848244620709,0.1919804572492632,4.582413198866789,6.028278520230698,0.21001425987266847
202512221616,zero_gravity,position,79.85000000007454,234,0.3412393162396348,0.4521517553792909,-0.19198045724926363,4.392595586024038,5.459585514144159,0.29359404940607686
202512221617,gravity,ball,113.83333333343677,333,0.34184184184215244,0.7389375743806496,1.0404538869399969,4.743481801786504,5.811140992976701,0.29404317902769195
202512221617,gravity,position,40.21666666669546,100,0.4021666666669546,0.26106242561935045,-1.0404538869399969,3.718842705300014,4.61512051684126,0.3380186593408269
202512221617,zero_gravity,ball,113.76666666678705,363,0.3134067952253087,0.6542701044762316,0.6378624485633354,4.7429010816774175,5.8971538676367405,0.27262436852814637
202512221617,zero_gravity,position,60.116666666716924,147,0.40895691610011514,0.3457298955237684,-0.6378624485633354,4.112784605850048,4.997212273764115,0.34284965480540025
202512221633,gravity,ball,70.89999999991625,295,0.24033898305056356,0.7726116963312311,1.2231174440998887,4.275276264725836,5.69035945432406,0.21538471568511242
202512221633,gravity,position,20.866666666647234,64,0.32604166666636303,0.22738830366876894,-1.2231174440998887,3.084963407281045,4.174387269895637,0.2821983140952956
202512221633,zero_gravity,ball,81.29999999990343,311,0.2614147909964741,0.7440512507625224,1.0671326917479909,4.410371107681851,5.7430031878094825,0.2322339410360266
202512221633,zero_gravity,position,27.96666666665368,45,0.6214814814811929,0.2559487492374776,-1.0671326917479904,3.366145743602788,3.828641396489095,0.4833402260902098
202512230948,gravity,ball,139.53333333322706,329,0.42411347517698195,0.9434302456615177,2.814047963874811,4.945444708558287,5.799092654460526,0.353549497439179
202512230948,gravity,position,8.36666666665485,30,0.278888888888495,0.05656975433848229,-2.814047963874812,2.2371572876703287,3.4339872044851463,0.2459916453972639
202512230948,zero_gravity,ball,164.99999999988893,374,0.4411764705879383,0.9945750452079524,5.211305989557623,5.111987788355874,5.926926025970411,0.3654597734942592
202512230948,zero_gravity,position,0.9000000000000908,4,0.2250000000000227,0.005424954792047576,-5.211305989557633,0.6418538861724425,1.6094379124341003,0.20294084399670884
202512231014,gravity,ball,160.65000000015146,448,0.3585937500003381,0.895484949832742,2.148034333145085,5.0854335041723795,6.1070228877422545,0.30645015744086906
202512231014,gravity,position,18.75000000002447,69,0.27173913043513725,0.10451505016725798,-2.1480343331450853,2.9831534913483697,4.248495242049359,0.24038535774899467
202512231014,zero_gravity,ball,123.91666666680084,429,0.2888500388503516,0.6870264276474377,0.786254006076729,4.827646848315672,6.063785208687608,0.25375037805053324
202512231014,zero_gravity,position,56.45000000004728,138,0.4090579710148354,0.31297357235256235,-0.7862540060767288,4.050915004295588,4.9344739331306915,0.34292137544479473
202512231432,gravity,ball,54.79999999995937,136,0.4029411764702895,0.7107652399480899,0.8991035154877538,4.0217738693865375,4.919980925828125,0.3385708732779212
202512231432,gravity,position,22.299999999986653,40,0.5574999999996664,0.28923476005191007,-0.8991035154877537,3.1484533605710823,3.713572066704308,0.44308197167925695
202512231432,zero_gravity,ball,86.03333333328072,208,0.41362179487154194,0.8701955495617139,1.9026888654309588,4.466291187036369,5.342334251964811,0.34615505989511464
202512231432,zero_gravity,position,12.833333333323822,38,0.33771929824536373,0.1298044504382861,-1.9026888654309593,2.6270811385678554,3.6635616461296463,0.2909661476527838
202512231610,gravity,ball,86.6333333332501,274,0.31618004866149674,0.7835393427796888,1.286412465593671,4.473161443066776,5.616771097666572,0.27473363863711703
202512231610,gravity,position,23.933333333300652,86,0.27829457364303084,0.2164606572203112,-1.2864124655936708,3.216205596311011,4.465908118654584,0.24552682520358382
202512231610,zero_gravity,ball,36.099999999960005,143,0.25244755244727274,0.4088335220837144,-0.36878962955013367,3.6136169696123113,4.969813299576001,0.2250996788065355
202512231610,zero_gravity,position,52.19999999996179,121,0.43140495867737016,0.5911664779162856,0.36878962955013367,3.9740583963468805,4.804021044733257,0.35865645053137307
202512231626,gravity,ball,135.28333333345452,356,0.3800093632962206,0.8854587105923588,2.0451704636097716,4.914736051940766,5.877735781779639,0.3220902841433566
202512231626,gravity,position,17.50000000001279,48,0.36458333333359977,0.11454128940764118,-2.0451704636097716,2.9177707320849704,3.8918202981106265,0.3108491317335106
202512231626,zero_gravity,ball,90.28333333344028,289,0.3123990772783401,0.6602071907374576,0.6642176637779406,4.513968222562792,5.66988092298052,0.27185681902496783
202512231626,zero_gravity,position,46.46666666670052,113,0.4112094395283232,0.3397928092625424,-0.6642176637779406,3.860027710310479,4.736198448394496,0.344447095256184
202512241001,gravity,ball,126.4999999999157,252,0.5019841269837925,0.8807147830123087,1.999216424374649,4.84811636459782,5.53338948872752,0.40678698536585745
202512241001,gravity,position,17.13333333332048,40,0.428333333333012,0.11928521698769136,-1.999216424374649,2.8977518651930785,3.713572066704308,0.35650826338140845
202512241001,zero_gravity,ball,154.16666666657522,307,0.5021715526598541,0.9156602652940139,2.3847923036773198,5.044499808048423,5.730099782973574,0.40691176297147547
202512241001,zero_gravity,position,14.199999999989245,45,0.31555555555531656,0.08433973470598613,-2.3847923036773193,2.721295427851523,3.828641396489095,0.27425905211945856
202512241020,gravity,ball,111.90000000012719,424,0.2639150943399226,0.7647795876523462,1.1790646721448137,4.726502471156743,6.052089168924417,0.23421412126908414
202512241020,gravity,position,34.41666666670693,118,0.2916666666670079,0.23522041234765378,-1.179064672144814,3.5671825191375532,4.77912349311153,0.2559333741374648
202512241020,zero_gravity,ball,150.01666666683911,547,0.27425350396131465,0.8401157364196622,1.6590894629331465,5.017390206001102,6.306275286948016,0.2423605200567286
202512241020,zero_gravity,position,28.550000000027637,91,0.31373626373656743,0.15988426358033778,-1.6590894629331467,3.3860837438530424,4.5217885770490405,0.2728751873877149
202512241428,gravity,ball,141.46666666681338,435,0.3252107279696859,0.9404986149584468,2.760410585784919,4.9591080542179675,6.077642243349034,0.2815714867697906
202512241428,gravity,position,8.950000000009595,35,0.25571428571455984,0.0595013850415532,-2.7604105857849195,2.2975725511714655,3.58351893845611,0.22770456264199063
202512241428,zero_gravity,ball,118.20000000011856,426,0.27746478873267266,0.7660401814646698,1.18608523963311,4.780802754632244,6.056784013228625,0.24487748007999335
202512241428,zero_gravity,position,36.10000000003811,134,0.2694029850749112,0.2339598185353302,-1.18608523963311,3.6136169696144167,4.90527477843843,0.23854669945112872
202512241429,gravity,ball,111.28333333345381,360,0.30912037037070506,0.796397900763337,1.3639313410632943,4.721025438739632,5.8888779583328805,0.269355438674636
202512241429,gravity,position,28.450000000034606,104,0.27355769230802507,0.20360209923666292,-1.3639313410632943,3.3826939100987707,4.653960350157523,0.24181431657696734
202512241429,zero_gravity,ball,148.70000000016205,509,0.29214145383135964,0.9563726015649587,3.0874622302443306,5.008633291426666,6.234410725718371,0.25630088375702903
202512241429,zero_gravity,position,6.7833333333494465,40,0.16958333333373615,0.04362739843504131,-3.0874622302443293,2.051984695448867,3.713572066704308,0.1566475600261899
202512241442,gravity,ball,116.86666666658536,261,0.4477650063853845,0.9054752066115895,2.2595977320800387,4.769554042094689,5.568344503761097,0.37002099238545244
202512241442,gravity,position,12.199999999988762,44,0.2772727272724719,0.09452479338841045,-2.259597732080039,2.580216829591474,3.8066624897703196,0.24472712298118426
202512241442,zero_gravity,ball,102.29999999992037,249,0.4108433734936561,0.694186835557526,0.8197667980166378,4.637637376124822,5.521460917862246,0.3441876628068471
202512241442,zero_gravity,position,45.06666666664012,79,0.570464135020761,0.30581316444247403,-0.8197667980166375,3.8300896226648833,4.382026634673881,0.4513712030728052
202512241627,gravity,ball,139.0500000001429,464,0.299676724138239,0.8984492784836945,2.1801118602681298,4.941999501707138,6.142037405587356,0.2621155598032336
202512241627,gravity,position,15.716666666690486,63,0.24947089947127757,0.10155072151630556,-2.180111860268129,2.8164062257412597,4.1588830833596715,0.22272018128278634
202512241627,zero_gravity,ball,84.88333333343655,330,0.257222222222535,0.6495344981508123,0.6169936735426557,4.4529897861073255,5.802118375377063,0.2289047017495301
202512241627,zero_gravity,position,45.80000000004236,139,0.3294964028780026,0.3504655018491876,-0.6169936735426561,3.8458832029245063,4.941642422609304,0.28480022607712124
202512241647,gravity,ball,86.53333333325878,293,0.2953356086459344,0.9799924499811473,3.8914351642729996,4.472019673199735,5.683579767338681,0.25876981883160804
202512241647,gravity,position,1.7666666666631272,8,0.2208333333328909,0.020007550018852658,-3.8914351642730005,1.0176432261331632,2.1972245773362196,0.1995336856747136
202512241647,zero_gravity,ball,60.59999999992863,218,0.27798165137581937,0.8736184526670298,1.9333382425600465,4.120661870538315,5.389071729816501,0.24528199855636013
202512241647,zero_gravity,position,8.766666666652952,32,0.27395833333290476,0.1263815473329703,-1.933338242560046,2.2789752273535075,3.4965075614664802,0.24212885122495403
202512250951,gravity,ball,173.33333333350453,522,0.3320561941254876,0.9079797450672465,2.289213356028409,5.1609691753977955,6.259581464064923,0.2867237590102155
202512250951,gravity,position,17.566666666679566,54,0.32530864197554754,0.09202025493275341,-2.2892133560284096,2.9213678582658233,4.007333185232471,0.2816453696525315
202512250951,zero_gravity,ball,181.9833333335162,570,0.31926900584827406,0.8971325281406315,2.1657621183536895,5.209395074013631,6.3473892096560105,0.2770777997553142
202512250951,zero_gravity,position,20.866666666694584,68,0.3068627450984498,0.1028674718593685,-2.1657621183536895,3.0849634072832104,4.23410650459726,0.2676294139007061
202512251423,gravity,ball,79.16666666659535,211,0.37519747235353246,0.6557150745443265,0.6442567707881557,4.384107800876817,5.356586274672012,0.31859733706382176
202512251423,gravity,position,41.566666666652054,55,0.7557575757573101,0.3442849254556734,-0.6442567707881559,3.7510714743700406,4.02535169073515,0.5629004308745728
202512251423,zero_gravity,ball,81.89999999991062,281,0.291459074732778,0.5794811320752917,0.3206437546573002,4.417635062140171,5.641907070938114,0.2557726448850326
202512251423,zero_gravity,position,59.43333333331236,81,0.7337448559668193,0.4205188679247083,-0.32064375465730016,4.1015408290923485,4.406719247264253,0.550283725644273
202512251624,gravity,ball,125.36666666682311,493,0.25429344151485417,0.9780262644649378,3.7956886241062193,4.839187733855417,6.202535517187923,0.22657241923378066
202512251624,gravity,position,2.8166666666729716,17,0.1656862745101748,0.021973735535062246,-3.7956886241062175,1.3393774413337909,2.8903717578961645,0.15330999041278323
202512251624,zero_gravity,ball,99.26666666678642,376,0.26400709219890006,0.7238697131745343,0.9637386139628991,4.6078333034087695,5.932245187448011,0.23428690662577586
202512251624,zero_gravity,position,37.866666666710785,138,0.2743961352660202,0.27613028682546575,-0.9637386139628987,3.660136985249417,4.9344739331306915,0.242472447018096
202512260959,gravity,ball,86.8999999999061,287,0.30278745644566585,0.86957971981327,1.8972478539486752,4.476199804690063,5.662960480135946,0.2645061662231958
202512260959,gravity,position,13.033333333312214,68,0.1916666666663561,0.13042028018672996,-1.8972478539486757,2.641435452018721,4.23410650459726,0.17535288747760067
202512260959,zero_gravity,ball,100.1666666665692,315,0.31798941798910857,0.9254696643055551,2.519095120813235,4.61676932183048,5.755742213586912,0.2761074072082576
202512260959,zero_gravity,position,8.066666666653873,36,0.2240740740737187,0.07453033569444494,-2.5190951208132346,2.204604684632431,3.6109179126442243,0.2021847002930759
202512261002,gravity,ball,134.8833333334917,482,0.27984094052591635,0.9145666176969109,2.370713393316118,4.911796674441976,6.180016653652572,0.24673580499583653
202512261002,gravity,position,12.600000000015427,58,0.21724137931061083,0.08543338230308903,-2.3707133933161186,2.6100697927431407,4.07753744390572,0.1965871339529956
202512261002,zero_gravity,ball,93.866666666779,378,0.24832451499147884,0.6500461680518012,0.6192421510760246,4.5524723969888266,5.937536205082426,0.22180226418384902
202512261002,zero_gravity,position,50.53333333337315,122,0.4142076502735504,0.3499538319481988,-0.6192421510760249,3.9422288474859846,4.812184355372417,0.34656940978555534
202512261030,gravity,ball,120.46666666659033,258,0.4669250645991873,0.9391891891891866,2.7372493557944266,4.799639876717065,5.556828061699537,0.383168417146697
202512261030,gravity,position,7.799999999995407,15,0.5199999999996938,0.060810810810813375,-2.7372493557944275,2.1747517214836387,2.772588722239781,0.4187103348579836
202512261030,zero_gravity,ball,117.79999999992515,244,0.4827868852455949,0.8212874738554401,1.5250946833739323,4.777441406927914,5.501258210544727,0.39392334766778603
202512261030,zero_gravity,position,25.633333333318717,38,0.6745614035083873,0.17871252614455987,-1.5250946833739325,3.2821635641035707,3.6635616461296463,0.5155512823369768
202512261422,gravity,ball,110.3999999999184,282,0.39148936170183835,0.9261744966443078,2.529358412359018,4.713127327492451,5.645446897643238,0.33037465675288646
202512261422,gravity,position,8.799999999991883,32,0.27499999999974634,0.07382550335569216,-2.5293584123590174,2.2823823856756977,3.4965075614664802,0.24294617861019052
202512261422,zero_gravity,ball,115.56666666656048,327,0.3534148827723562,0.8019893592412803,1.3987745695433613,4.758463355400309,5.793013608384144,0.30263094133625335
202512261422,zero_gravity,position,28.533333333304824,99,0.28821548821520027,0.1980106407587196,-1.3987745695433615,3.38551956894196,4.605170185988092,0.25325791820322935
202512261436,gravity,ball,139.15000000011742,412,0.3377427184468869,0.852721887447635,1.7561107323489389,4.942713277611635,6.023447592961033,0.2909836550600111
202512261436,gravity,position,24.033333333357632,66,0.3641414141417823,0.147278112552365,-1.7561107323489387,3.22020827010295,4.204692619390966,0.31052523010430455
202512261436,zero_gravity,ball,82.91666666674905,266,0.3117167919802596,0.5095247849242803,0.038103749250359684,4.429824242931543,5.58724865840025,0.27133680744968003
202512261436,zero_gravity,position,79.81666666672396,212,0.37649371069209414,0.4904752150757197,-0.03810374925035967,4.392183214883961,5.3612921657094255,0.31953947653239995
202512261555,gravity,ball,39.633333333305956,96,0.41284722222193704,0.9224204809930543,2.4756977107031997,3.7045887478184425,4.574710978503383,0.3456069748714965
202512261555,gravity,position,3.3333333333293353,12,0.2777777777774446,0.07757951900694576,-2.475697710703199,1.4663370687925044,2.5649493574615367,0.24512245803272426
202512261555,zero_gravity,ball,37.36666666663831,79,0.47299578059035835,0.9412258606214091,2.7734811810242923,3.647189027058988,4.382026634673881,0.3872982729756155
202512261555,zero_gravity,position,2.3333333333280843,11,0.21212121212073495,0.05877413937859092,-2.773481181024292,1.2039728043243614,2.4849066497880004,0.1923718926470624
202512261625,gravity,ball,153.5166666667802,358,0.4288175046558106,0.902950691108701,2.2304487578594414,5.040301965385616,5.883322388488279,0.35684718236391055
202512261625,gravity,position,16.500000000014808,51,0.3235294117649962,0.09704930889129901,-2.230448757859442,2.8622008809303146,3.9512437185814275,0.2803019651543777
202512261625,zero_gravity,ball,127.33333333343813,352,0.36174242424272196,0.7498282461477845,1.0976964777843339,4.854631045620491,5.8664680569332965,0.3087650740150038
202512261625,zero_gravity,position,42.48333333337325,108,0.3933641975312338,0.2501717538522154,-1.097696477784334,3.7723777229155457,4.6913478822291435,0.33172110896142404
202512291041,gravity,ball,141.6666666668587,597,0.237297599106966,0.8778271196942672,1.9720125784996254,4.960510906915033,6.393590753950631,0.2129296458067226
202512291041,gravity,position,19.7166666667012,93,0.2120071684591527,0.12217288030573285,-1.972012578499625,3.0309385292902773,4.543294782270004,0.1922778021998897
202512291041,zero_gravity,ball,133.23333333350956,544,0.24491421568659846,0.7969295184926692,1.3672131230444415,4.899579579190612,6.300785794663244,0.21906662447977274
202512291041,zero_gravity,position,33.950000000045634,155,0.21903225806481055,0.20307048150733076,-1.3672131230444415,3.553918468681125,5.049856007249537,0.1980573128764929
202512291432,gravity,ball,109.53333333346595,418,0.26204146730494243,0.8532848610750433,1.7606005674507554,4.70531713459423,6.037870919922137,0.23273062198247832
202512291432,gravity,position,18.83333333335645,87,0.2164750957857063,0.14671513892495663,-1.7606005674507559,2.98736402388464,4.477336814478207,0.19595741101027134
202512291432,zero_gravity,ball,83.70000000013249,406,0.20615763546830662,0.6740034894646696,0.7263486107161233,4.439115601659573,6.008813185442595,0.1874397991068096
202512291432,zero_gravity,position,40.48333333336643,134,0.3021144278609435,0.3259965105353304,-0.7263486107161232,3.725291740146289,4.90527477843843,0.26398942614653254
202512291441,gravity,ball,107.63333333325903,255,0.42209150326768247,0.8068465767116216,1.4296487221707086,4.687978297174722,5.545177444479562,0.35212867760029626
202512291441,gravity,position,25.76666666665261,43,0.5992248062012235,0.1931534232883784,-1.4296487221707086,3.2871573322840812,3.784189633918261,0.46951901571532967
202512291441,zero_gravity,ball,63.899999999947,198,0.322727272727005,0.5217746325529729,0.08715365485813517,4.172847623709227,5.293304824724492,0.2796957208189286
202512291441,zero_gravity,position,58.56666666664222,97,0.6037800687282703,0.47822536744702715,-0.08715365485813524,4.087096133496862,4.584967478670572,0.47236338578412024
202512291612,gravity,ball,99.89999999991548,245,0.40775510204047133,0.7053424335136826,0.872869515656209,4.614129927358726,5.5053315359323625,0.34199630939782316
202512291612,gravity,position,41.73333333331516,63,0.6624338624335739,0.29465756648631736,-0.872869515656209,3.754979255818035,4.1588830833596715,0.5082827107617048
202512291612,zero_gravity,ball,130.79999999990775,303,0.43168316831652725,0.8491668470028306,1.7280814099248656,4.881285622067707,5.717027701406222,0.3588507928831922
202512291612,zero_gravity,position,23.233333333313794,75,0.30977777777751725,0.15083315299716937,-1.7280814099248656,3.1877290958705577,4.330733340286331,0.26985748753903
202512300954,gravity,ball,112.93333333322767,333,0.3391391391388218,0.9010638297872043,2.2091012014984654,4.735613482012454,5.811140992976701,0.2920269740355172
202512300954,gravity,position,12.39999999999253,43,0.2883720930230821,0.09893617021279567,-2.209101201498465,2.5952547069563083,3.784189633918261,0.25337947805954086
202512300954,zero_gravity,ball,77.66666666659324,263,0.29531051964484123,0.6139657444004708,0.46401302510834147,4.365219516356567,5.575949103146316,0.25875044991756
202512300954,zero_gravity,position,48.833333333298754,103,0.47411003236212385,0.3860342555995292,-0.46401302510834136,3.9086841041619373,4.6443908991413725,0.3880544398020398
202512301413,gravity,ball,90.26666666658684,271,0.3330873308730142,0.7368707482993146,1.029767138578845,4.513785624185364,5.605802066295998,0.28749755358398227
202512301413,gravity,position,32.233333333305666,97,0.33230240549799656,0.2631292517006853,-1.0297671385788454,3.5035533882988505,4.584967478670572,0.28690857750517684
202512301413,zero_gravity,ball,59.4333333332695,209,0.2843700159486579,0.47281888093333513,-0.10883176935379725,4.10154082909164,5.3471075307174685,0.2502683381683407
202512301413,zero_gravity,position,66.26666666662322,119,0.5568627450976742,0.5271811190666649,0.10883176935379733,4.208664819250753,4.787491742782046,0.4426727355285298
202512301420,gravity,ball,108.59999999989046,327,0.3321100917427843,0.7118199694121694,0.9042396364441427,4.696837374512915,5.793013608384144,0.28676422016130054
202512301420,gravity,position,43.96666666664575,69,0.637198067632547,0.28818003058783054,-0.9042396364441428,3.8059214745451353,4.248495242049359,0.49298628534745137
202512301420,zero_gravity,ball,95.96666666657273,265,0.3621383647795198,0.7052915237627341,0.8726245746368846,4.574367276832078,5.583496308781699,0.30905579197974165
202512301420,zero_gravity,position,40.0999999999853,57,0.7035087719295666,0.2947084762372659,-0.8726245746368847,3.7160081215018312,4.060443010546419,0.5326901074625776
202512301559,gravity,ball,113.71666666681227,465,0.24455197132647802,0.9440985194409625,2.8266396588538427,4.742465320177533,6.144185634125646,0.21877560276229224
202512301559,gravity,position,6.733333333344859,36,0.1870370370373572,0.05590148055903757,-2.8266396588538423,2.045539990005645,3.6109179126442243,0.17146031736261969
202512301559,zero_gravity,ball,114.51666666681967,434,0.2638632872507366,0.8685374794589759,1.8880889428956111,4.749414819697209,6.075346031088684,0.23417313105445886
202512301559,zero_gravity,position,17.333333333357302,73,0.23744292237475756,0.13146252054102417,-1.888088942895611,2.9087208965656686,4.30406509320417,0.2130470910634654
202512301619,gravity,ball,82.23333333325863,263,0.3126742712291203,0.6594493450948676,0.6608412803971287,4.421647908616721,5.575949103146316,0.2720664847487425
202512301619,gravity,position,42.46666666663316,101,0.42046204620428873,0.3405506549051324,-0.6608412803971284,3.771994360823672,4.624972813284271,0.350982203337972
202512301619,zero_gravity,ball,66.03333333326589,222,0.29744744744714363,0.594181163767128,0.3812774185272714,4.205190008109491,5.407171771460119,0.26039883230673033
202512301619,zero_gravity,position,45.09999999997609,71,0.6352112676052971,0.4058188362328719,-0.3812774185272717,3.830812950002084,4.276666119016055,0.4917720116623245
202512301621,gravity,ball,92.16666666658,317,0.2907465825444164,0.6810344827585688,0.7585299398225582,4.534390003926114,5.762051382780177,0.2552207971230735
202512301621,gravity,position,43.16666666663639,80,0.5395833333329548,0.3189655172414312,-0.7585299398225582,3.787970356757482,4.394449154672439,0.4315118170460193
202512301621,zero_gravity,ball,102.46666666655545,360,0.2846296296293207,0.7143853125724721,0.9167788145317629,4.639249499639879,5.8888779583328805,0.2504704508326951
202512301621,zero_gravity,position,40.96666666665266,45,0.9103703703700591,0.28561468742752794,-0.916778814531763,3.736875652381858,3.828641396489095,0.6472971344487067
202512311540,gravity,ball,111.90000000011088,355,0.31521126760594614,0.8573617673348879,1.7935483784702648,4.726502471156598,5.87493073085203,0.273997312501713
202512311540,gravity,position,18.616666666694698,77,0.24177489177525582,0.14263823266511214,-1.7935483784702646,2.976379545039605,4.356708826689592,0.2165417205263797
202512311540,zero_gravity,ball,100.73333333343811,333,0.3025025025028171,0.718070571462522,0.9349110669568944,4.622355010743222,5.811140992976701,0.2642874159508844
202512311540,zero_gravity,position,39.55000000004003,122,0.32418032786918055,0.281929428537478,-0.9349110669568946,3.702535780562409,4.812184355372417,0.28079364753749847
202601051520,gravity,ball,102.11666666678028,323,0.3161506707949854,0.6760454595608681,0.7356571229913229,4.63586103330999,5.780743515792329,0.2747113178350268
202601051520,gravity,position,48.93333333338413,129,0.37932816537507075,0.32395454043913186,-0.7356571229913229,3.9106887824160266,4.867534450455582,0.3215965439409274
202601051520,zero_gravity,ball,133.13333333346492,400,0.3328333333336623,0.8489743862259442,1.72657956643853,4.898834330118401,5.993961427306569,0.28730700212194465
202601051520,zero_gravity,position,23.68333333335852,84,0.28194444444474426,0.15102561377405574,-1.7265795664385302,3.2061282520467183,4.442651256490317,0.24837802249298502
202601061013,gravity,ball,160.06666666679092,384,0.41684027777810134,0.9576228936085303,3.117845788416604,5.081818357953267,5.953243334287785,0.34842923577953433
202601061013,gravity,position,7.083333333339709,17,0.4166666666670417,0.04237710639146978,-3.117845788416603,2.089804328716171,2.8903717578961645,0.3483066942684805
202601061013,zero_gravity,ball,187.466666666807,434,0.431950844854394,0.8288261734581055,1.5773308812800109,5.2389211565921245,6.075346031088684,0.3590377417302971
202601061013,zero_gravity,position,38.71666666669665,94,0.4118794326244325,0.17117382654189447,-1.577330881280011,3.6817709148773963,4.553876891600541,0.3449217477655662
202601061500,gravity,ball,110.33333333344387,332,0.3323293172694093,0.780568329206459,1.2689813922887887,4.712528704309584,5.808142489980444,0.2869287767478592
202601061500,gravity,position,31.0166666666982,110,0.28196969696998364,0.21943167079354103,-1.2689813922887883,3.4662566005474407,4.709530201312334,0.2483977209102076
202601061500,zero_gravity,ball,149.03333333348587,454,0.32826725403851514,0.9757747708424137,3.6958371749210888,5.010857491631794,6.12029741895095,0.28387527631801074
202601061500,zero_gravity,position,3.7000000000058435,15,0.24666666666705622,0.02422522915758625,-3.6958371749210905,1.5475625087172562,2.772588722239781,0.22047332275864334
202601061632,gravity,ball,111.36666666655066,377,0.295402298850267,0.9249723145072445,2.5119066214777224,4.721767333570873,5.934894195619588,0.25882130239090934
202601061632,gravity,position,9.033333333317898,44,0.20530303030267952,0.07502768549275549,-2.5119066214777224,2.305912883085182,3.8066624897703196,0.1867310127570793
202601061632,zero_gravity,ball,113.3999999998976,348,0.325862068965223,0.8303636807419548,1.5882069273906487,4.739701078944803,5.855071922202427,0.28206286596495705
202601061632,zero_gravity,position,23.166666666654237,52,0.44551282051258145,0.16963631925804526,-1.5882069273906487,3.184974273192005,3.970291913552122,0.3684641516930306
202601071419,gravity,ball,83.5999999999182,243,0.34403292181036293,0.6619160728422893,0.6718445998554096,4.437934266611211,5.497168225293202,0.2956747371955658
202601071419,gravity,position,42.699999999986716,55,0.7763636363633948,0.33808392715771074,-0.6718445998554096,3.7773481021012403,4.02535169073515,0.5745683738161301
202601071419,zero_gravity,ball,128.83333333325413,270,0.47716049382686715,0.8669807088380428,1.8745225620237866,4.8662515766420835,5.602118820879701,0.39012165968174495
202601071419,zero_gravity,position,19.766666666654714,40,0.4941666666663679,0.1330192911619572,-1.8745225620237866,3.033349137124722,3.713572066704308,0.4015686378288412
202601071601,gravity,ball,110.41666666679546,408,0.27062908496763594,0.7624582805845955,1.166204524252684,4.713276927315099,6.013715156042802,0.2395121203231062
202601071601,gravity,position,34.40000000004994,150,0.2293333333336663,0.23754171941540442,-1.1662045242526844,3.5667118201411396,5.017279836814924,0.20647201702650855
202601071601,zero_gravity,ball,97.33333333346195,378,0.25749559082926443,0.7029369282619506,0.8613226907971592,4.5883630676730185,5.937536205082426,0.22912211668681445
202601071601,zero_gravity,position,41.133333333380904,135,0.3046913580250437,0.29706307173804936,-0.8613226907971592,3.7408391930457765,4.912654885736052,0.2659665055419012
202601071604,gravity,ball,109.06666666656321,323,0.33766769865809043,0.8583420776495803,1.801587558164749,4.701086242816978,5.780743515792329,0.29092757410260994
202601071604,gravity,position,17.99999999997516,66,0.27272727272689634,0.14165792235041974,-1.801587558164749,2.944438979165133,4.204692619390966,0.24116205681659234
202601071604,zero_gravity,ball,91.39999999992006,236,0.3872881355928816,0.7194961952242594,0.9419639490967631,4.526126978646773,5.4680601411351315,0.3273508599111803
202601071604,zero_gravity,position,35.63333333331826,66,0.5398989898987615,0.2805038047757406,-0.9419639490967626,3.6009585727410545,4.204692619390966,0.43171682329952554
202601071629,gravity,ball,118.33333333324654,262,0.45165394402002496,0.8859495882206406,2.050019491575521,4.781920697731863,5.572154032177765,0.3727035574326409
202601071629,gravity,position,15.233333333318143,51,0.29869281045721846,0.11405041177935943,-2.0500194915755205,2.7870667414194985,3.9512437185814275,0.26135822816510634
202601071629,zero_gravity,ball,131.69999999989994,290,0.45413793103413774,0.8159851301114966,1.489379562940398,4.888090941337408,5.673323267171493,0.37441323777175717
202601071629,zero_gravity,position,29.69999999998288,42,0.7071428571424495,0.18401486988850335,-1.489379562940398,3.4242626545925936,3.7612001156935624,0.5348211293219676
202601081439,gravity,ball,128.25000000014595,437,0.2934782608698992,0.8756258534364986,1.9516445580963881,4.861748513389668,6.082218910376446,0.2573349160627473
202601081439,gravity,position,18.216666666688354,62,0.29381720430142505,0.1243741465635014,-1.9516445580963884,2.955777958048087,4.143134726391533,0.25759692203618745
202601081439,zero_gravity,ball,108.8166666668123,432,0.25189043209910256,0.6092189978539747,0.4440304991966164,4.698812308693046,6.07073772800249,0.2246547545504658
202601081439,zero_gravity,position,69.80000000006476,182,0.3835164835168393,0.39078100214602524,-0.44403049919661663,4.2598590007005885,5.209486152841421,0.3246284345337086
202601081440,gravity,ball,111.33333333325038,272,0.4093137254898911,0.8093045795977492,1.4454978375532028,4.7214706416835135,5.60947179518496,0.3431028663929723
202601081440,gravity,position,26.23333333331746,57,0.4602339181283765,0.19069542040225085,-1.4454978375532028,3.3044417131972645,4.060443010546419,0.37859664078287697
202601081440,zero_gravity,ball,126.99999999990166,300,0.42333333333300555,0.8416169648773404,1.6703086275206622,4.852030263918849,5.707110264748875,0.3530015385721932
202601081440,zero_gravity,position,23.899999999992588,34,0.7029411764703702,0.1583830351226596,-1.6703086275206622,3.2148678034703644,3.5553480614894135,0.5323568599626601
202601090957,gravity,ball,201.89999999986108,406,0.4972906403937465,0.8533389687235873,1.7610328383660037,5.312713246831084,6.008813185442595,0.4036572351527156
202601090957,gravity,position,34.69999999997525,74,0.46891891891858445,0.14666103127641275,-1.7610328383660034,3.5751506887849,4.31748811353631,0.3845267009227663
202601090957,zero_gravity,ball,140.73333333324064,308,0.456926406926106,0.8775722303055646,1.9696380447568176,4.953947357799029,5.733341276897746,0.376329015934722
202601090957,zero_gravity,position,19.633333333317694,59,0.33276836158165585,0.1224277696944354,-1.9696380447568171,3.0269078910216827,4.0943445622221,0.2872582538396013
202601090958,gravity,ball,117.53333333325929,241,0.48769017980605517,0.9527154823020966,3.003133389034658,4.775194214971015,5.488937726156687,0.3972247022357384
202601090958,gravity,position,5.833333333327571,28,0.20833333333312756,0.047284517697903365,-3.003133389034659,1.9218125974754097,3.367295829986474,0.18924199963835814
202601090958,zero_gravity,ball,110.99999999992264,258,0.430232558139235,0.9438775510204167,2.8224605522801154,4.718498871294404,5.556828061699537,0.35783705911870006
202601090958,zero_gravity,position,6.5999999999943375,20,0.32999999999971685,0.05612244897958331,-2.8224605522801154,2.0281482472915404,3.044522437723423,0.28517894223344953
202601091422,gravity,ball,69.93333333328553,182,0.3842490842488216,0.7799256505576423,1.265233154072362,4.261740468798706,5.209486152841421,0.3251578151702938
202601091422,gravity,position,19.733333333317375,55,0.35878787878758867,0.2200743494423577,-1.2652331540723618,3.0317427110762543,4.02535169073515,0.3065930367372654
202601091422,zero_gravity,ball,117.96666666657285,343,0.34392614188505205,0.9005089058524521,2.2028919203604866,4.7788433418272165,5.840641657373398,0.29559528663635953
202601091422,zero_gravity,position,13.033333333317898,50,0.26066666666635796,0.09949109414754785,-2.2028919203604866,2.641435452019126,3.9318256327243257,0.23164068156791118
202601091449,gravity,ball,153.68333333347832,434,0.35410906298036476,0.843487010611057,1.684405496647,5.041380016374229,6.075346031088684,0.30314371997616774
202601091449,gravity,position,28.51666666669209,79,0.3609704641353429,0.156512989388943,-1.6844054966469997,3.384955075561594,4.382026634673881,0.30819802184335593
202601091449,zero_gravity,ball,120.8000000001266,371,0.32560646900303664,0.613977128335567,0.4640610564594216,4.802380355276836,5.918893854273146,0.2818700671749144
202601091449,zero_gravity,position,75.95000000004245,159,0.4776729559751097,0.386022871664433,-0.46406105645942186,4.34315586028544,5.075173815233827,0.39046852332877385
202601091605,gravity,ball,124.41666666681473,463,0.2687185025201182,0.7943179399872673,1.35115223076518,4.831641527396156,6.139884552226255,0.23800733789989326
202601091605,gravity,position,32.216666666697904,89,0.3619850187269427,0.20568206001273265,-1.3511522307651804,3.5030517579916345,4.499809670330265,0.3089432082005579
202601091605,zero_gravity,ball,138.05000000015502,504,0.27390873015903777,0.9222803696692948,2.4737413978357936,4.934833580681088,6.22455842927536,0.24208991420615583
202601091605,zero_gravity,position,11.633333333347537,45,0.2585185185188342,0.07771963033070516,-2.4737413978357936,2.5363388234213953,3.828641396489095,0.2299352502397077
202601121453,gravity,ball,132.0333333335002,528,0.2500631313134473,0.8936266215453679,2.128332695548032,4.890599723387833,6.270988431858299,0.22319405508963047
202601121453,gravity,position,15.71666666669239,78,0.2014957264960563,0.10637337845463218,-2.1283326955480315,2.816406225741374,4.3694478524670215,0.18356721938078377
202601121453,zero_gravity,ball,105.83333333348958,487,0.21731690622893138,0.7803858916062785,1.2679165767275158,4.671269987694077,6.1903154058531475,0.19664917963807396
202601121453,zero_gravity,position,29.78333333337116,123,0.24214092140952162,0.21961410839372156,-1.2679165767275156,3.426973417978368,4.820281565605037,0.21683644036750502
202601131016,gravity,ball,128.91666666682713,473,0.2725510923188734,0.8364875094624769,1.6323222062673113,4.866893219271011,6.161207321695077,0.24102361977118011
202601131016,gravity,position,25.20000000004086,112,0.22500000000036482,0.16351249053752315,-1.6323222062673113,3.2657594107686108,4.727387818712341,0.20294084399698814
202601131016,zero_gravity,ball,104.10000000011706,403,0.25831265508713913,0.6465169237139227,0.6037637658382271,4.654912277884019,6.0014148779611505,0.22977166085452128
202601131016,zero_gravity,position,56.91666666672535,195,0.2918803418806428,0.3534830762860774,-0.6037637658382269,4.059005195777805,5.278114659230517,0.25609878642794387
202601131558,gravity,ball,96.03333333345054,337,0.2849653808114259,0.7412839315580186,1.0526525258721429,4.575054562084675,5.823045895483019,0.2507317769814864
202601131558,gravity,position,33.51666666669681,101,0.33184818481878026,0.25871606844198136,-1.052652525872143,3.541442299174357,4.624972813284271,0.28656759026123624
202601131558,zero_gravity,ball,98.65000000012697,356,0.2771067415733903,0.7649263375549769,1.179880616172898,4.601664046660078,5.877735781779639,0.24459716132017062
202601131558,zero_gravity,position,30.316666666696733,96,0.3157986111114243,0.23507366244502315,-1.179880616172898,3.4441504371923246,4.574710978503383,0.2744437901223302
202601141624,gravity,ball,138.23333333345687,407,0.33963963963994315,0.7678207739307533,1.1960467390535139,4.936151182835907,6.0112671744041615,0.29240065215400185
202601141624,gravity,position,41.800000000037414,105,0.39809523809559444,0.23217922606924668,-1.1960467390535139,3.756538102588625,4.663439094112067,0.3351107660231467
202601141624,zero_gravity,ball,186.61666666684113,484,0.38557162534471306,0.9244550858652396,2.504477098984418,5.234400874133633,6.184148890937483,0.3261127803720625
202601141624,zero_gravity,position,15.25000000001819,53,0.287735849056947,0.07554491413476042,-2.5044770989844176,2.788092908776866,3.9889840465642745,0.2528855205132138
202601151419,gravity,ball,115.49999999989225,342,0.337719298245299,0.7818140794223608,1.2762694161705812,4.75789127300483,5.8377304471659395,0.2909661476527354
202601151419,gravity,position,32.2333333333074,74,0.43558558558523514,0.21818592057763922,-1.276269416170581,3.5035533882989025,4.31748811353631,0.3615728395507672
202601151419,zero_gravity,ball,128.43333333322403,369,0.34805781391117624,0.7945968240874147,1.3528600870414003,4.8631659480686675,5.91350300563827,0.2986649002285657
202601151419,zero_gravity,position,33.199999999977024,60,0.5533333333329504,0.20540317591258525,-1.3528600870414003,3.532225644067888,4.110873864173311,0.44040315946919834
202601151516,gravity,ball,95.53333333343926,322,0.296687370600743,0.6945353204895583,0.8214088617603283,4.569888371844549,5.777652323222656,0.2598128358790482
202601151516,gravity,position,42.01666666670545,131,0.3207379134863011,0.3054646795104416,-0.8214088617603285,3.761587637497415,4.882801922586371,0.2781906057702173
202601151516,zero_gravity,ball,124.8000000001299,421,0.29643705463213754,0.8448606566624982,1.6948480080565167,4.8346933442673725,6.045005314036012,0.2596197745920947
202601151516,zero_gravity,position,22.916666666696017,85,0.2696078431376002,0.15513934333750182,-1.6948480080565165,3.174575565972848,4.454347296253507,0.23870806785559334
202601160948,gravity,ball,104.45000000013005,405,0.25790123456822234,0.8550961932050398,1.7751438484225015,4.6582369069260166,6.0063531596017325,0.22944464531401046
202601160948,gravity,position,17.70000000002716,86,0.20581395348868792,0.14490380679496012,-1.775143848422502,2.9285235238619935,4.465908118654584,0.18715481898223585
202601160948,zero_gravity,ball,77.33333333343649,298,0.2595078299779748,0.6817513958272361,0.7618322176594794,4.360973225477366,5.700443573390687,0.2307210335263964
202601160948,zero_gravity,position,36.10000000004402,164,0.22012195121978062,0.31824860417276385,-0.7618322176594795,3.613616969614576,5.10594547390058,0.1989508137657093
202601160958,gravity,ball,60.4999999999354,219,0.2762557077622621,0.6477516059957055,0.6091707072654176,4.119037174811422,5.393627546352362,0.24393056277842193
202601160958,gravity,position,32.89999999996658,104,0.31634615384583253,0.35224839400429453,-0.6091707072654174,3.5234150143854186,4.653960350157523,0.27485983315278645
202601160958,zero_gravity,ball,99.3999999998901,359,0.2768802228409195,0.9324577861163605,2.6250710876411194,4.609162207256534,5.886104031450156,0.2444197769120112
202601160958,zero_gravity,position,7.199999999987709,49,0.14693877550995324,0.06754221388363942,-2.6250710876411203,2.1041341542687086,3.912023005428146,0.13709645878880009
202601161413,gravity,ball,125.83333333326837,226,0.5567846607666742,0.9124969784868832,2.3445114498580675,4.842873888633119,5.424950017481403,0.4426225793477951
202601161413,gravity,position,12.066666666651827,45,0.2681481481478184,0.08750302151311683,-2.3445114498580675,2.5700644581271717,3.828641396489095,0.23755768526895227
202601161413,zero_gravity,ball,124.09999999991487,235,0.5280851063826165,0.8898183556405319,2.088887030876033,4.829113417472185,5.4638318050256105,0.42401538708764114
202601161413,zero_gravity,position,15.36666666665667,31,0.4956989247308603,0.1101816443594681,-2.088887030876033,2.7952467461317543,3.4657359027997265,0.4025936057759257
202601161421,gravity,ball,152.58333333348315,416,0.36678685897471913,0.945959909072095,2.862473993043154,5.034243307882798,6.0330862217988015,0.3124626267664235
202601161421,gravity,position,8.716666666679885,36,0.2421296296299968,0.05404009092790499,-2.8624739930431535,2.273842624129752,3.6109179126442243,0.21682734974770904
202601161421,zero_gravity,ball,157.88333333348254,445,0.354794007490972,0.8107668606641367,1.4550007450179618,5.068170180272417,6.100318952020064,0.30364941878294327
202601161421,zero_gravity,position,36.85000000003947,118,0.31228813559355484,0.18923313933586325,-1.455000745017962,3.633630979884501,4.77912349311153,0.271772281953802
202601161555,gravity,ball,156.36666666681052,477,0.3278127183790577,0.9246082585985693,2.506672405061419,5.058578538885046,6.169610732491456,0.2835330157922624
202601161555,gravity,position,12.750000000017451,53,0.24056603773617832,0.0753917414014307,-2.506672405061419,2.6210388241138496,3.9889840465642745,0.2155677575060175
202601161555,zero_gravity,ball,67.1666666667536,277,0.24247894103521156,0.4020752269780855,-0.3968257455168958,4.221955686816022,5.627621113690637,0.21710852997999225
202601161555,zero_gravity,position,99.8833333334066,277,0.3605896510231285,0.5979247730219145,0.39682574551689587,4.613964733670313,5.627621113690637,0.3079181727137492
202601161607,gravity,ball,96.93333333323349,306,0.316775599128214,0.9220038046925034,2.469889302721734,4.584286975070648,5.726847747587197,0.27518602033779155
202601161607,gravity,position,8.19999999998592,40,0.204999999999648,0.07799619530749656,-2.469889302721734,2.2192034840534642,3.713572066704308,0.18647956694232617
202601161607,zero_gravity,ball,51.43333333325927,248,0.20739247311798092,0.7908764736031775,1.330216677958377,3.95954252139471,5.517452896464707,0.18846305340182173
202601161607,zero_gravity,position,13.599999999988881,48,0.2833333333331017,0.20912352639682258,-1.3302166779583768,2.6810215287135293,3.8918202981106265,0.24946085963140266
202601201533,gravity,ball,104.91666666681456,457,0.22957695113088525,0.8661254815630152,1.8671268642924357,4.6626526214028505,6.126869184114185,0.2066701680526401
202601201533,gravity,position,16.216666666689633,76,0.21337719298275834,0.1338745184369848,-1.867126864292436,2.8458779068988718,4.343805421853684,0.19340754038992705
202601201533,zero_gravity,ball,98.70000000013454,408,0.2419117647062121,0.6854960064823171,0.7791458992355849,4.602165676969142,6.013715156042802,0.21665193807796787
202601201533,zero_gravity,position,45.28333333337713,149,0.3039149888146116,0.3145039935176829,-0.7791458992355849,3.834781925085645,5.0106352940962555,0.26537126875249795
202601211631,gravity,ball,77.81666666677955,317,0.24547844374378408,0.7419354838709723,1.0560526742493375,4.3671244804232074,5.762051382780177,0.21951974825903145
202601211631,gravity,position,27.066666666705288,115,0.23536231884091555,0.2580645161290277,-1.0560526742493375,3.3345826325815473,4.7535901911063645,0.21136430263342887
202601211631,zero_gravity,ball,104.83333333345922,428,0.24493769470434398,0.9255444379045825,2.5201796804060446,4.6618655296658265,6.061456918928017,0.21908548425022592
202601211631,zero_gravity,position,8.433333333351698,43,0.19612403100817902,0.07445556209541751,-2.520179680406044,2.244249515983029,3.784189633918261,0.17908635500780007
202601221031,gravity,ball,125.23333333325246,263,0.4761723700884124,0.8457901846015748,1.701957207312081,4.838132046238999,5.575949103146316,0.3894525012625236
202601221031,gravity,position,22.83333333331089,51,0.4477124183002135,0.15420981539842518,-1.7019572073120808,3.1710851610309105,3.9512437185814275,0.3699846680924509
202601221031,zero_gravity,ball,83.69999999993519,214,0.39112149532679996,0.7700091996319834,1.2083631526270524,4.439115601657243,5.3706380281276624,0.33011025299966157
202601221031,zero_gravity,position,24.99999999998505,56,0.44642857142830444,0.2299908003680165,-1.2083631526270526,3.258096538020907,4.04305126783455,0.3690974639371049
202601221622,gravity,ball,74.95000000009927,290,0.25844827586241126,0.7970577809287314,1.3680058707822604,4.330075229043089,5.673323267171493,0.2298794349173936
202601221622,gravity,position,19.083333333360656,74,0.2578828828832521,0.2029422190712687,-1.36800587078226,2.999890283704015,4.31748811353631,0.2294300560773242
202601221622,zero_gravity,ball,57.250000000086516,230,0.24891304347863702,0.5411153119093565,0.16483344769739255,4.064744092447295,5.442417710521793,0.22227360780597086
202601221622,zero_gravity,position,48.550000000055036,175,0.27742857142888594,0.4588846880906435,-0.16483344769739275,3.9029822607771076,5.170483995038151,0.24484912875672177
202601231437,gravity,ball,86.966666666587,272,0.31973039215656984,0.8097454996896221,1.4483573492004411,4.476957954840263,5.60947179518496,0.27742746737050633
202601231437,gravity,position,20.43333333331617,66,0.3095959595956996,0.19025450031037797,-1.448357349200441,3.0649473425746634,4.204692619390966,0.2697186618498849
202601231437,zero_gravity,ball,103.49999999990138,282,0.36702127659539496,0.8932681242807613,2.1245669317599214,4.649187071403922,5.645446897643238,0.31263412206501473
202601231437,zero_gravity,position,12.366666666657636,38,0.32543859649099044,0.10673187571923871,-2.1245669317599214,2.5927640456437384,3.6635616461296463,0.2817434208840191
202601231616,gravity,ball,120.73333333345695,361,0.334441366574673,0.900211258854228,2.199574105056505,4.801832860053719,5.8916442118257715,0.28851275227275114
202601231616,gravity,position,13.383333333347537,53,0.25251572327070826,0.09978874114577196,-2.199574105056505,2.6660701288623145,3.9889840465642745,0.2251541074076357
202601231616,zero_gravity,ball,96.3833333334249,318,0.3030922431868708,0.7049859807387534,0.8711550390074827,4.578655080333276,5.765191102784844,0.26474008856630143
202601231616,zero_gravity,position,40.3333333333718,101,0.39933993399378015,0.29501401926124665,-0.8711550390074824,3.721669276937858,4.624972813284271,0.33600064972286076
202601231630,gravity,ball,85.33333333322724,347,0.24591738712745603,0.8605042016806731,1.8194840172429168,4.458215773030199,5.8522024797744745,0.2198721157012296
202601231630,gravity,position,13.833333333316034,50,0.27666666666632067,0.13949579831932685,-1.8194840172429172,2.6968769005029185,3.9318256327243257,0.2442525145241739
202601231630,zero_gravity,ball,95.93333333321743,343,0.27968901846419075,0.9044626021370473,2.247823186041399,4.574023456990059,5.840641657373398,0.24661709408849172
202601231630,zero_gravity,position,10.133333333317978,45,0.22518518518484396,0.09553739786295272,-2.2478231860413986,2.409943611313166,3.828641396489095,0.20309200415088297
202601231631,gravity,ball,130.69999999989506,308,0.42435064935030864,0.9405133125449785,2.7606732561274154,4.880526608748439,5.733341276897746,0.3537160251983546
202601231631,gravity,position,8.26666666665949,29,0.28505747126412034,0.05948668745502153,-2.760673256127415,2.226423732027707,3.4011973816621555,0.2508034420662225
202601231631,zero_gravity,ball,104.83333333325805,255,0.4111111111108159,0.7104133724869393,0.8973925316535742,4.661865529663926,5.545177444479562,0.344377416128117
202601231631,zero_gravity,position,42.73333333331766,42,1.0174603174599444,0.28958662751306075,-0.8973925316535744,3.7781105878415207,3.7612001156935624,0.7018394518036908
202601271536,gravity,ball,171.10000000018164,556,0.307733812949967,0.8466105888174628,1.708260976413353,5.14807570321855,6.322565239927284,0.2682957254056786
202601271536,gravity,position,31.000000000022027,76,0.4078947368423951,0.1533894111825373,-1.7082609764133525,3.465735902800415,4.343805421853684,0.34209549417578095
202601271536,zero_gravity,ball,135.23333333348717,530,0.25515723270469276,0.6778046946788933,0.7437012855585592,4.914369101903251,6.274762021241939,0.22726084975989366
202601271536,zero_gravity,position,64.28333333338111,147,0.4373015873019123,0.32219530532110674,-0.7437012855585592,4.178736771444463,4.997212273764115,0.3627674579381158
202601291546,gravity,ball,100.03333333343184,305,0.3279781420768257,0.705702527924776,0.8746027345686626,4.615450495396622,5.723585101952381,0.28365759163928794
202601291546,gravity,position,41.716666666702565,121,0.34476584022068235,0.29429747207522405,-0.8746027345686624,3.7545891641428106,4.804021044733257,0.29621990140705035
202601291546,zero_gravity,ball,72.63333333339898,219,0.3316590563168903,0.5136122569239837,0.05446248575198425,4.299097821758854,5.393627546352362,0.2864255756278334
202601291546,zero_gravity,position,68.78333333339543,207,0.3322866344608475,0.48638774307601623,-0.05446248575198451,4.245395203797933,5.337538079701318,0.28689674000459964
202601291609,gravity,ball,78.06666666657159,255,0.3061437908493004,0.8778110944527795,1.97186316279101,4.370291378454258,5.545177444479562,0.26707912498454667
202601291609,gravity,position,10.866666666652833,48,0.22638888888860068,0.12218890554722046,-1.9718631627910101,2.4737333491887092,3.8918202981106265,0.20407398859362402
202601291609,zero_gravity,ball,78.93333333323955,324,0.24362139917666525,0.9344909234411908,2.6578132076472074,4.381192953924131,5.783825182329737,0.21802760649785796
202601291609,zero_gravity,position,5.533333333327561,34,0.1627450980390459,0.06550907655880919,-2.657813207647208,1.8769172775674783,3.5553480614894135,0.150783673279208
202601311414,gravity,ball,157.38333333350582,486,0.32383401920474447,0.9118385477018188,2.3362931246681438,5.065018254990304,6.18826412308259,0.28053208651779094
202601311414,gravity,position,15.216666666682698,48,0.3170138888892229,0.08816145229818122,-2.3362931246681433,2.786039519964893,3.8918202981106265,0.27536696855916093
202601311414,zero_gravity,ball,132.40000000012452,409,0.32371638141839737,0.70164281928992,0.8551331083574634,4.893352133482456,6.016157159698354,0.28044322113762904
202601311414,zero_gravity,position,56.30000000004168,150,0.3753333333336112,0.29835718071008,-0.8551331083574633,4.048300623721421,5.017279836814924,0.31869612598115243
202601311415,gravity,ball,56.299999999944305,208,0.2706730769228092,0.8328402366864407,1.6058918094277101,4.048300623719722,5.342334251964811,0.23954674190871483
202601311415,gravity,position,11.299999999984749,49,0.23061224489764795,0.1671597633135593,-1.6058918094277101,2.5095992623771317,3.912023005428146,0.20751180562226024
202601311415,zero_gravity,ball,41.49999999996021,160,0.25937499999975133,0.5793392275476069,0.32006144850626345,3.7495040759294347,5.081404364984463,0.23061556615271328
202601311415,zero_gravity,position,30.133333333315534,70,0.4304761904759362,0.4206607724523931,-0.32006144850626356,3.4382790565661154,4.2626798770413155,0.35800738917233327
202601311526,gravity,ball,49.15000000009047,288,0.17065972222253636,0.7178675754626759,0.9339085654763329,3.9150185144097485,5.666426688112432,0.15756745504491337
202601311526,gravity,position,19.316666666686615,95,0.2033333333335433,0.2821324245373242,-0.9339085654763325,3.0114415672601527,4.564348191467836,0.18509548367685436
202601311526,zero_gravity,ball,11.23333333335796,75,0.14977777777810614,0.3129062209843556,-0.7865672558452017,2.504164466394428,4.330733340286331,0.13956868698784888
202601311526,zero_gravity,position,24.666666666704657,116,0.21264367816124705,0.6870937790156444,0.7865672558452016,3.2451931331870543,4.762173934797756,0.19280283426180753
202602041413,gravity,ball,148.93333333350296,529,0.2815374921238241,0.8963787741999975,2.1576208716291547,5.010190750858237,6.272877006546167,0.2480605228308782
202602041413,gravity,position,17.216666666690458,76,0.22653508771961128,0.1036212258000025,-2.157620871629155,2.9023369259557437,4.343805421853684,0.20419319231341143
202602041413,zero_gravity,ball,108.76666666680086,431,0.25235885537540803,0.7441277080957183,1.0675342105103491,4.6983569007154315,6.068425588244111,0.22502885730781624
202602041413,zero_gravity,position,37.40000000005847,154,0.24285714285752252,0.2558722919042817,-1.0675342105103494,3.6480574595952038,5.043425116919247,0.2174128766055302
202603131141,gravity,ball,145.75000000014364,407,0.35810810810846105,0.7825503355705333,1.2805908511184816,4.988730458709185,6.0112671744041615,0.30609263429522054
202603131141,gravity,position,40.500000000024784,84,0.4821428571431522,0.21744966442946662,-1.280590851118482,3.7256934272372497,4.442651256490317,0.39348891706164774
202603131141,zero_gravity,ball,180.65000000019472,533,0.3389305816138738,0.8274677456294651,1.5677859275496127,5.202081758668283,6.280395838960195,0.29187122191020587
202603131141,zero_gravity,position,37.66666666669994,92,0.4094202898554341,0.17253225437053485,-1.5677859275496129,3.6549779024391156,4.532599493153256,0.3431784779015529
202603161028,gravity,ball,114.98333333344377,358,0.32118249534481497,0.8501540357362577,1.7358096900197364,4.753446502623701,5.883322388488279,0.2785271653889131
202603161028,gravity,position,20.266666666691407,82,0.24715447154501716,0.14984596426374233,-1.7358096900197362,3.057140901683798,4.418840607796598,0.22086453356098024
202603161028,zero_gravity,ball,91.51666666676135,295,0.31022598870088597,0.7046066983190185,0.869332077997113,4.527388808469084,5.69035945432406,0.27019963279353365
202603161028,zero_gravity,position,38.366666666703736,117,0.32792022792054476,0.29539330168098155,-0.869332077997113,3.6729194345361487,4.770684624465665,0.283613979913068
202603301430,gravity,ball,74.06666666676836,311,0.23815648445906223,0.8808721506441618,2.000715216223928,4.31837660759878,5.7430031878094825,0.21362356729148205
202603301430,gravity,position,10.016666666684273,42,0.2384920634924827,0.1191278493558382,-2.000715216223928,2.3994092776311837,3.7612001156935624,0.21389456176564892
202603301430,zero_gravity,ball,83.16666666677509,340,0.24460784313757378,0.8550376970527483,1.774671829139119,4.432798960048593,5.831882477283517,0.21882049486667257
202603301430,zero_gravity,position,14.10000000002151,66,0.21363636363668953,0.14496230294725163,-1.7746718291391193,2.714694743822303,4.204692619390966,0.19362111204815652
202604171122,gravity,ball,112.18333333345359,364,0.30819597069630106,0.8165716365400512,1.4932904432709446,4.729008922892753,5.8998973535824915,0.26864906650377046
202604171122,gravity,position,25.200000000034322,100,0.2520000000003432,0.1834283634599488,-1.4932904432709446,3.265759410768361,4.61512051684126,0.22474227267818092
202604171122,zero_gravity,ball,125.85000000015879,461,0.27299349240815357,0.7442341809580411,1.068093488203584,4.843005286046543,6.135564891081739,0.24137120754975497
202604171122,zero_gravity,position,43.2500000000482,136,0.31801470588270736,0.255765819041959,-1.0680934882035837,3.789855371455028,4.919980925828125,0.2761265937439466
202604171456,gravity,ball,136.05000000011947,385,0.3533766233769337,0.9798343536190102,3.8834030480479376,4.920345822749667,5.955837369464831,0.30260267215088155
202604171456,gravity,position,2.80000000000291,11,0.2545454545457191,0.02016564638098986,-3.883403048047936,1.3350010667331058,2.4849066497880004,0.22677331936499934
202604171456,zero_gravity,ball,113.43333333344407,348,0.3259578544064485,0.7181597551967759,0.9353516419508094,4.739992411796504,5.855071922202427,0.2821351072513452
202604171456,zero_gravity,position,44.51666666671372,161,0.2765010351969796,0.2818402448032241,-0.9353516419508094,3.818078559252638,5.087596335232384,0.2441227686641957
202604181434,gravity,ball,145.61666666684962,550,0.2647575757579084,0.9269043072352664,2.5400808892838427,4.987821471031822,6.311734809152915,0.23488046409717817
202604181434,gravity,position,11.48333333335458,54,0.21265432098804776,0.07309569276473363,-2.5400808892838422,2.5243944212968206,4.007333185232471,0.19281161077240913
202604181434,zero_gravity,ball,126.90000000015812,514,0.24688715953338156,0.723145597872541,0.9601188381578422,4.851248708586033,6.244166900663736,0.22065017305526274
202604181434,zero_gravity,position,48.58333333339425,171,0.28411306042920614,0.2768544021274591,-0.960118838157842,3.903654755758858,5.147494476813453,0.25006825468508
202604201535,gravity,ball,147.10000000014577,446,0.3298206278030174,0.8186624617382552,1.5073117174101072,4.997887721274737,6.102558594613569,0.2850440668248626
202604201535,gravity,position,32.58333333336299,94,0.34663120567407435,0.18133753826174479,-1.5073117174101074,3.5140299121595655,4.553876891600541,0.2976060705380029
202604201535,zero_gravity,ball,105.70000000010134,368,0.2872282608698406,0.5566575967699601,0.22760793263029525,4.670021158308657,5.910796644040527,0.25249127176098907
202604201535,zero_gravity,position,84.1833333334094,211,0.3989731437602341,0.4433424032300399,-0.2276079326302953,4.4448057965470715,5.356586274672012,0.33573849875872275
202604211006,gravity,ball,134.8333333334859,431,0.3128383604025195,0.876679670567807,1.9613563953659838,4.911428644013931,6.068425588244111,0.27219148066126336
202604211006,gravity,position,18.966666666693385,78,0.24316239316273572,0.12332032943219294,-1.961356395365984,2.9940642164546323,4.3694478524670215,0.2176584501437301
202604211006,zero_gravity,ball,133.45000000012993,443,0.30124153498900663,0.8021438589460637,1.3997477607371638,4.90119238271584,6.095824562432225,0.26331883563405245
202604211006,zero_gravity,position,32.916666666706874,125,0.263333333333655,0.19785614105393634,-1.3997477607371638,3.52390653565578,4.836281906951478,0.2337537304264799
202604211430,gravity,ball,140.03333333345583,371,0.3774483378260265,0.8266430539158082,1.562020245233391,4.948996269058781,5.918893854273146,0.3202327570411034
202604211430,gravity,position,29.366666666686825,68,0.43186274509833567,0.17335694608419183,-1.562020245233391,3.4133455155984667,4.23410650459726,0.35897621554968595
202604211430,zero_gravity,ball,133.4833333334676,391,0.3413895993183315,0.681791095598974,0.7620152003086244,4.9014402756274045,5.971261839790462,0.29370609105148093
202604211430,zero_gravity,position,62.30000000003463,124,0.5024193548389889,0.31820890440102606,-0.762015200308624,4.147885329150678,4.8283137373023015,0.4070767120026918
202604231424,gravity,ball,142.21666666682805,501,0.2838656021293973,0.9482164684965045,2.9075106444110395,4.964358635092249,6.218600119691729,0.2498755285505659
202604231424,gravity,position,7.766666666674693,33,0.23535353535377856,0.05178353150349541,-2.9075106444110403,2.1709566505165245,3.5263605246161616,0.21135719255873361
202604231424,zero_gravity,ball,89.43333333343503,314,0.2848195329090288,0.6268691588786143,0.5188087022110802,4.504612930997901,5.752572638825633,0.25061826716844715
202604231424,zero_gravity,position,53.23333333336893,111,0.4795795795799003,0.3731308411213858,-0.5188087022110799,3.9932957255575388,4.718498871295094,0.39175797956969033
202604241058,gravity,ball,158.3000000001994,629,0.2516693163755157,0.9595877955142212,3.1673719820004647,5.070789216917254,6.4457198193855785,0.22447811349023422
202604241058,gravity,position,6.66666666667919,39,0.17094017094049205,0.0404122044857787,-3.1673719820004664,2.0368819272626735,3.6888794541139363,0.15780699103064302
202604241058,zero_gravity,ball,133.10000000017857,511,0.26046966731933185,0.7197836863452435,0.9433888775646256,4.898585790288965,6.238324625039508,0.23148440334941786
202604241058,zero_gravity,position,51.816666666725155,174,0.29779693486623654,0.2802163136547565,-0.9433888775646257,3.9668267974699276,5.1647859739235145,0.26066816141006044
202604241424,gravity,ball,115.16666666679828,418,0.27551834130812985,0.8255675029868716,1.5545332020594294,4.755025941533602,6.037870919922137,0.24335263819695352
202604241424,gravity,position,24.33333333335881,80,0.3041666666669851,0.17443249701312838,-1.5545332020594294,3.232121051619227,4.394449154672439,0.2655642671984061
202604241424,zero_gravity,ball,148.28333333349718,520,0.2851602564105715,0.9083205717202358,2.293299351942212,5.005846066254192,6.255750041753367,0.2508834237311213
202604241424,zero_gravity,position,14.966666666688525,62,0.24139784946271814,0.09167942827976416,-2.293299351942212,2.770503215750129,4.143134726391533,0.2162380426475324
202604251424,gravity,ball,141.2500000001381,435,0.3247126436784784,0.8640905383360622,1.8496886120700275,4.957586073007411,6.077642243349034,0.28119556322241385
202604251424,gravity,position,22.216666666686507,69,0.32198067632878996,0.13590946166393786,-1.849688612070027,3.1448704115585597,4.248495242049359,0.2791311243247756
202604251424,zero_gravity,ball,108.80000000012404,342,0.3181286549711229,0.7475094469255054,1.0853731087632625,4.69866052907656,5.8377304471659395,0.27621304510329125
202604251424,zero_gravity,position,36.75000000003212,127,0.2893700787404104,0.2524905530744946,-1.0853731087632628,3.6309854756958844,4.852030263919617,0.2541537880569662
202604291121,gravity,ball,187.2500000001799,572,0.32736013986045437,0.8512008485491448,1.7440506957051154,5.237770866680958,6.35088571671474,0.28319211254629717
202604291121,gravity,position,32.7333333333616,101,0.32409240924120397,0.14879915145085518,-1.7440506957051154,3.5184864681860932,4.624972813284271,0.28072725057862274
202604291121,zero_gravity,ball,160.23333333348677,469,0.34164889836564344,0.9088674607676505,2.2998843538435962,5.08285259116178,6.152732694704104,0.2938993786605429
202604291121,zero_gravity,position,16.06666666667826,51,0.3150326797387894,0.09113253923234951,-2.2998843538435967,2.8371272433780317,3.9512437185814275,0.2738615168333215
202604291412,gravity,ball,86.46666666675594,312,0.27713675213703826,0.7766467065867972,1.2462307646724606,4.471257768402845,5.746203190540153,0.24462065991278578
202604291412,gravity,position,24.866666666696517,89,0.2794007490640058,0.22335329341320279,-1.2462307646724604,3.2529551385222173,4.499809670330265,0.2463918035144274
202604291412,zero_gravity,ball,114.00000000011386,358,0.31843575419026215,0.7370689655172723,1.0307896923295081,4.7449321283642405,5.883322388488279,0.27644599918509627
202604291412,zero_gravity,position,40.66666666670079,121,0.33608815427025446,0.2629310344827277,-1.0307896923295081,3.7297014486350104,4.804021044733257,0.2897460566728435
202604301109,gravity,ball,96.95000000009966,319,0.30391849529811804,0.8558187435633077,1.7809873722459082,4.584457144391568,5.768320995793772,0.2653739579452918
202604301109,gravity,position,16.333333333353977,59,0.2768361581924403,0.14418125643669236,-1.780987372245908,2.8526314299145086,4.0943445622221,0.24438526669873076
202604301109,zero_gravity,ball,90.71666666678027,333,0.2724224224227636,0.7497245179064093,1.0971435900384188,4.518704114838897,5.811140992976701,0.24092250288687925
202604301109,zero_gravity,position,30.28333333335945,90,0.3364814814817717,0.25027548209359074,-1.0971435900384188,3.443085474365243,4.51085950651685,0.29004040052012464
202604301417,gravity,ball,133.2333333335124,547,0.24357099329709764,0.9836347975882841,4.096097411049399,4.8995795791906325,6.306275286948016,0.21798707414521243
202604301417,gravity,position,2.2166666666699086,10,0.22166666666699086,0.01636520241171595,-4.096097411049397,1.1683456266837928,2.3978952727983707,0.2002160466707705
202604301417,zero_gravity,ball,74.41666666676792,326,0.22827198364039242,0.7616854315933026,1.161942134053581,4.323028293913269,5.7899601708972535,0.20560829024993782
202604301417,zero_gravity,position,23.28333333336633,103,0.22605177993559541,0.23831456840669737,-1.1619421340535812,3.1897902439744628,4.6443908991413725,0.2037990714798982
202605081618,gravity,ball,76.00000000008438,273,0.2783882783885875,0.6220160960306206,0.4981143576457315,4.34380542185478,5.6131281063880705,0.24560012701770922
202605081618,gravity,position,46.18333333337176,145,0.3185057471267018,0.3779839039693794,-0.4981143576457315,3.8540407228906135,4.983606621708336,0.2764990856387936
202605081618,zero_gravity,ball,8.6666666666776,32,0.270833333333675,0.3701067615658851,-0.5317588334322471,2.2686835413194952,3.4965075614664802,0.23967285326568916
202605081618,zero_gravity,position,14.750000000015518,65,0.22692307692331568,0.6298932384341149,0.5317588334322473,2.756840365272627,4.189654742026425,0.20450947176951143
202605091021,gravity,ball,133.5166666668247,473,0.28227625088123615,0.9011248593925409,2.2097859785295473,4.901688107103446,6.161207321695077,0.24863681959180622
202605091021,gravity,position,14.650000000023084,76,0.1927631578950406,0.098875140607459,-2.2097859785295477,2.7504709169876373,4.343805421853684,0.17627259691478364
202605091021,zero_gravity,ball,114.38333333344542,399,0.28667502088582814,0.8470747963464924,1.7118400612788076,4.748259918456896,5.991464547107982,0.25206138770399766
202605091021,zero_gravity,position,20.650000000034368,95,0.21736842105299334,0.15292520365350756,-1.7118400612788078,3.0750054544500864,4.564348191467836,0.1966914970772045
202605091507,gravity,ball,117.43333333346555,427,0.2750195160034322,0.7767611068239186,1.2468903793603945,4.7743502143599885,6.059123195581797,0.24296148516260221
202605091507,gravity,position,33.75000000004303,140,0.24107142857173594,0.2232388931760814,-1.2468903793603945,3.5481795720120393,4.948759890378168,0.2159750618358449
202605091507,zero_gravity,ball,115.88333333346816,412,0.2812702265375441,0.8002992633517391,1.3881658077179926,4.761176286315964,6.023447592961033,0.2478519503458628
202605091507,zero_gravity,position,28.916666666702213,126,0.2294973544976366,0.199700736648261,-1.3881658077179924,3.3984157387014666,4.844187086458591,0.20660543098219517
202605091613,gravity,ball,140.66666666681863,445,0.31610486891419914,0.9147068386257643,2.3725093391724985,4.95347688025738,6.100318952020064,0.27467651735300674
202605091613,gravity,position,13.116666666682164,54,0.2429012345681882,0.0852931613742357,-2.3725093391724985,2.6473561324310517,4.007333185232471,0.21744835206531
202605091613,zero_gravity,ball,85.55000000010921,330,0.2592424242427552,0.6033145275036045,0.4192949592540005,4.46072228162348,5.802118375377063,0.23051028953877226
202605091613,zero_gravity,position,56.250000000053376,168,0.3348214285717463,0.3966854724963955,-0.41929495925400045,4.047427642435282,5.1298987149230735,0.28879752153588456
202605111426,gravity,ball,129.88333333347998,466,0.2787195994280686,0.8819601629696727,2.011124718842819,4.874306341153894,6.1463292576688975,0.24585926433781172
202605111426,gravity,position,17.383333333352425,68,0.25563725490224154,0.11803983703032726,-2.011124718842819,2.9114444570324403,4.23410650459726,0.2276432165412185
202605111426,zero_gravity,ball,104.78333333344847,416,0.25188301282078956,0.6585314758562943,0.6567568140223273,4.661392977085458,6.0330862217988015,0.2246488280731097
202605111426,zero_gravity,position,54.33333333339198,184,0.2952898550727825,0.3414685241437057,-0.6567568140223272,4.013375499689493,5.220355825078324,0.2587344964171584
202605111540,gravity,ball,51.13333333326713,232,0.22040229885028936,0.8423942888523229,1.6761517661679115,3.953804539441831,5.4510384535657,0.19918055754451733
202605111540,gravity,position,9.566666666651114,56,0.17083333333305561,0.15760571114767707,-1.6761517661679115,2.3577043922136536,4.04305126783455,0.15771574599151728
202605111540,zero_gravity,ball,36.799999999943566,184,0.19999999999969328,0.7141009055626223,0.9153853447587534,3.632309102624049,5.220355825078324,0.18232155679369902
202605111540,zero_gravity,position,14.733333333319422,59,0.249717514124058,0.28589909443737777,-0.9153853447587531,2.755781603922516,4.0943445622221,0.22291753707416193
202605111553,gravity,ball,55.48333333340494,236,0.2350988700568006,0.6533856722276585,0.6339548564110504,4.033945609386218,5.4680601411351315,0.21115102360172616
202605111553,gravity,position,29.433333333373355,120,0.2452777777781113,0.34661432777234147,-0.6339548564110504,3.415538498934128,4.795790545596741,0.21935861971150594
202605111553,zero_gravity,ball,8.650000000009186,36,0.24027777777803294,0.3547505126452004,-0.5982222829798265,2.2669579153518464,3.6109179126442243,0.2153353688666038
202605111553,zero_gravity,position,15.733333333353414,69,0.22801932367178862,0.6452494873547996,0.5982222829798265,2.817402738030774,4.248495242049359,0.2054025654902216
202605120953,gravity,ball,134.9000000001623,488,0.27643442622984077,0.9360471839944228,2.6835203239130387,4.911919321158292,6.192362489474872,0.24407058640721319
202605120953,gravity,position,9.216666666681789,40,0.23041666666704472,0.06395281600557726,-2.6835203239130383,2.324020373715591,3.713572066704308,0.20735286540819292
202605120953,zero_gravity,ball,54.61666666672943,214,0.25521806853611884,0.46714183891665706,-0.13162233931649353,4.0184829165304015,5.3706380281276624,0.22730931727899958
202605120953,zero_gravity,position,62.30000000005913,203,0.3068965517244292,0.5328581610833429,0.13162233931649345,4.147885329151064,5.318119993844216,0.26765528210212947
202605121423,gravity,ball,137.58333333345576,378,0.3639770723107295,0.8911799632948647,2.1028509077232838,4.931471829405811,5.937536205082426,0.3104047501236383
202605121423,gravity,position,16.800000000008737,50,0.3360000000001747,0.10882003670513525,-2.102850907723284,2.8791984572985303,3.9318256327243257,0.28968007511458477
202605121423,zero_gravity,ball,79.38333333343468,299,0.2654960981051327,0.5312883435584571,0.12531711939661708,4.386806857848132,5.703782474656201,0.235464217715106
202605121423,zero_gravity,position,70.03333333337355,130,0.5387179487182581,0.4687116564415429,-0.12531711939661702,4.263149250437028,4.875197323201151,0.4309495688719761
202605121442,gravity,ball,133.09999999991675,260,0.5119230769227567,0.9491323983836839,2.926322092042149,4.898585790287012,5.564520407322694,0.41338240141207516
202605121442,gravity,position,7.133333333323321,26,0.2743589743585893,0.05086760161631613,-2.926322092042148,2.0959708436298157,3.295836866004329,0.24244328697263448
202605121442,zero_gravity,ball,60.33333333326516,208,0.2900641025637748,0.7075840500390479,0.8836791462851761,4.116323468939765,5.342334251964811,0.2546919090488816
202605121442,zero_gravity,position,24.9333333333106,72,0.3462962962959806,0.2924159499609521,-0.883679146285176,3.2555291425153596,4.290459441148391,0.2973573379749648
202605131007,gravity,ball,92.41666666675957,290,0.31867816091986056,0.919721346823701,2.4385669930680454,4.537069773285154,5.673323267171493,0.2766298416265564
202605131007,gravity,position,8.066666666673086,23,0.3507246376814385,0.08027865317629902,-2.438566993068045,2.20460468463455,3.1780538303479458,0.3006412170944927
202605131007,zero_gravity,ball,57.116666666722665,192,0.29748263888918053,0.8769191402251902,1.9635732517689506,4.062452484454514,5.262690188904886,0.26042595553615705
202605131007,zero_gravity,position,8.0166666666737,22,0.36439393939425907,0.12308085977480976,-1.9635732517689508,2.199074716625161,3.1354942159291497,0.3107103295957738
202605131018,gravity,ball,112.06666666657884,300,0.3735555555552628,0.9188302814976632,2.4265591751656768,4.727977615248862,5.707110264748875,0.3174026739006491
202605131018,gravity,position,9.899999999994066,29,0.34137931034462293,0.08116971850233679,-2.426559175165677,2.3887627892345535,3.4011973816621555,0.293698420637774
202605131018,zero_gravity,ball,97.03333333324377,298,0.3256152125276637,0.7518078512396152,1.1082775347750404,4.5853075568909265,5.700443573390687,0.2818766630206621
202605131018,zero_gravity,position,32.03333333331307,73,0.43881278538785023,0.24819214876038476,-1.1082775347750404,3.497517152667219,4.30406509320417,0.36381831894653516
202605131426,gravity,ball,123.41666666678722,398,0.3100921273034855,0.795637692059755,1.359249483596656,4.823636147752159,5.988961416889864,0.27009746092615666
202605131426,gravity,position,31.70000000002804,96,0.3302083333336254,0.204362307940245,-1.359249483596656,3.487375077904065,4.574710978503383,0.28533557157087697
202605131426,zero_gravity,ball,123.16666666679629,408,0.301879084967638,0.7392217665299791,1.0419276000088498,4.821624749152549,6.013715156042802,0.26380867078536374
202605131426,zero_gravity,position,43.4500000000412,148,0.29358108108135944,0.26077823347002094,-1.0419276000088498,3.7943649619608406,5.003946305945459,0.25741440415940364
202605131703,gravity,ball,100.76666666661737,255,0.39516339869261713,0.8024953543934304,1.4019639599464542,4.622682611072238,5.545177444479562,0.3330115400932449
202605131703,gravity,position,24.799999999985687,56,0.44285714285688726,0.19750464560656955,-1.4019639599464542,3.2503744919270168,4.04305126783455,0.3666252747917233
202605131703,zero_gravity,ball,72.1333333332808,223,0.32346786248107984,0.5411352838209056,0.1649138794775016,4.292284259172302,5.4116460518550396,0.2802554601696342
202605131703,zero_gravity,position,61.16666666663434,134,0.45646766169130104,0.45886471617909436,-0.1649138794775017,4.129818950415241,4.90527477843843,0.37601409441858535
202605141023,gravity,ball,106.01666666676556,335,0.3164676616918375,0.8931479921369974,2.12330751881667,4.6729845855728716,5.817111159963204,0.2749521358028061
202605141023,gravity,position,12.683333333350845,57,0.22251461988334817,0.10685200786300258,-2.1233075188166706,2.6161785472316073,4.060443010546419,0.20090990130016548
202605141023,zero_gravity,ball,77.73333333342998,280,0.27761904761939277,0.7479153303399718,1.087524755041231,4.36606661509638,5.638354669333745,0.24499822671437993
202605141023,zero_gravity,position,26.20000000003114,103,0.2543689320391373,0.2520846696600281,-1.0875247550412315,3.3032169733030963,4.6443908991413725,0.22663260311910674
202605141420,gravity,ball,130.56666666679078,378,0.3454144620814571,0.9906423874557377,4.662163421021253,4.879513694001635,5.937536205082426,0.2967021158317031
202605141420,gravity,position,1.2333333333349399,6,0.2055555555558233,0.009357612544262242,-4.662163421021255,0.80349523772953,1.9459101490553132,0.18694050265047127
202605141420,zero_gravity,ball,98.83333333340886,244,0.4050546448090527,0.7072996183205915,0.8823048667208219,4.603502128888151,5.501258210544727,0.3400761951319206
202605141420,zero_gravity,position,40.90000000003505,82,0.4987804878053055,0.29270038167940854,-0.8823048667208215,3.7352858269289286,4.418840607796598,0.4046517693080212
202605151433,gravity,ball,89.0166666667777,316,0.28169831223663827,0.7840575455079717,1.2894704597385958,4.499994838372024,5.75890177387728,0.24818600493654447
202605151433,gravity,position,24.51666666669081,67,0.3659203980103106,0.21594245449202837,-1.2894704597385955,3.239331833436529,4.219507705176107,0.3118284856660697
202605151433,zero_gravity,ball,60.15000000008479,255,0.23588235294150897,0.5906710310967201,0.36674007376581935,4.1133298621345675,5.545177444479562,0.211785170800962
202605151433,zero_gravity,position,41.683333333365,103,0.4046925566346116,0.40932896890327986,-0.36674007376581935,3.7538085239781664,4.6443908991413725,0.33981845794029036
202605161415,gravity,ball,186.7333333335557,689,0.27102080309659754,0.8186467923425652,1.5072061706156177,5.235022516176907,6.536691597591305,0.23982035957659475
202605161415,gravity,position,41.36666666670886,149,0.2776286353470393,0.18135320765743482,-1.5072061706156175,3.7463618895282944,5.0106352940962555,0.24500573105747003
202605161415,zero_gravity,ball,93.78333333346211,347,0.2702689721425421,0.599063132119802,0.4015630102167575,4.551593585086057,5.8522024797744745,0.23922866713497276
202605161415,zero_gravity,position,62.766666666716674,166,0.37811244979949804,0.400936867880198,-0.4015630102167575,4.155230587778882,5.117993812416755,0.32071477289015465
202605161422,gravity,ball,43.866666666623445,142,0.30892018779312286,0.6531017369727657,0.6327013696517216,3.8036951285415546,4.962844630259907,0.2692025131767112
202605161422,gravity,position,23.299999999970765,90,0.25888888888856404,0.34689826302723425,-0.6327013696517215,3.1904763503452997,4.51085950651685,0.2302294977034375
202605161422,zero_gravity,ball,92.26666666659037,234,0.39430199430166823,0.8742893240683235,1.9394283114540196,4.535462773562453,5.459585514144159,0.3323939275424716
202605161422,zero_gravity,position,13.2666666666438,73,0.18173515981703836,0.12571067593167656,-1.9394283114540192,2.657925813918039,4.30406509320417,0.16698383280997964
202605181455,gravity,ball,90.033333333504,504,0.17863756613790477,0.8641817309230794,1.8504653480414441,4.511225739813424,6.22455842927536,0.16435916643986262
202605181455,gravity,position,14.150000000023567,77,0.18376623376653983,0.13581826907692068,-1.8504653480414435,2.7180005319569336,4.356708826689592,0.16870107927124675
202605181455,zero_gravity,ball,60.850000000114335,359,0.1694986072426583,0.8156836461125909,1.4873729953208918,4.124712098840345,5.886104031450156,0.15657511614156566
202605181455,zero_gravity,position,13.750000000026716,68,0.20220588235333406,0.1843163538874091,-1.4873729953208916,2.69124308278764,4.23410650459726,0.18415810460158288
202605191433,gravity,ball,116.35000000014492,392,0.2968112244901656,0.8890728476821416,2.0813054751181252,4.765160922298268,5.973809611869261,0.25990834693099263
202605191433,gravity,position,14.51666666668146,44,0.32992424242457863,0.11092715231785845,-2.0813054751181252,2.7419147150559198,3.8066624897703196,0.2851219800283232
202605191433,zero_gravity,ball,64.21666666674577,225,0.28540740740775894,0.46731352334754583,-0.13093263856295786,4.1777150599895245,5.420534999272286,0.2510757166642565
202605191433,zero_gravity,position,73.20000000007178,203,0.36059113300527973,0.5326864766524542,0.13093263856295784,4.306764150174303,5.318119993844216,0.3079192619336643
202605191954,gravity,ball,148.1166666668203,483,0.3066597653557356,0.8293980401306763,1.5813670617245097,5.004728997326525,6.182084906716632,0.2674740835048052
202605191954,gravity,position,30.466666666694323,83,0.3670682730927027,0.17060195986932372,-1.5813670617245095,3.4489287844842242,4.430816798843313,0.31266850023475523
202605191954,zero_gravity,ball,188.45000000017626,552,0.3413949275365512,0.9086306653808627,2.2970287881841815,5.24412513746554,6.315358001522335,0.2937100632066551
202605191954,zero_gravity,position,18.950000000027728,61,0.3106557377053726,0.09136933461913736,-2.297028788184181,2.9932291433372624,4.127134385045092,0.2705275751069988
202605200915,gravity,ball,127.2666666668172,414,0.307407407407771,0.9124148643804335,2.3434834829587596,4.8541114301246155,6.028278520230698,0.2680460979352001
202605200915,gravity,position,12.216666666683892,35,0.3490476190481112,0.08758513561956649,-2.3434834829587596,2.5814786594140506,3.58351893845611,0.299398876119367
202605200915,zero_gravity,ball,137.51666666679074,447,0.3076435495901359,0.7640522270580652,1.1750256674123127,4.930990655331821,6.104793232414985,0.2682267002920107
202605200915,zero_gravity,position,42.466666666703986,120,0.3538888888891999,0.23594777294193484,-1.1750256674123127,3.7719943608253015,4.795790545596741,0.3029811097411799
202605201004,gravity,ball,129.73333333321753,327,0.3967380224257417,0.876774048209026,1.9622296408836364,4.87315962509325,5.793013608384144,0.334139534003182
202605201004,gravity,position,18.233333333322122,46,0.39637681159395916,0.12322595179097391,-1.9622296408836368,2.9566448848453613,3.8501476017100584,0.33388089026294143
202605201004,zero_gravity,ball,99.09999999991601,276,0.35905797101418846,0.6551344204494399,0.6416857200234134,4.606169686320336,5.6240175061873385,0.30679179137046775
202605201004,zero_gravity,position,52.166666666644915,77,0.677489177488895,0.34486557955056,-0.6416857200234137,3.9734316335563804,4.356708826689592,0.5172981382714397
202605201452,gravity,ball,126.96666666682498,432,0.2939043209880208,0.8691386195094193,1.893364029909239,4.85176981333988,6.07073772800249,0.2576642528411271
202605201452,gravity,position,19.116666666689355,79,0.2419831223631564,0.13086138049058074,-1.8933640299092387,3.0015486588765588,4.382026634673881,0.21670939433937042
202605201452,zero_gravity,ball,121.05000000011756,397,0.30491183879122813,0.8338691159586081,1.6133005189742506,4.804430796839933,5.986452005284438,0.2661354820107973
202605201452,zero_gravity,position,24.116666666700553,101,0.2387788778881243,0.16613088404139192,-1.6133005189742502,3.223531636405744,4.624972813284271,0.21412611850991306
202605201637,gravity,ball,108.48333333351019,486,0.22321673525413618,0.8337389522223869,1.6123612163085135,4.695772330671987,6.18826412308259,0.20148405707455266
202605201637,gravity,position,21.6333333333651,97,0.22302405498314537,0.16626104777761302,-1.612361216308514,3.119423745897944,4.584967478670572,0.20132652534492226
202605201637,zero_gravity,ball,35.18333333339547,171,0.20575048732979806,0.3633390705681282,-0.5609007439835196,3.588598607657908,5.147494476813453,0.18710218413837243
202605201637,zero_gravity,position,61.65000000007103,226,0.27278761061978335,0.6366609294318718,0.5609007439835196,4.137563681343211,5.424950017481403,0.24120946403726354
202605211013,gravity,ball,126.51666666678909,401,0.315502909393489,0.9399455175829377,2.750569723078856,4.848247075010711,5.996452088619021,0.274219033121374
202605211013,gravity,position,8.083333333344626,43,0.18798449612429363,0.06005448241706238,-2.7505697230788555,2.2064412324423865,3.784189633918261,0.17225817045486974
202605211013,zero_gravity,ball,88.91666666677708,284,0.3130868544604827,0.7605131860300104,1.1554950913389583,4.498883315471362,5.652489180268651,0.2723807427600455
202605211013,zero_gravity,position,28.000000000023306,86,0.3255813953491082,0.23948681396998958,-1.1554950913389586,3.3672958299872775,4.465908118654584,0.2818511521411921
202605211443,gravity,ball,141.750000000128,368,0.3851902173916522,0.8112361694010106,1.458062559227518,4.961094848537017,5.910796644040527,0.32583747128588475
202605211443,gravity,position,32.9833333333591,73,0.4518264840186178,0.18876383059898935,-1.4580625592275183,3.525870208353113,4.30406509320417,0.3728224078971591
202605211443,zero_gravity,ball,144.81666666678734,382,0.37910122164080456,0.8234457922668382,1.539869766237407,4.9823501248849915,5.948034989180646,0.3214319983224342
202605211443,zero_gravity,position,31.050000000032412,89,0.3488764044947462,0.17655420773316177,-1.539869766237407,3.46729718336769,4.499809670330265,0.29927195293539244
202605212015,gravity,ball,121.01666666679466,404,0.29954620462077886,0.9556462226901623,3.0701899090274294,4.804157647425591,6.003887067106539,0.26201513015856887
202605212015,gravity,position,5.616666666675172,23,0.24420289855109445,0.04435377730983773,-3.0701899090274285,1.8895917184663753,3.1780538303479458,0.21849508274652238
202605212015,zero_gravity,ball,82.20000000008866,271,0.3033210332106593,0.7635856943799608,1.1724395590657457,4.421247347828229,5.605802066295998,0.2649156478503551
202605212015,zero_gravity,position,25.450000000023806,77,0.3305194805197897,0.23641430562003918,-1.1724395590657457,3.275256158305208,4.356708826689592,0.28556945283145724
202605221039,gravity,ball,166.93333333353834,598,0.2791527313269872,0.9109595270577637,2.3254074508094953,5.1235670752516205,6.395261598115449,0.24619793010924257
202605221039,gravity,position,16.316666666684654,65,0.25102564102591773,0.08904047294223628,-2.3254074508094953,2.851669428878165,4.189654742026425,0.22396372769832057
202605221039,zero_gravity,ball,143.2833333335024,526,0.27240177439829355,0.6757585285333084,0.7343472854059317,4.971778958994845,6.267200548541362,0.2409062754205605
202605221039,zero_gravity,position,68.75000000006264,189,0.3637566137569452,0.3242414714666916,-0.7343472854059316,4.244917420702373,5.247024072160486,0.31024310783766995
202605221450,gravity,ball,99.86666666659568,224,0.4458333333330164,0.8793660111536042,1.9864401301417878,4.613799512685442,5.41610040220442,0.36868585660464864
202605221450,gravity,position,13.699999999977763,54,0.2537037037032919,0.12063398884639574,-1.9864401301417878,2.687847493783178,4.007333185232471,0.2261021333536265
202605221450,zero_gravity,ball,95.36666666659443,225,0.4238518518515308,0.8348409687773806,1.6203324148471034,4.568160360353441,5.420534999272286,0.35336577095648336
202605221450,zero_gravity,position,18.866666666649053,48,0.3930555555551886,0.16515903122261943,-1.6203324148471034,2.9890432854023077,3.8918202981106265,0.3314995759515711
202605221530,gravity,ball,117.33333333324657,320,0.3666666666663955,0.828430218875042,1.574542536583573,4.773505500806573,5.771441123130016,0.31237468504195404
202605221530,gravity,position,24.29999999997989,62,0.39193548387064336,0.17156978112495805,-1.5745425365835728,3.2308043957326795,4.143134726391533,0.33069521304405763
202605221530,zero_gravity,ball,111.93333333323454,342,0.3272904483427911,0.7866010775356436,1.3045579403770566,4.726797674108915,5.8377304471659395,0.28313960731793386
202605221530,zero_gravity,position,30.36666666665417,53,0.5729559748425315,0.2133989224643564,-1.3045579403770569,3.445745757922826,3.9889840465642745,0.45295663566319194
202605221536,gravity,ball,126.9333333334246,314,0.40424628450135225,0.8004203888596787,1.3889238656588119,4.8515092949062035,5.752572638825633,0.3395007065314817
202605221536,gravity,position,31.65000000002604,81,0.39074074074106224,0.19957961114032136,-1.3889238656588114,3.4858448557232378,4.406719247264253,0.3298365122060459
202605221536,zero_gravity,ball,145.68333333343497,317,0.45956887486888004,0.8709645277002658,1.9095139044467322,4.988276068152404,5.762051382780177,0.37814110092751957
202605221536,zero_gravity,position,21.583333333350936,54,0.3996913580250173,0.12903547229973425,-1.909513904446732,3.11721217109248,4.007333185232471,0.3362517537630948
202605221545,gravity,ball,72.13333333326364,204,0.3535947712414884,0.7532196310477102,1.1158581134343784,4.292284259172067,5.3230099791384085,0.3027638470088506
202605221545,gravity,position,23.63333333330735,78,0.30299145299111985,0.24678036895228989,-1.1158581134343781,3.2041005392849917,4.3694478524670215,0.264662738636252
202605221545,zero_gravity,ball,58.366666666625235,169,0.34536489151849253,0.5821143617021491,0.3314591236956927,4.083732901626808,5.135798437050262,0.29666527106930823
202605221545,zero_gravity,position,41.89999999996655,96,0.43645833333298495,0.41788563829785086,-0.33145912369569275,3.7588718259331917,4.574710978503383,0.36218059333117736
202605231431,gravity,ball,157.85000000012462,424,0.37228773584935054,0.8546291283161378,1.7713793940487195,5.0679603607163095,6.052089168924417,0.3164792273223423
202605231431,gravity,position,26.85000000003214,87,0.30862068965554185,0.1453708716838622,-1.7713793940487195,3.326832966374447,4.477336814478207,0.2689736738554472
202605231431,zero_gravity,ball,146.91666666680925,427,0.3440671350510755,0.7959367945824135,1.3610900025657666,4.99664905212248,6.059123195581797,0.2957001925283218
202605231431,zero_gravity,position,37.666666666698404,94,0.40070921985849367,0.20406320541758644,-1.361090002565767,3.6549779024390756,4.553876891600541,0.33697869396324936
202605231554,gravity,ball,40.56666666660874,159,0.2551362683434512,0.7530940594058831,1.1151826760973547,3.7272985640164875,5.075173815233827,0.22724414704267487
202605231554,gravity,position,13.299999999985118,45,0.29555555555522484,0.24690594059411686,-1.1151826760973547,2.660259537264821,3.828641396489095,0.2589396035858717
202605231554,zero_gravity,ball,53.83333333328909,172,0.31298449612377377,0.7522123893805778,1.1104467463153638,4.00429828153651,5.153291594497779,0.27230278727209734
202605231554,zero_gravity,position,17.733333333314306,56,0.31666666666632687,0.24778761061942223,-1.1104467463153636,2.93030446823052,4.04305126783455,0.27510329024466273
202605231635,gravity,ball,85.06666666677631,352,0.24166666666697817,0.7785234899328668,1.2570826296397737,4.4551221897457065,5.8664680569332965,0.21645456316366402
202605231635,gravity,position,24.200000000033867,92,0.2630434782612377,0.22147651006713315,-1.257082629639774,3.2268439945187217,4.532599493153256,0.233524267369062
202605231635,zero_gravity,ball,62.866666666757965,298,0.21096196868039585,0.7012455846812394,0.853236278016179,4.15679757687008,5.700443573390687,0.19141505918961638
202605231635,zero_gravity,position,26.783333333363032,108,0.24799382716076881,0.29875441531876057,-0.8532362780161789,3.3244363205297622,4.6913478822291435,0.22153732374972213
202605251447,gravity,ball,136.03333333348667,471,0.2888181174808634,0.8171806167400534,1.497361454810605,4.920224205236842,6.156978985585555,0.2537256104174992
202605251447,gravity,position,30.43333333337472,122,0.24945355191290752,0.18281938325994665,-1.4973614548106047,3.447868900972619,4.812184355372417,0.22270629726291474
202605251447,zero_gravity,ball,154.45000000016051,494,0.3126518218626731,0.8400108774473951,1.658309012219067,5.046324136505795,6.20455776256869,0.2720493825940755
202605251447,zero_gravity,position,29.416666666703918,111,0.26501501501535063,0.15998912255260483,-1.6583090122190671,3.414990703795716,4.718498871295094,0.23508399168639296
202605251607,gravity,ball,155.0166666667871,417,0.3717426059155566,0.8403505601734667,1.6608387279227226,5.049962839150416,6.035481432524756,0.31608190668585495
202605251607,gravity,position,29.45000000002429,67,0.43955223880633265,0.15964943982653335,-1.6608387279227228,3.416085994156704,4.219507705176107,0.3643321199610238
202605251607,zero_gravity,ball,141.90000000013464,390,0.3638461538464991,0.7280034202651464,0.9845162546393368,4.962145084936764,5.968707559985366,0.310308762624833
202605251607,zero_gravity,position,53.016666666696665,113,0.46917404129820056,0.27199657973485364,-0.9845162546393366,3.9892926409200022,4.736198448394496,0.3847003662109051
202605260957,gravity,ball,55.26666666661731,165,0.33494949494919585,0.7990361445783014,1.380281113896365,4.03010229349287,5.111987788356544,0.28889345963785396
202605260957,gravity,position,13.899999999988609,33,0.42121212121177604,0.20096385542169856,-1.3802811138963653,2.701361212950649,3.5263605246161616,0.3515101139855106
202605260957,zero_gravity,ball,77.69999999994991,166,0.46807228915632476,0.8476363636363989,1.7161817191138926,4.365643155422721,5.117993812416755,0.3839501722744118
202605260957,zero_gravity,position,13.96666666665385,33,0.4232323232319349,0.15236363636360112,-1.7161817191138924,2.7058255060792424,3.5263605246161616,0.35293056876977175
202605261045,gravity,ball,146.15000000016576,495,0.2952525252528601,0.9651111600264045,3.3200762799017856,4.991452474680608,6.206575926724928,0.258705676336693
202605261045,gravity,position,5.283333333340863,28,0.1886904761907451,0.034888839973595535,-3.320076279901784,1.8379006252271084,3.367295829986474,0.17285226101873685
202605261045,zero_gravity,ball,53.76666666673401,198,0.27154882154916166,0.7540906965872419,1.1205498653877775,4.003081736376342,5.293304824724492,0.24023570195702482
202605261045,zero_gravity,position,17.533333333350413,60,0.2922222222225069,0.2459093034127581,-1.1205498653877775,2.9195709125893488,4.110873864173311,0.25636338919457397
202605261430,gravity,ball,116.86666666658371,249,0.4693440428376856,0.9547930283224338,3.050243277124492,4.769554042094675,5.521460917862246,0.38481607183857675
202605261430,gravity,position,5.533333333330205,11,0.5030303030300186,0.04520697167756615,-3.0502432771244923,1.876917277567883,2.4849066497880004,0.4074832722642123
202605261430,zero_gravity,ball,131.966666666589,280,0.4713095238092464,0.9383740222802165,2.7230651160915595,4.890098470242667,5.638354669333745,0.38615283675814194
202605261430,zero_gravity,position,8.66666666665327,28,0.3095238095233311,0.061625977719783474,-2.72306511609156,2.2686835413169786,3.367295829986474,0.2696635669487373
202605261437,gravity,ball,115.81666666677432,335,0.34572139303514726,0.8802888269571539,1.9951681158203118,4.760605754279146,5.817111159963204,0.29693022096763483
202605261437,gravity,position,15.750000000018929,70,0.2250000000002704,0.11971117304284602,-1.9951681158203123,2.8183982582722056,4.2626798770413155,0.20294084399691104
202605261437,zero_gravity,ball,73.23333333340565,238,0.3077030812327969,0.5960390667389996,0.3889880397005479,4.307213285596187,5.476463551931511,0.2682722251505282
202605261437,zero_gravity,position,49.633333333384996,132,0.37601010101049237,0.40396093326100035,-0.3889880397005479,3.924610120934638,4.890349128221754,0.3191880803348565
202605261606,gravity,ball,147.16666666659148,248,0.5934139784943205,0.9330092983939186,2.6338613391608563,4.998337766285342,5.517452896464707,0.4658788706721781
202605261606,gravity,position,10.566666666660467,21,0.503174603174308,0.06699070160608148,-2.633861339160856,2.448127398284168,3.091042453358316,0.40757927380030345
202605261606,zero_gravity,ball,131.79999999992282,277,0.4758122743679524,0.6905344044707841,0.8026188725652986,4.888844237041752,5.627621113690637,0.38920853270196737
202605261606,zero_gravity,position,59.066666666646086,64,0.9229166666663451,0.3094655955292159,-0.802618872565299,4.095455056505785,4.174387269895637,0.6538431306007483
202605261631,gravity,ball,107.73333333324643,271,0.39753997539943337,0.9368115942029118,2.696361356852121,4.688898401518005,5.605802066295998,0.3347135305749865
202605261631,gravity,position,7.266666666659177,27,0.2691358024688584,0.06318840579708818,-2.696361356852121,2.1122313645019206,3.332204510175204,0.23833619834840739
202605261631,zero_gravity,ball,79.03333333325543,239,0.33068340306801436,0.787969425058118,1.3127288027203707,4.3824432145581245,5.480638923341991,0.2856926471579349
202605261631,zero_gravity,position,21.266666666650906,51,0.41699346405197857,0.21203057494188202,-1.3127288027203707,3.1030907918737825,3.9512437185814275,0.3485373481728376
202605261634,gravity,ball,129.83333333322707,348,0.37308429118743414,0.947688564476902,2.8968109301775153,4.873924248553541,5.855071922202427,0.3170595168806181
202605261634,gravity,position,7.166666666658442,39,0.1837606837604729,0.05231143552309804,-2.896810930177515,2.1000608288815648,3.6888794541139363,0.16869639082945895
202605261634,zero_gravity,ball,115.86666666656163,365,0.31744292237414146,0.7715871254161256,1.2172947505507872,4.761033683818126,5.902633333401366,0.2756926778187526
202605261634,zero_gravity,position,34.29999999998421,71,0.48309859154907336,0.2284128745838744,-1.217294750550787,3.563882963938804,4.276666119016055,0.39413354209846446
202605261957,gravity,ball,101.58333333345291,357,0.28454715219454596,0.9490812830893556,2.925263871017608,4.630675476397619,5.8805329864007,0.25040624549238016
202605261957,gravity,position,5.450000000009197,31,0.1758064516131999,0.05091871691064441,-2.925263871017608,1.864080130809107,3.4657359027997265,0.16195425396977325
202605261957,zero_gravity,ball,64.3666666667159,187,0.3442067736188016,0.6542436049465643,0.6377453001782922,4.1800124445349445,5.236441962829949,0.2958040796861009
202605261957,zero_gravity,position,34.01666666670366,134,0.25385572139331086,0.34575639505343564,-0.6377453001782925,3.555824138623956,4.90527477843843,0.22622338088114963
202605261958,gravity,ball,80.16666666659506,259,0.3095238095235331,0.8081317204301738,1.4379159728842785,4.396504653853652,5.560681631015528,0.26966356694889154
202605261958,gravity,position,19.033333333308207,60,0.31722222222180346,0.19186827956982627,-1.4379159728842783,2.997397552871798,4.110873864173311,0.2755251421808315
202605261958,zero_gravity,ball,52.333333333284145,170,0.3078431372546126,0.5924528301886067,0.3741145782237881,3.976561526564795,5.14166355650266,0.268379320197031
202605261958,zero_gravity,position,35.99999999997698,66,0.5454545454541967,0.4075471698113933,-0.3741145782237881,3.610917912643602,4.204692619390966,0.4353180712576199
202605271051,gravity,ball,110.63333333347086,453,0.24422369389287166,0.7575895914174361,1.1395096099178263,4.7152196911332815,6.118097198041348,0.21851179639348375
202605271051,gravity,position,35.40000000005335,148,0.23918918918954968,0.2424104085825639,-1.1395096099178263,3.5945687746441606,5.003946305945459,0.2144572860585403
202605271051,zero_gravity,ball,128.43333333351183,517,0.24842037395263408,0.8440306681269455,1.6885294332133602,4.863165948070891,6.249975242259483,0.22187905133309027
202605271051,zero_gravity,position,23.733333333385815,124,0.19139784946278884,0.15596933187305448,-1.6885294332133602,3.2081518615073468,4.8283137373023015,0.17512728116028276
202605271423,gravity,ball,95.26666666659156,248,0.3841397849459337,0.9552139037433119,3.060037558538818,4.567122118349781,5.517452896464707,0.32507885277873033
202605271423,gravity,position,4.466666666663514,19,0.23508771929807967,0.04478609625668802,-3.0600375585388186,1.6986690461614662,2.995732273553991,0.2111419953293122
202605271423,zero_gravity,ball,84.26666666659867,196,0.4299319727887687,0.7809700339820426,1.271328228734389,4.445783600475835,5.2832037287379885,0.3576268716638718
202605271423,zero_gravity,position,23.63333333331974,37,0.6387387387383714,0.21902996601795746,-1.2713282287343888,3.2041005392854944,3.6375861597263857,0.49392688421151826
202605271445,gravity,ball,147.300000000131,403,0.36550868486384863,0.91263940520444,2.346296526084199,4.99923724914477,6.0014148779611505,0.3115270221192682
202605271445,gravity,position,14.100000000016252,52,0.27115384615415866,0.08736059479556002,-2.3462965260841986,2.714694743821955,3.970291913552122,0.2399250282764591
202605271445,zero_gravity,ball,170.38333333345219,415,0.4105622489962703,0.8577781506964044,1.7969573429422898,5.143902763007784,6.030685260261263,0.34398838306055657
202605271445,zero_gravity,position,28.250000000024613,74,0.38175675675708937,0.1422218493035956,-1.7969573429422898,3.375879573678707,4.31748811353631,0.3233557017189821
202605271539,gravity,ball,78.19999999992615,217,0.3603686635941297,0.7372721558768115,1.0318384161287422,4.3719762988194475,5.384495062789089,0.3077557391856077
202605271539,gravity,position,27.866666666639702,71,0.39248826291041833,0.26272784412318845,-1.0318384161287426,3.3626875268993457,4.276666119016055,0.3310922639941339
202605271539,zero_gravity,ball,68.09999999992846,214,0.31822429906508626,0.6579710144926539,0.654265393015295,4.235554730772589,5.3706380281276624,0.2762856029858455
202605271539,zero_gravity,position,35.39999999997849,75,0.4719999999997132,0.34202898550734606,-0.6542653930152948,3.594568774642104,4.330733340286331,0.3866220203064896
202605271553,gravity,ball,109.76666666679375,421,0.2607284243866835,0.9234436343241429,2.4900824871909824,4.707425886693586,6.045005314036012,0.23168966851212872
202605271553,gravity,position,9.100000000014376,40,0.2275000000003594,0.0765563656758571,-2.4900824871909824,2.312535423848637,3.713572066704308,0.20497958068683136
202605271553,zero_gravity,ball,125.23333333349552,456,0.2746345029243323,0.7743198680956493,1.2328664033234746,4.838132046240924,6.124683390894205,0.24265947314123132
202605271553,zero_gravity,position,36.50000000004337,145,0.2517241379313336,0.22568013190435066,-1.2328664033234744,3.6243409329775216,4.983606621708336,0.22452191128457002
202605281004,gravity,ball,120.2333333334791,427,0.2815768930526443,0.7862670299727625,1.3025690352672006,4.797717063326036,6.059123195581797,0.24809126740400464
202605281004,gravity,position,32.68333333337091,110,0.29712121212155373,0.21373297002723743,-1.3025690352672006,3.517003155182636,4.709530201312334,0.2601473567282321
202605281004,zero_gravity,ball,125.8833333334959,481,0.2617117117120497,0.6474924989285413,0.6080353071789858,4.843268029085393,6.1779441140506,0.23246930039405128
202605281004,zero_gravity,position,68.53333333338492,173,0.396146435453092,0.3525075010714587,-0.6080353071789858,4.241806253899305,5.159055299214529,0.3337158952953018
202605281034,gravity,ball,97.89999999991215,267,0.3666666666663377,0.9437660668381126,2.8203579572763555,4.594109238627778,5.5909869805108565,0.31237468504191174
202605281034,gravity,position,5.833333333320808,33,0.1767676767672972,0.05623393316188739,-2.820357957276356,1.9218125974744198,3.5263605246161616,0.16277142287084279
202605281034,zero_gravity,ball,55.033333333271344,205,0.26845528455254314,0.5648306534381321,0.2607907000195876,4.025946751745354,5.327876168789581,0.23779984878751118
202605281034,zero_gravity,position,42.399999999972295,81,0.5234567901231147,0.4351693465618679,-0.26079070001958754,3.7704594411057206,4.406719247264253,0.42098195679862416
202605281637,gravity,ball,97.00000000008797,267,0.3632958801501422,0.8985641500694675,2.1813715222407737,4.584967478671469,5.5909869805108565,0.30990520923673276
202605281637,gravity,position,10.950000000011016,36,0.3041666666669727,0.10143584993053244,-2.1813715222407737,2.4807312783784417,3.6109179126442243,0.26556426719839654
202605281637,zero_gravity,ball,98.98333333342993,275,0.35993939393974517,0.7156283889625334,0.9228791499962429,4.6050035054319585,5.62040086571715,0.307440135475389
202605281637,zero_gravity,position,39.333333333370206,102,0.38562091503304124,0.28437161103746655,-0.922879149996243,3.6971782569295457,4.634728988229636,0.3261483532798379
202605281645,gravity,ball,113.76666666654688,351,0.3241215574545495,0.801173708920222,1.3936462542548673,4.742901081675325,5.863631175598097,0.28074926406674205
202605281645,gravity,position,28.233333333297537,113,0.2498525073743145,0.19882629107977795,-1.3936462542548675,3.375309610708803,4.736198448394496,0.2230255502518098
202605281645,zero_gravity,ball,130.8666666665559,348,0.376053639846425,0.7516752824048127,1.1075671905203082,4.881791311079607,5.855071922202427,0.3192197211978859
202605281645,zero_gravity,position,43.23333333328179,139,0.3110311750595812,0.24832471759518726,-1.1075671905203082,3.789478652668887,4.941642422609304,0.27081398410186924
202605281954,gravity,ball,148.7166666667659,343,0.4335762876582096,0.9698913043478063,3.472369985712137,5.008744619007769,5.840641657373398,0.36017222268474924
202605281954,gravity,position,4.616666666672869,15,0.30777777777819126,0.030108695652193665,-3.4723699857121364,1.7257383681313654,2.772588722239781,0.2683293439362821
202605281954,zero_gravity,ball,72.05000000005583,199,0.36206030150781826,0.6073335206519126,0.43611749907861713,4.291144138197473,5.298317366548036,0.3089984809820608
202605281954,zero_gravity,position,46.58333333336083,94,0.4955673758868173,0.39266647934808746,-0.4361174990786171,3.862482559868588,4.553876891600541,0.40250565048815967
202605291006,gravity,ball,98.90000000011969,370,0.2672972972976208,0.8454195754379936,1.6991185348754192,4.604169685655706,5.916202062607435,0.23688652045752576
202605291006,gravity,position,18.083333333369467,82,0.22052845528499349,0.15458042456200638,-1.6991185348754192,2.9488153537681328,4.418840607796598,0.19928392502809114
202605291006,zero_gravity,ball,87.96666666679499,355,0.24779342723040843,0.7268971216086881,0.9789363885439484,4.488261767743811,5.87493073085203,0.22137673319422627
202605291006,zero_gravity,position,33.050000000032526,133,0.24849624060174832,0.2731028783913119,-0.978936388543948,3.5278300325964764,4.897839799950911,0.22193981960119769
202605291528,gravity,ball,155.86666666684619,549,0.2839101396481716,0.8575882622650374,1.7954016800033918,5.055396187626297,6.309918278226516,0.24991021812104053
202605291528,gravity,position,25.88333333335862,72,0.35949074074109194,0.1424117377349626,-1.795401680003392,3.291506515904049,4.290459441148391,0.30711017428462184
202605291528,zero_gravity,ball,103.65000000013441,382,0.27133507853438327,0.5634172857403361,0.2550426844642306,4.650621448893293,5.948034989180646,0.24006759124204113
202605291528,zero_gravity,position,80.31666666671669,155,0.5181720430110753,0.4365827142596639,-0.2550426844642306,4.398350997594352,5.049856007249537,0.4175070078683903
202605291659,gravity,ball,82.96666666681779,492,0.16863143631467029,0.8798161894662035,1.9906906847570167,4.430419894692254,6.20050917404269,0.1558333516104282
202605291659,gravity,position,11.333333333358155,78,0.14529914529946353,0.1201838105337965,-1.9906906847570163,2.5123056239781274,4.3694478524670215,0.13566586515343312
202605291659,zero_gravity,ball,45.71666666672121,186,0.24578853046624308,0.7731116121758494,1.2259652135189014,3.8441009889438553,5.231108616854587,0.2197686872344768
202605291659,zero_gravity,position,13.416666666684534,52,0.2580128205131641,0.2268883878241506,-1.2259652135189012,2.668384944711018,3.970291913552122,0.22953334941325387
202605301430,gravity,ball,128.48333333347355,466,0.2757153075825613,0.8085798195930494,1.4408084904427603,4.863552172729403,6.1463292576688975,0.24350704684933897
202605301430,gravity,position,30.416666666697125,89,0.3417602996258104,0.19142018040695064,-1.4408084904427603,3.44733853766098,4.499809670330265,0.29398240830828676
202605301430,zero_gravity,ball,105.31666666681002,403,0.26133167907397026,0.7575830236183846,1.1394738471936559,4.666422062021203,6.0014148779611505,0.23216805100425375
202605301430,zero_gravity,position,33.70000000002506,85,0.3964705882355889,0.24241697638161538,-1.139473847193656,3.5467396869535355,4.454347296253507,0.333948045125517
202606011955,gravity,ball,126.19999999989662,319,0.3956112852661336,0.9467366841710558,2.8777731660601025,4.845760650905209,5.768320995793772,0.33333251661631297
202606011955,gravity,position,7.099999999992349,19,0.3736842105259131,0.05326331582894421,-2.8777731660601016,2.0918640616774486,2.995732273553991,0.31749633516191417
202606011955,zero_gravity,ball,68.73333333322563,295,0.2329943502821208,0.8573804573804609,1.7937012174109939,4.244678443521114,5.69035945432406,0.20944564208097205
202606011955,zero_gravity,position,11.43333333331509,47,0.2432624113471296,0.14261954261953913,-1.7937012174109939,2.5203810379801928,3.871201010907891,0.21773890154870834
202606011956,gravity,ball,140.25000000018258,520,0.26971153846188956,0.7606435867306689,1.1562111895686977,4.950531370027843,6.255750041753367,0.23878973960204508
202606011956,gravity,position,44.133333333360326,93,0.4745519713264551,0.23935641326933108,-1.1562111895686977,3.809621071810663,4.543294782270004,0.388354195397688
202606011956,zero_gravity,ball,105.95000000013613,408,0.25968137254935325,0.6159883720931054,0.47255525374632107,4.672361435529687,6.013715156042802,0.23085881005503417
202606011956,zero_gravity,position,66.05000000006191,192,0.3440104166669891,0.3840116279068945,-0.4725552537463212,4.205438609728611,5.262690188904886,0.29565799256719455
202606021009,gravity,ball,129.38333333350494,509,0.2541912246237818,0.9145852968897371,2.3709524815511394,4.870478829464296,6.234410725718371,0.22649092231055146
202606021009,gravity,position,12.083333333347753,61,0.19808743169422546,0.08541470311026293,-2.3709524815511385,2.57133915556141,4.127134385045092,0.1807264784110688
202606021009,zero_gravity,ball,75.70000000009742,300,0.25233333333365804,0.720038046924563,0.9446503415017111,4.33990170837448,5.707110264748875,0.22500847792398143
202606021009,zero_gravity,position,29.433333333367898,103,0.2857605177996883,0.27996195307543703,-0.944650341501711,3.415538498933949,4.6443908991413725,0.2513503859230688
202606041515,gravity,ball,102.73333333325371,277,0.3708784596868365,0.8753195115024258,1.9488346028049972,4.64182350363536,5.627621113690637,0.31545174580205343
202606041515,gravity,position,14.633333333320422,41,0.35691056910537616,0.12468048849757421,-1.948834602804997,2.749405386783298,3.7376696182833684,0.30521047529513984
202606041515,zero_gravity,ball,92.56666666657435,293,0.3159271899883084,0.8165245516024231,1.4929761189370598,4.53867419469874,5.683579767338681,0.2745415046159394
202606041515,zero_gravity,position,20.799999999985744,73,0.2849315068491198,0.18347544839757687,-1.4929761189370598,3.0819099697943892,4.30406509320417,0.25070541486363584
202606051627,gravity,ball,134.65000000016832,527,0.25550284630012965,0.9529370134465506,3.0080619645894657,4.910078039106182,6.269096283706261,0.2275361666779505
202606051627,gravity,position,6.650000000010833,35,0.1900000000003095,0.047062986553449405,-3.008061964589466,2.0347056478398606,3.58351893845611,0.1739533071236981
202606051627,zero_gravity,ball,116.01666666682587,516,0.2248385012922982,0.7223202241361975,0.9559999999208241,4.762316374796509,6.248042874508429,0.20280899962584664
202606051627,zero_gravity,position,44.60000000004885,148,0.30135135135168145,0.2776797758638025,-0.9559999999208243,3.8199077165214117,5.003946305945459,0.26340322560016377
202606051733,gravity,ball,122.33333333325706,244,0.5013661202182667,0.929820116544264,2.583929434862093,4.814890716969542,5.501258210544727,0.4063754404421016
202606051733,gravity,position,9.233333333320047,41,0.22520325203219627,0.07017988345573599,-2.583929434862093,2.3256503659237433,3.7376696182833684,0.2031067502597678
202606051733,zero_gravity,ball,101.13333333324118,278,0.3637889688246086,0.8251291813978368,1.5514924356705675,4.6262791491974244,5.631211781821365,0.3102668325137095
202606051733,zero_gravity,position,21.433333333320036,40,0.5358333333330009,0.17487081860216325,-1.5514924356705675,3.1105479479819795,3.713572066704308,0.42907312189351515
202606061425,gravity,ball,144.1666666668319,457,0.3154631655729363,0.8738256389534301,1.9352160898003516,4.977882507625586,6.126869184114185,0.27418882078155415
202606061425,gravity,position,20.816666666690423,74,0.28130630630662734,0.12617436104656982,-1.9352160898003523,3.0826742036888883,4.31748811353631,0.2478801093246275
202606061425,zero_gravity,ball,106.25000000012108,381,0.2788713910764333,0.611510791366968,0.45366720992630083,4.675162557809255,5.945420608606575,0.2459779632612177
202606061425,zero_gravity,position,67.50000000005946,171,0.3947368421056109,0.38848920863303205,-0.45366720992630094,4.226833745269047,5.147494476813453,0.3327057538259854
202606061640,gravity,ball,149.45000000017427,528,0.28304924242457247,0.9718218272461033,3.54062481993571,5.013630803077213,6.270988431858299,0.24923946558643587
202606061640,gravity,position,4.333333333341898,26,0.16666666666699606,0.02817817275389669,-3.5406248199357093,1.6739764335732774,3.295836866004329,0.15415067982754063
202606061640,zero_gravity,ball,112.75000000012449,384,0.29361979166699087,0.7136828779407329,0.913338700210181,4.734003057832155,5.953243334287785,0.25744432884444995
202606061640,zero_gravity,position,45.233333333378425,147,0.3077097505672002,0.28631712205926707,-0.913338700210181,3.8337010386536514,4.997212273764115,0.2682773251747555
202606081618,gravity,ball,113.15000000013214,421,0.2687648456060146,0.9662681468829862,3.35499879316591,4.737513372976962,6.045005314036012,0.2380438647097624
202606081618,gravity,position,3.9500000000070083,19,0.20789473684247411,0.03373185311701379,-3.3549987931659095,1.599387576582015,2.995732273553991,0.18887895734041907
202606081618,zero_gravity,ball,53.15000000007342,241,0.22053941908744157,0.5885935769657894,0.3581543336246819,3.9917579734483555,5.488937726156687,0.1992929078200596
202606081618,zero_gravity,position,37.150000000033,110,0.33772727272757275,0.41140642303421066,-0.3581543336246816,3.641525757731331,4.709530201312334,0.2909721088872898
202606091031,gravity,ball,9.433333333323446,44,0.21439393939371468,0.35024752475245924,-0.6179513649484565,2.3450058088770502,3.8066624897703196,0.19424513702895138
202606091031,gravity,position,17.49999999998289,53,0.3301886792449602,0.6497524752475408,0.6179513649484564,2.9177707320833544,3.9889840465642745,0.28532079626585843
202606091031,zero_gravity,ball,102.33333333325379,255,0.4013071895421717,0.8606672273620318,1.8208428144854734,4.637960008810312,5.545177444479562,0.33740550780398887
202606091031,zero_gravity,position,16.56666666663955,72,0.23009259259221596,0.13933277263796812,-1.8208428144854738,2.8660031668776633,4.290459441148391,0.20708944508129665
202606091426,gravity,ball,132.43333333347948,466,0.2841917024323594,0.9616362096090723,3.2215221624964894,4.893601977331514,6.1463292576688975,0.2501294950832718
202606091426,gravity,position,5.283333333343249,27,0.19567901234604626,0.038363790390927716,-3.2215221624964903,1.837900625227488,3.332204510175204,0.17871423518087326
202606091426,zero_gravity,ball,102.26666666679142,394,0.25956006768221174,0.6613494287562385,0.6693135242317088,4.637314639315867,5.978885764901122,0.2307625073622489
202606091426,zero_gravity,position,52.36666666672096,163,0.3212678936608648,0.3386505712437615,-0.6693135242317088,3.977186331335577,5.099866427824199,0.2785918010894998
202606101015,gravity,ball,114.11666666683038,503,0.22687210072928507,0.7687212304929137,1.2011046173376778,4.745946106868295,6.222576268071369,0.20446792291123492
202606101015,gravity,position,34.3333333333743,136,0.25245098039245806,0.23127876950708628,-1.2011046173376778,3.564826805445117,4.919980925828125,0.2251024157997832
202606101015,zero_gravity,ball,112.9000000001821,505,0.22356435643600417,0.7021144278609012,0.8573869667397254,4.735320870454736,6.226536669287466,0.20176820279186877
202606101015,zero_gravity,position,47.90000000003039,113,0.4238938053100034,0.29788557213909883,-0.8573869667397253,3.8897773964814477,4.736198448394496,0.3533952352861858
202606101415,gravity,ball,123.0999999999259,227,0.5422907488983519,0.9033757338552088,2.235308649951703,4.821087692209964,5.429345628954441,0.4332688104790056
202606101415,gravity,position,13.166666666655289,29,0.4540229885053548,0.09662426614479121,-2.2353086499517034,2.6508917872614584,3.4011973816621555,0.37433418951272135
202606101415,zero_gravity,ball,78.8666666666129,158,0.4991561181431196,0.6842105263156973,0.7731898882330553,4.380358577572512,5.0689042022202315,0.4049023618916232
202606101415,zero_gravity,position,36.39999999999071,41,0.8878048780485539,0.3157894736843027,-0.7731898882330549,3.621670704420238,3.7376696182833684,0.6354147138912536
202606101420,gravity,ball,121.75000000013736,447,0.27237136465355116,0.8426577459914271,1.678137485781115,4.810149766675749,6.104793232414985,0.24088237565183288
202606101420,gravity,position,22.733333333365294,80,0.2841666666670662,0.157342254008573,-1.6781374857811147,3.166880529751167,4.394449154672439,0.2501099995443352
202606101420,zero_gravity,ball,55.26666666673992,228,0.24239766081903474,0.4214539908490945,-0.316807459550629,4.030102293495049,5.43372200355424,0.21704311005841934
202606101420,zero_gravity,position,75.86666666674051,221,0.3432880844648892,0.5785460091509055,0.31680745955062906,4.3420723191678094,5.402677381872279,0.29512040270198825
202606101632,gravity,ball,126.81666666683753,565,0.2244542772864381,0.8886942303199644,2.077472132521772,4.850596945544096,6.338594078203183,0.2024952568080241
202606101632,gravity,position,15.883333333363453,86,0.18468992248097038,0.11130576968003561,-2.0774721325217715,2.8263269420283668,4.465908118654584,0.1694810715534126
202606101632,zero_gravity,ball,121.21666666683524,519,0.23355812459891181,0.7664664348192811,1.1884650922874596,4.805795425873078,6.253828811575473,0.20990277756245904
202606101632,zero_gravity,position,36.933333333381256,163,0.22658486707595862,0.2335335651807189,-1.1884650922874593,3.635830233025384,5.099866427824199,0.20423377684027638
202606111014,gravity,ball,145.51666666686222,637,0.2284406070123426,0.9360994960866175,2.6843945227452446,4.9871391876304125,6.45833828334479,0.20574556587009504
202606111014,gravity,position,9.933333333348799,47,0.2113475177308255,0.06390050391338253,-2.6843945227452446,2.3918162267234027,3.871201010907891,0.19173339097657285
202606111014,zero_gravity,ball,122.11666666684539,534,0.22868289637986028,0.803311040456088,1.407118391541208,4.813132415308089,6.282266746896006,0.20594277969998065
202606111014,zero_gravity,position,29.9000000000442,124,0.24112903225842097,0.196688959543912,-1.4071183915412078,3.4307561839051304,4.8283137373023015,0.2160214752400839
202606121012,gravity,ball,128.1166666667928,387,0.3310508182604465,0.7981518014744504,1.374782884329026,4.860716388410779,5.961005339623274,0.28596871919534694
202606121012,gravity,position,32.400000000022885,73,0.44383561643866964,0.2018481985255496,-1.374782884329026,3.5085558999833397,4.30406509320417,0.3673031949590879
202606121012,zero_gravity,ball,134.7166666668187,420,0.3207539682543302,0.7822510403561768,1.2788328745355912,4.910569379246151,6.042632833682381,0.2782027616039265
202606121012,zero_gravity,position,37.50000000003433,96,0.39062500000035766,0.2177489596438232,-1.2788328745355915,3.6506582412946305,4.574710978503383,0.32975328637272516
202606121419,gravity,ball,128.2500000001569,501,0.25598802395240894,0.9091446124763115,2.3032350767666214,4.8617485133897524,6.218600119691729,0.22792253293080975
202606121419,gravity,position,12.816666666691502,69,0.18574879227089133,0.0908553875236885,-2.303235076766621,2.625875592914992,4.248495242049359,0.17037446723899596
202606121419,zero_gravity,ball,114.66666666681908,461,0.24873463485210212,0.6832174776563836,0.7685977351483995,4.750712491280067,6.135564891081739,0.22213074648218514
202606121419,zero_gravity,position,53.16666666674263,217,0.24500768049190152,0.31678252234361637,-0.7685977351483996,3.992065713103085,5.384495062789089,0.21914169896744273
202606121603,gravity,ball,148.31666666683026,528,0.2809027777780876,0.9454951126221632,2.8534183446856813,5.006069330376573,6.270988431858299,0.24756512446692588
202606121603,gravity,position,8.550000000012941,54,0.158333333333573,0.054504887377836715,-2.8534183446856822,2.256541154493994,4.007333185232471,0.14698219034885265
202606121603,zero_gravity,ball,121.16666666682124,466,0.2600143061519769,0.79479610801354,1.3540815339409555,4.8053862326598615,6.1463292576688975,0.23112307498780002
202606121603,zero_gravity,position,31.28333333337639,126,0.248280423280765,0.20520389198646005,-1.3540815339409555,3.474551101186229,4.844187086458591,0.2217669428480281
202606131455,gravity,ball,92.28333333351476,540,0.17089506172873103,0.9536686186703286,3.0244967372208467,4.535641456671204,6.293419278846481,0.15776846636320502
202606131455,gravity,position,4.483333333343409,37,0.12117117117144348,0.046331381329671406,-3.0244967372208467,1.7017131885451087,3.6375861597263857,0.11437382750150975
202606131455,zero_gravity,ball,71.23333333346193,375,0.18995555555589846,0.6737074401009594,0.725001549620027,4.279901619875984,5.929589143389895,0.17391595815361968
202606131455,zero_gravity,position,34.50000000005025,164,0.21036585365884297,0.3262925598990406,-0.7250015496200269,3.5695326964827854,5.10594547390058,0.19092267230329982
202606151502,gravity,ball,151.9333333334878,476,0.31918767507035256,0.8259490803660763,1.5571852275972602,5.030002096588116,6.1675164908883415,0.2770161494894331
202606151502,gravity,position,32.016666666691464,68,0.470833333333698,0.1740509196339237,-1.5571852275972602,3.4970124844772013,4.23410650459726,0.38582913359155335
202606151502,zero_gravity,ball,72.4500000000836,278,0.26061151079166767,0.4769061985739013,-0.09244097775590515,4.2966049026210245,5.631211781821365,0.23159692925593528
202606151502,zero_gravity,position,79.46666666671956,158,0.5029535864982251,0.5230938014260987,0.09244097775590544,4.387843019995978,5.0689042022202315,0.40743222972065285
202606151633,gravity,ball,163.43333333347775,436,0.3748470948015545,0.9224835371589553,2.4765791923013047,5.102505219572461,6.07993319509559,0.3183425211542481
202606151633,gravity,position,13.733333333350998,58,0.23678160919570687,0.07751646284104478,-2.4765791923013043,2.690112500416742,4.07753744390572,0.21251252907334658
202606151633,zero_gravity,ball,172.35000000011797,347,0.496685878962876,0.9430916552667349,2.8077214868151192,5.155312672131713,5.8522024797744745,0.40325324972718835
202606151633,zero_gravity,position,10.400000000011573,36,0.2888888888892104,0.05690834473326512,-2.8077214868151192,2.433613355401465,3.6109179126442243,0.25378052077634905
202606151954,gravity,ball,123.60000000013463,421,0.2935866983376119,0.8238169295711788,1.5424247050507078,4.8251086063544335,6.045005314036012,0.257418746557525
202606151954,gravity,position,26.43333333336716,109,0.24250764526024918,0.17618307042882125,-1.5424247050507074,3.3117588190161475,4.700480365792417,0.21713163209667746
202606151954,zero_gravity,ball,75.03333333343238,324,0.2315843621402234,0.77607309084644,1.2429270047962753,4.3311718406235356,5.783825182329737,0.20830143979713334
202606151954,zero_gravity,position,21.650000000024306,78,0.27756410256441416,0.22392690915355992,-1.2429270047962753,3.1201598519301164,4.3694478524670215,0.24495521996945588
202606160949,gravity,ball,180.73333333348447,481,0.37574497574529,0.9458351504578848,2.8600361286844804,5.202540411155099,6.1779441140506,0.3189953849396433
202606160949,gravity,position,10.35000000001483,41,0.2524390243906056,0.05416484954211517,-2.860036128684481,2.429217743928718,3.7376696182833684,0.22509286967054823
202606160949,zero_gravity,ball,119.51666666678182,366,0.32654826958137106,0.7007035372288686,0.850650287049912,4.791788055953806,5.905361848054571,0.28258028261160845
202606160949,zero_gravity,position,51.05000000004344,138,0.3699275362321988,0.29929646277113137,-0.8506502870499121,3.9522047950618124,4.9344739331306915,0.31475784517996697
202606161430,gravity,ball,159.35000000015998,445,0.35808988764080896,0.8970726215049637,2.1651131428101174,5.077358926140161,6.100318952020064,0.30607921813949046
202606161430,gravity,position,18.283333333353482,51,0.35849673202653887,0.10292737849503626,-2.165113142810118,2.959241164972621,3.9512437185814275,0.3063787443065018
202606161430,zero_gravity,ball,157.23333333349035,459,0.3425562817723101,0.8550711501858402,1.7749417510105272,5.064070736890155,6.131226489483141,0.29457546962999975
202606161430,zero_gravity,position,26.650000000019304,60,0.4441666666669884,0.1449288498141598,-1.7749417510105272,3.3196257279690418,4.110873864173311,0.3675324539397372
202606161543,gravity,ball,124.56666666681471,400,0.31141666666703677,0.8996148290804168,2.1929522076868193,4.832836826031064,5.993961427306569,0.27110797783100926
202606161543,gravity,position,13.900000000014614,51,0.2725490196081297,0.1003851709195832,-2.1929522076868193,2.7013612129523943,3.9512437185814275,0.24102199098594373
202606161543,zero_gravity,ball,83.56666666678728,352,0.2374053030306457,0.5971891376847148,0.3937667492601417,4.437540177938553,5.8664680569332965,0.2130166897291706
202606161543,zero_gravity,position,56.36666666672386,172,0.32771317829490615,0.4028108623152851,-0.393766749260142,4.049463414550381,5.153291594497779,0.2834580475275411
202606162041,gravity,ball,129.30000000015315,508,0.25452755905541957,0.84712819392877,1.7122523323962893,4.869839484131975,6.2324480165505225,0.22675905474200686
202606162041,gravity,position,23.333333333367335,116,0.20114942528764945,0.1528718060712299,-1.7122523323962897,3.191847152481679,4.762173934797756,0.18327895275052603
202606162041,zero_gravity,ball,123.56666666681531,468,0.26403133903165665,0.8811504635131632,2.0033701047282624,4.824841047824521,6.150602768446279,0.23430608895501406
202606162041,zero_gravity,position,16.666666666691356,85,0.19607843137283948,0.11884953648683685,-2.003370104728262,2.8716796248854095,4.454347296253507,0.17904823144922832
202606171429,gravity,ball,127.86666666684789,572,0.22354312354344036,0.9185823754789487,2.4232398183934096,4.858778278107527,6.35088571671474,0.20175084933049603
202606171429,gravity,position,11.333333333346133,60,0.1888888888891022,0.08141762452105127,-2.4232398183934096,2.5123056239771526,4.110873864173311,0.17301916413182053
202606171429,zero_gravity,ball,121.3833333334909,506,0.23988801054049586,0.8608747044917222,1.8225740369576087,4.807158195230797,6.2285110035911835,0.2150210614581381
202606171429,zero_gravity,position,19.61666666669271,80,0.24520833333365885,0.13912529550827776,-1.822574036957609,3.0260998101716505,4.394449154672439,0.2193028519285333
202606171620,gravity,ball,100.31666666680826,465,0.2157347670253941,0.9901299555847848,4.6083318493241,4.618250925528019,6.144185634125646,0.19534864052998027
202606171620,gravity,position,1.0000000000029838,8,0.12500000000037298,0.009870044415215235,-4.608331849324098,0.6931471805614372,2.1972245773362196,0.11778303565671498
202606171620,zero_gravity,ball,78.68333333346385,380,0.2070614035091154,0.8400355871885896,1.6584928860744992,4.378060446405641,5.942799375126701,0.1881888136541543
202606171620,zero_gravity,position,14.98333333336069,78,0.19209401709436782,0.15996441281141036,-1.6584928860744994,2.771546512663049,4.3694478524670215,0.17571143893413013
202606181002,gravity,ball,120.18333333352723,547,0.2197135892751869,0.7886045494313881,1.3165344377088308,4.797304550429557,6.306275286948016,0.1986160682948534
202606181002,gravity,position,32.21666666670569,99,0.32542087542126963,0.2113954505686119,-1.3165344377088308,3.503051757991869,4.605170185988092,0.281730050828074
202606181002,zero_gravity,ball,100.88333333349755,464,0.21742097701184815,0.6780553377395061,0.74484922925301,4.623828367808237,6.142037405587356,0.19673466792303188
202606181002,zero_gravity,position,47.900000000063926,166,0.288554216867855,0.32194466226049384,-0.7448492292530103,3.889777396482134,5.117993812416755,0.2535208277321156
202606181422,gravity,ball,130.7833333334783,454,0.28806901615303593,0.9559020587160522,3.0762423603019107,4.881159159849926,6.12029741895095,0.25314421021634065
202606181422,gravity,position,6.03333333333876,36,0.16759259259274334,0.04409794128394782,-3.076242360301911,1.9506607518146828,3.6109179126442243,0.1549440158467833
202606181422,zero_gravity,ball,80.96666666675549,284,0.28509389671392776,0.5971727105101629,0.3936984608633925,4.406312660555121,5.652489180268651,0.25083178705030684
202606181422,zero_gravity,position,54.6166666667217,160,0.34135416666701063,0.40282728948983715,-0.3936984608633925,4.018482916530263,5.081404364984463,0.29367967581811266
202606221624,gravity,ball,137.76666666680617,475,0.29003508771959197,0.8783338646264558,1.9767460790829154,4.932793865533825,6.16541785423142,0.25466941778630275
202606221624,gravity,position,19.083333333360713,79,0.24156118143494573,0.1216661353735442,-1.9767460790829157,2.999890283704018,4.382026634673881,0.21636960500553404
202606221624,zero_gravity,ball,109.30000000011938,363,0.3011019283749845,0.7639794967381287,1.1746222725960274,4.703203926260539,5.8971538676367405,0.26321154263747343
202606221624,zero_gravity,position,33.76666666670144,118,0.28615819209069016,0.23602050326187132,-1.1746222725960271,3.5486590733396173,4.77912349311153,0.25165962920719104
202606231419,gravity,ball,100.16666666680527,450,0.2225925925929006,0.8544213818595309,1.7697082219297318,4.616769321832813,6.111467339502679,0.2009736798610245
202606231419,gravity,position,17.066666666691447,80,0.21333333333364307,0.1455786181404691,-1.769708221929732,2.8940686197788623,4.394449154672439,0.19337139298079487
202606231419,zero_gravity,ball,110.06666666680451,474,0.23220815752490404,0.8314238952536188,1.5957524593483918,4.710130621625819,6.163314804034641,0.20880780986931327
202606231419,zero_gravity,position,22.316666666704748,97,0.23006872852272936,0.16857610474638116,-1.595752459348392,3.1491684124450137,4.584967478670572,0.20707004467102066
202606241428,gravity,ball,135.61666666678497,370,0.36653153153185125,0.8669294694224773,1.8740783305704996,4.917178950431796,5.916202062607435,0.31227580078632744
202606241428,gravity,position,20.816666666696904,89,0.23389513108648205,0.13307053057752272,-1.8740783305704993,3.082674203689185,4.499809670330265,0.2101759389598547
202606241428,zero_gravity,ball,105.96666666677766,328,0.3230691056913953,0.6823352650783461,0.7645245941526563,4.672517259448739,5.796057750765372,0.27995411785135377
202606241428,zero_gravity,position,49.3333333333843,127,0.38845144356995515,0.3176647349216539,-0.7645245941526562,3.9186675481478273,4.852030263919617,0.3281890567318875
202606241623,gravity,ball,115.40000000014993,455,0.25362637362670315,0.7889699179581062,1.318727501090208,4.757032535298626,6.1224928095143865,0.2260404501493986
202606241623,gravity,position,30.866666666699587,125,0.24693333333359668,0.2110300820418938,-1.318727501090208,3.461560531390279,4.836281906951478,0.2206872036277137
202606241623,zero_gravity,ball,128.20000000017342,536,0.23917910447793547,0.7799634962481801,1.2654536601739004,4.861361591349843,6.285998094508865,0.2144491478721053
202606241623,zero_gravity,position,36.16666666672518,168,0.21527777777812607,0.22003650375182,-1.2654536601739,3.615412302233638,5.1298987149230735,0.19497267434780002
202606250958,gravity,ball,137.88333333348746,504,0.27357804232834815,0.9476517754868249,2.896069088295935,4.933634252161216,6.22455842927536,0.24183029532521133
202606250958,gravity,position,7.616666666675513,30,0.25388888888918376,0.05234822451317513,-2.8960690882959343,2.153698312287355,3.4339872044851463,0.2262498329335148
202606250958,zero_gravity,ball,109.93333333342383,260,0.4228205128208609,0.6147250698975318,0.4672179434379793,4.70892942027976,5.564520407322694,0.3526411782084081
202606250958,zero_gravity,position,68.90000000004272,132,0.5219696969700206,0.3852749301024682,-0.46721794343797896,4.247065649240376,4.890349128221754,0.42000534923473054
202606251423,gravity,ball,105.96666666684371,511,0.20737116764548671,0.9174603174603453,2.4083301500913175,4.672517259449356,6.238324625039508,0.18844540739114385
202606251423,gravity,position,9.533333333345752,63,0.15132275132294845,0.08253968253965467,-2.4083301500913183,2.354544831925936,4.1588830833596715,0.14091149992231639
202606251423,zero_gravity,ball,83.90000000014459,401,0.20922693266868975,0.6919587628866994,0.8092927018948104,4.4414740933190044,5.996452088619021,0.18998125680503558
202606251423,zero_gravity,position,37.35000000004658,157,0.2378980891722712,0.30804123711330056,-0.8092927018948104,3.6467545278144797,5.062595033026967,0.2134148519501638
202606251616,gravity,ball,103.21666666682296,457,0.22585703865825593,0.7226371061843857,0.9575804335779751,4.646472065346697,6.126869184114185,0.20364022276882693
202606251616,gravity,position,39.61666666672238,158,0.2507383966248252,0.2773628938156143,-0.957580433577975,3.7041784914044773,5.0689042022202315,0.22373409420928497
202606251616,zero_gravity,ball,111.86666666682169,511,0.21891715590376065,0.6664680766557752,0.6922536585348888,4.726207181032299,6.238324625039508,0.19796288748729005
202606251616,zero_gravity,position,55.983333333403095,222,0.25217717717749144,0.33353192334422477,-0.6922536585348888,4.0427588274184245,5.407171771460119,0.22488377798304401
202606260938,gravity,ball,103.23333333349407,492,0.2098238482388091,0.7206515415940842,0.9476957643125616,4.646631975797228,6.20050917404269,0.19047476904293126
202606260938,gravity,position,40.01666666670229,105,0.3811111111114504,0.2793484584059158,-0.9476957643125615,3.7139784881698237,4.663439094112067,0.32288832818664603
202606260938,zero_gravity,ball,94.91666666681022,462,0.20544733044764116,0.5852430377146752,0.34433449440841996,4.563479758935379,6.137727054086234,0.18685072664158872
202606260938,zero_gravity,position,67.26666666672554,173,0.3888246628134424,0.41475696228532477,-0.3443344944084199,4.223421604498106,5.159055299214529,0.32845782312848454
202606261540,gravity,ball,129.3500000001387,411,0.3147201946475394,0.8548298270734707,1.772995755791722,4.870223140380575,6.021023349349527,0.27362386325319676
202606261540,gravity,position,21.966666666689434,82,0.2678861788620663,0.1451701729265293,-1.772995755791722,3.1340438893524944,4.418840607796598,0.23735108768161375
202606261540,zero_gravity,ball,93.66666666674865,282,0.33215130023669737,0.5707901685964518,0.28507574471201036,4.550361949493962,5.645446897643238,0.2867951544337713
202606261540,zero_gravity,position,70.43333333337557,124,0.5680107526885126,0.4292098314035482,-0.2850757447120102,4.268764613812013,4.8283137373023015,0.44980777948666256
202606271424,gravity,ball,164.81666666684347,531,0.3103892027624171,0.978624443344855,3.823899899584689,5.110882760368325,6.2766434893416445,0.27032419443255173
202606271424,gravity,position,3.6000000000079515,23,0.1565217391307805,0.02137555665514499,-3.82389989958469,1.526056303496778,3.1780538303479458,0.14541699985880263
202606271424,zero_gravity,ball,103.93333333346351,373,0.2786416443256394,0.5835126789557757,0.3372101611619574,4.653325227876379,5.924255797414532,0.24579829907321038
202606271424,zero_gravity,position,74.18333333341553,224,0.3311755952384622,0.41648732104422426,-0.33721016116195734,4.3199295751873885,5.41610040220442,0.28606245801295793
202606291435,gravity,ball,111.63333333350704,550,0.2029696969700128,0.9526383160290179,3.001421763373785,4.724137705053677,6.311734809152915,0.1847932471241682
202606291435,gravity,position,5.550000000008196,37,0.1500000000002215,0.04736168397098206,-3.001421763373785,1.8794650496484118,3.6375861597263857,0.1397619423753513
202606291435,zero_gravity,ball,107.38333333348635,451,0.23810051736914933,0.7453725127255978,1.0740824676122218,4.6856743256484625,6.113682179832232,0.21357836431789642
202606291435,zero_gravity,position,36.6833333333841,137,0.2677615571779861,0.2546274872744022,-1.0740824676122218,3.6292179100572164,4.927253685157205,0.23725279194249416
202606291609,gravity,ball,124.55000000012049,417,0.2986810551561642,0.8614409221901919,1.8273096888350546,4.832704085604553,6.035481432524756,0.26134917648316713
202606291609,gravity,position,20.033333333354364,72,0.27824074074103283,0.1385590778098081,-1.8273096888350548,3.046108480880058,4.290459441148391,0.24548471125217228
202606291609,zero_gravity,ball,99.95000000010953,343,0.2913994169099403,0.70894904835083,0.8902853164239222,4.614625344759931,5.840641657373398,0.2557264496923487
202606291609,zero_gravity,position,41.033333333386054,149,0.2753914988817856,0.2910509516491701,-0.8902853164239218,3.7384629543040186,5.0106352940962555,0.2432531894242448
202606301005,gravity,ball,61.33333333343904,337,0.1819980217609467,0.8489042675893698,1.7260327955275772,4.132496328188173,5.823045895483019,0.16720624534540499
202606301005,gravity,position,10.91666666668709,74,0.14752252252279852,0.1510957324106302,-1.7260327955275772,2.477937980473621,4.31748811353631,0.13760529023079526
202606301005,zero_gravity,ball,91.2166666668025,421,0.2166666666669893,0.7660974244120963,1.1864046625485367,4.524140880677482,6.045005314036012,0.19611487892655563
202606301005,zero_gravity,position,27.85000000004112,120,0.232083333333676,0.23390257558790367,-1.1864046625485372,3.362109992955534,4.795790545596741,0.20870650351671835
202606301410,gravity,ball,115.46666666681563,470,0.24567375886556517,0.925955626837703,2.5261617634943914,4.7576051090331255,6.154858094016418,0.21967655531560284
202606301410,gravity,position,9.233333333350743,43,0.2147286821709475,0.07404437316229691,-2.526161763494392,2.325650365926743,3.784189633918261,0.19452074500063632
202606301410,zero_gravity,ball,61.08333333342773,283,0.2158421672559284,0.668917685708983,0.7032939836452726,4.1284775685930795,5.648974238161206,0.19543697845512664
202606301410,zero_gravity,position,30.233333333392068,160,0.18895833333370043,0.331082314291017,-0.7032939836452727,3.4414859005781473,5.081404364984463,0.17307757364103454
202606301635,gravity,ball,143.66666666685876,574,0.2502903600467923,0.939202440618839,2.737481401275863,4.974432245433623,6.354370040797351,0.22337581237695459
202606301635,gravity,position,9.30000000001769,53,0.17547169811354132,0.06079755938116105,-2.737481401275863,2.3321438952373077,3.9889840465642745,0.16166951224156959
202606301635,zero_gravity,ball,140.35000000015765,525,0.2673333333336336,0.9430011198208057,2.806035848479042,4.951239084140715,6.26530121273771,0.23691495539836468
202606301635,zero_gravity,position,8.48333333334648,43,0.19728682170573208,0.05699888017919425,-2.806035848479043,2.2495358719056164,3.784189633918261,0.18005801500317395
202607011009,gravity,ball,118.7333333334627,390,0.30444444444477614,0.9000631711938897,2.1979266766413885,4.785267047761015,5.968707559985366,0.26577723706398526
202607011009,gravity,position,13.183333333354426,60,0.21972222222257376,0.09993682880611035,-2.197926676641388,2.6520675663527604,4.110873864173311,0.19862314611780427
202607011009,zero_gravity,ball,121.83333333346434,394,0.3092216582067623,0.7616963634469327,1.1620023587211654,4.810828422962348,5.978885764901122,0.2694328065929616
202607011009,zero_gravity,position,38.116666666703,128,0.29778645833361717,0.23830363655306733,-1.1620023587211652,3.6665486336298514,4.859812404361672,0.2606600888259571
202607011417,gravity,ball,137.45000000016984,487,0.28223819301882924,0.8691116029086841,1.8931265143403972,4.930509249618198,6.1903154058531475,0.24860713922677632
202607011417,gravity,position,20.700000000015933,67,0.30895522388083485,0.13088839709131594,-1.8931265143403972,3.077312260547148,4.219507705176107,0.269229279987353
202607011417,zero_gravity,ball,99.91666666677821,345,0.28961352657037165,0.631384939441909,0.5381628199845285,4.614295093766197,5.846438775057725,0.2543425816810769
202607011417,zero_gravity,position,58.333333333374014,130,0.44871794871826165,0.368615060558091,-0.5381628199845284,4.083171261624661,4.875197323201151,0.37067899202296484
202607011950,gravity,ball,123.50000000017963,525,0.2352380952384374,0.87921214997628,1.9849905211797632,4.824305715906205,6.26530121273771,0.2112637411651518
202607011950,gravity,position,16.96666666668966,75,0.22622222222252883,0.12078785002371989,-1.9849905211797638,2.8885181892481215,4.330733340286331,0.2039380790190703
202607011950,zero_gravity,ball,138.13333333352927,550,0.2511515151518714,0.7876080965504332,1.3105674574517134,4.935432705976399,6.311734809152915,0.22406433938023051
202607011950,zero_gravity,position,37.25000000004843,155,0.24032258064547374,0.21239190344956682,-1.3105674574517134,3.644143560273811,5.049856007249537,0.21537149146675866
202607021616,gravity,ball,143.6166666668355,559,0.2569171138941601,0.8290359822974434,1.5788104470848616,4.974086563572556,6.327936783729195,0.22866198781121355
202607021616,gravity,position,29.616666666708994,123,0.24078590785942272,0.17096401770255662,-1.578810447084862,3.4215445229944073,4.820281565605037,0.2157449755134913
202607021616,zero_gravity,ball,98.21666666679806,398,0.24677554438893987,0.6235319013861438,0.5045666166123334,4.597306010932614,5.988961416889864,0.22056065401618768
202607021616,zero_gravity,position,59.30000000006743,210,0.2823809523812735,0.37646809861385616,-0.5045666166123336,4.099332103734258,5.351858133476067,0.24871846910033493
202607031029,gravity,ball,149.13333333350977,534,0.27927590511893213,0.8605501057895554,1.8198664871952372,5.011523788158546,6.282266746896006,0.24629421873757126
202607031029,gravity,position,24.1666666666992,95,0.25438596491262316,0.13944989421044465,-1.819866487195237,3.225520367588162,4.564348191467836,0.22664618186568483
202607031029,zero_gravity,ball,169.78333333355368,641,0.2648725949041399,0.8574915824915901,1.794610294456993,5.140395696578907,6.464588303689961,0.23497140161653943
202607031029,zero_gravity,position,28.216666666701542,85,0.3319607843141358,0.14250841750840995,-1.794610294456993,3.3747393227003273,4.454347296253507,0.2866521304791928
202607031621,gravity,ball,159.2500000001232,393,0.4052162849875909,0.8925735637552498,2.1173026353170274,5.076735095801548,5.976350909297934,0.34019123043118843
202607031621,gravity,position,19.16666666668246,45,0.42592592592627687,0.10742643624475028,-2.1173026353170274,3.0040310763694693,3.828641396489095,0.35482137528965557
202607031621,zero_gravity,ball,110.81666666679058,355,0.3121596244134946,0.6048394432822007,0.4256708847891528,4.716860625341895,5.87493073085203,0.2716743480706275
202607031621,zero_gravity,position,72.40000000004699,141,0.5134751773052978,0.39516055671779926,-0.4256708847891528,4.29592393562111,4.955827057601261,0.4144084484897049
202607061414,gravity,ball,136.78333333351713,527,0.2595509171413987,0.902463162524747,2.224897745320194,4.925682403031909,6.269096283706261,0.23075524246533233
202607061414,gravity,position,14.783333333352289,62,0.23844086021535948,0.09753683747525299,-2.224897745320194,2.7589545309651786,4.143134726391533,0.2138532176689716
202607061414,zero_gravity,ball,104.61666666678576,350,0.2989047619051022,0.7578172159846095,1.1407494697959932,4.659816187102544,5.860786223465865,0.26152141853039557
202607061414,zero_gravity,position,33.43333333335994,82,0.4077235772360968,0.24218278401539045,-1.1407494697959935,3.539025087458256,4.418840607796598,0.34197391547624395
202607061659,gravity,ball,116.75000000018125,529,0.22069943289259214,0.9148491576335261,2.374334896844303,4.768563732898066,6.272877006546167,0.19942400011793115
202607061659,gravity,position,10.866666666685175,63,0.17248677248706626,0.0851508423664738,-2.374334896844304,2.4737333491914346,4.1588830833596715,0.15912693981373693
202607061659,zero_gravity,ball,106.30000000013877,394,0.269796954315073,0.7000329272308159,0.847454661641916,4.675628649637946,5.978885764901122,0.2388570091965029
202607061659,zero_gravity,position,45.55000000006032,179,0.25446927374335376,0.29996707276918405,-0.8474546616419161,3.8405270037243717,5.19295685089021,0.2267125936932607
202607061949,gravity,ball,132.18333333350455,541,0.24433148490481432,0.8419320594479387,1.6726743773989776,4.891726625153647,6.295266001439646,0.21859842578625627
202607061949,gravity,position,24.81666666670708,119,0.20854341736728638,0.15806794055206133,-1.6726743773989774,3.251020278196333,4.787491742782046,0.18941584717495843
202607061949,zero_gravity,ball,103.05000000013268,425,0.24247058823560633,0.6569971310169211,0.6499408401688448,4.644871552840919,6.054439346269371,0.2171018072683179
202607061949,zero_gravity,position,53.80000000006305,203,0.2650246305421825,0.3430028689830788,-0.649940840168845,4.00369019395512,5.318119993844216,0.23509159277426428
202607071009,gravity,ball,101.81666666682088,441,0.23087679516285914,0.6922379603400871,0.8106028839718551,4.632947466989038,6.091309882077698,0.20772675702925353
202607071009,gravity,position,45.26666666670468,121,0.37410468319590645,0.3077620396599129,-0.810602883971855,3.834421759405416,4.804021044733257,0.31780237954125923
202607071009,zero_gravity,ball,64.15000000012026,368,0.17432065217423984,0.5882622650161774,0.35678629631397235,4.1766923035727,5.910796644040527,0.16068981202999455
202607071009,zero_gravity,position,44.90000000006012,162,0.2771604938275316,0.41173773498382255,-0.3567862963139727,3.826465117067809,5.093750200806762,0.24463924951940386
