respondent_id,completion_time_seconds,q01_original_q02_rules_understanding,q02_original_q02_task_engagement,q03_original_q02_non_target_ball_attention,q04_original_q02_ball_size_attention,q05_original_q03_harder_condition,q06_original_q04_response_strategy,q07_original_q13_gravity_understanding,q08_original_q14_zero_gravity_understanding,q09_original_q15_judgment_basis,q10_original_q16_perceived_motion,q11_original_q17_post_confidence_adjustment,q12_original_q18_confidence_seriousness
P001,272,Somewhat matches,Somewhat matches,Somewhat does not match,Neutral,Zero gravity,Answer quickly but risk errors,3D motion after collision with downward gravitational acceleration; downward gravity should be considered,3D motion after collision under zero or microgravity; downward gravity need not be considered,Pre-collision direction and speed|Downward gravity or acceleration|Post-collision motion trend,"I clearly felt that the balls in the gravity condition were affected by downward gravity, whereas the balls in the zero-gravity condition were not",Rarely,Often
P002,6576,Strongly matches,Strongly matches,Somewhat matches,Strongly matches,Zero gravity,Answer quickly but risk errors,3D motion after collision under zero or microgravity; downward gravity need not be considered,3D motion after collision with downward gravitational acceleration; downward gravity should be considered,Downward gravity or acceleration|Post-collision motion trend|Relationship between the two ball sizes,"I felt that the motion rules differed between the two conditions, but I was unsure whether the difference came from gravity",Sometimes,Sometimes
P003,5555,Somewhat does not match,Somewhat matches,Somewhat does not match,Somewhat matches,Zero gravity,Take more time to ensure accuracy,3D motion after collision with downward gravitational acceleration; downward gravity should be considered,3D motion after collision under zero or microgravity; downward gravity need not be considered,Downward gravity or acceleration|Post-collision motion trend|Relationship between the two ball sizes,"I clearly felt that the balls in the gravity condition were affected by downward gravity, whereas the balls in the zero-gravity condition were not",Sometimes,Often
P004,271,Strongly matches,Somewhat matches,Neutral,Somewhat matches,Gravity,Take more time to ensure accuracy,3D motion after collision with downward gravitational acceleration; downward gravity should be considered,"2D plane motion after collision, like billiards",Post-collision motion trend|Candidate landing positions and distance|Relationship between the two ball sizes,"I clearly felt that the balls in the gravity condition were affected by downward gravity, whereas the balls in the zero-gravity condition were not",Rarely,Often
P005,229,Neutral,Somewhat does not match,Somewhat matches,Somewhat matches,Zero gravity,Answer quickly but risk errors,3D motion after collision with downward gravitational acceleration; downward gravity should be considered,3D motion after collision under zero or microgravity; downward gravity need not be considered,Pre-collision direction and speed|Downward gravity or acceleration|Relationship between the two ball sizes,"I clearly felt that the balls in the gravity condition were affected by downward gravity, whereas the balls in the zero-gravity condition were not",Often,Often
P006,342,Somewhat matches,Somewhat matches,Neutral,Strongly matches,Gravity,Answer quickly but risk errors,3D motion after collision with downward gravitational acceleration; downward gravity should be considered,"2D plane motion after collision, like billiards",Pre-collision direction and speed|Downward gravity or acceleration|Candidate landing positions and distance,"I clearly felt that the balls in the gravity condition were affected by downward gravity, whereas the balls in the zero-gravity condition were not",Sometimes,Often
P007,3010,Neutral,Neutral,Somewhat does not match,Somewhat matches,Gravity,Answer quickly but risk errors,3D motion after collision with downward gravitational acceleration; downward gravity should be considered,3D motion after collision under zero or microgravity; downward gravity need not be considered,Downward gravity or acceleration|Post-collision motion trend|Candidate landing positions and distance,"I clearly felt that the balls in the gravity condition were affected by downward gravity, whereas the balls in the zero-gravity condition were not",Sometimes,Often
P008,4471,Somewhat matches,Strongly matches,Somewhat matches,Strongly matches,Gravity,Take more time to ensure accuracy,"2D plane motion after collision, like billiards",Abstract motion unrelated to a physical scene,Post-collision motion trend|Candidate landing positions and distance,I thought the balls in both conditions were affected by gravity,Often,Almost every time
P009,5808,Neutral,Somewhat matches,Somewhat does not match,Strongly matches,Zero gravity,Answer quickly but risk errors,3D motion after collision with downward gravitational acceleration; downward gravity should be considered,3D motion after collision under zero or microgravity; downward gravity need not be considered,Pre-collision direction and speed|Downward gravity or acceleration|Relationship between the two ball sizes,"I clearly felt that the balls in the gravity condition were affected by downward gravity, whereas the balls in the zero-gravity condition were not",Often,Almost every time
P010,276,Somewhat matches,Neutral,Somewhat does not match,Strongly matches,Zero gravity,Answer quickly but risk errors,3D motion after collision with downward gravitational acceleration; downward gravity should be considered,3D motion after collision under zero or microgravity; downward gravity need not be considered,Pre-collision direction and speed|Downward gravity or acceleration|Relationship between the two ball sizes,"I clearly felt that the balls in the gravity condition were affected by downward gravity, whereas the balls in the zero-gravity condition were not",Rarely,Almost every time
P011,4573,Strongly matches,Strongly matches,Strongly does not match,Strongly matches,Zero gravity,Answer quickly but risk errors,3D motion after collision with downward gravitational acceleration; downward gravity should be considered,3D motion after collision under zero or microgravity; downward gravity need not be considered,Pre-collision direction and speed|Post-collision motion trend|Relationship between the two ball sizes,"I clearly felt that the balls in the gravity condition were affected by downward gravity, whereas the balls in the zero-gravity condition were not",Rarely,Almost every time
P012,339,Neutral,Neutral,Somewhat does not match,Strongly matches,Zero gravity,Answer quickly but risk errors,3D motion after collision with downward gravitational acceleration; downward gravity should be considered,3D motion after collision under zero or microgravity; downward gravity need not be considered,Pre-collision direction and speed|Relationship between the two ball sizes|Patterns or experience from previous trials,"I clearly felt that the balls in the gravity condition were affected by downward gravity, whereas the balls in the zero-gravity condition were not",Often,Sometimes
P013,4718,Strongly matches,Strongly matches,Strongly does not match,Somewhat matches,Gravity,Answer quickly but risk errors,3D motion after collision with downward gravitational acceleration; downward gravity should be considered,3D motion after collision under zero or microgravity; downward gravity need not be considered,Pre-collision direction and speed|Downward gravity or acceleration|Post-collision motion trend,"I clearly felt that the balls in the gravity condition were affected by downward gravity, whereas the balls in the zero-gravity condition were not",Rarely,Often
P014,205,Somewhat does not match,Neutral,Neutral,Neutral,Zero gravity,Answer quickly but risk errors,3D motion after collision with downward gravitational acceleration; downward gravity should be considered,Abstract motion unrelated to a physical scene,Relationship between the two ball sizes|Intuition or guess,"I clearly felt that the balls in the gravity condition were affected by downward gravity, whereas the balls in the zero-gravity condition were not",Rarely,Often
P015,188,Neutral,Neutral,Neutral,Neutral,Gravity,Answer quickly but risk errors,3D motion after collision with downward gravitational acceleration; downward gravity should be considered,3D motion after collision with downward gravitational acceleration; downward gravity should be considered,Pre-collision direction and speed|Post-collision motion trend|Relationship between the two ball sizes,"I clearly felt that the balls in the gravity condition were affected by downward gravity, whereas the balls in the zero-gravity condition were not",Rarely,Often
P016,4403,Somewhat matches,Somewhat matches,Strongly matches,Strongly matches,Zero gravity,Answer quickly but risk errors,3D motion after collision with downward gravitational acceleration; downward gravity should be considered,3D motion after collision under zero or microgravity; downward gravity need not be considered,Post-collision motion trend|Relationship between the two ball sizes,"I clearly felt that the balls in the gravity condition were affected by downward gravity, whereas the balls in the zero-gravity condition were not",Rarely,Almost every time
P017,4583,Neutral,Neutral,Somewhat does not match,Strongly matches,Zero gravity,Take more time to ensure accuracy,3D motion after collision with downward gravitational acceleration; downward gravity should be considered,Abstract motion unrelated to a physical scene,Downward gravity or acceleration|Post-collision motion trend|Relationship between the two ball sizes,"I felt that the motion rules differed between the two conditions, but I was unsure whether the difference came from gravity",Sometimes,Often
P018,331,Somewhat does not match,Somewhat matches,Neutral,Somewhat matches,Zero gravity,Answer quickly but risk errors,3D motion after collision with downward gravitational acceleration; downward gravity should be considered,3D motion after collision under zero or microgravity; downward gravity need not be considered,Downward gravity or acceleration|Candidate landing positions and distance,"I clearly felt that the balls in the gravity condition were affected by downward gravity, whereas the balls in the zero-gravity condition were not",Rarely,Sometimes
P019,380,Strongly matches,Strongly matches,Strongly does not match,Somewhat matches,Zero gravity,Answer quickly but risk errors,3D motion after collision with downward gravitational acceleration; downward gravity should be considered,3D motion after collision under zero or microgravity; downward gravity need not be considered,Downward gravity or acceleration|Post-collision motion trend|Relationship between the two ball sizes,"I clearly felt that the balls in the gravity condition were affected by downward gravity, whereas the balls in the zero-gravity condition were not",Rarely,Almost every time
P020,816,Somewhat matches,Somewhat matches,Somewhat matches,Somewhat does not match,Zero gravity,Answer quickly but risk errors,3D motion after collision with downward gravitational acceleration; downward gravity should be considered,3D motion after collision under zero or microgravity; downward gravity need not be considered,Pre-collision direction and speed|Post-collision motion trend|Patterns or experience from previous trials,"I clearly felt that the balls in the gravity condition were affected by downward gravity, whereas the balls in the zero-gravity condition were not",Sometimes,Almost every time
P021,3570,Neutral,Somewhat matches,Strongly does not match,Somewhat matches,Zero gravity,Answer quickly but risk errors,"2D plane motion after collision, like billiards",Abstract motion unrelated to a physical scene,Downward gravity or acceleration|Candidate landing positions and distance|Relationship between the two ball sizes,"I clearly felt that the balls in the gravity condition were affected by downward gravity, whereas the balls in the zero-gravity condition were not",Sometimes,Often
P022,235,Neutral,Neutral,Neutral,Somewhat matches,Zero gravity,Answer quickly but risk errors,3D motion after collision with downward gravitational acceleration; downward gravity should be considered,3D motion after collision under zero or microgravity; downward gravity need not be considered,Candidate landing positions and distance|Relationship between the two ball sizes,"I clearly felt that the balls in the gravity condition were affected by downward gravity, whereas the balls in the zero-gravity condition were not",Often,Sometimes
P023,4779,Neutral,Somewhat matches,Somewhat does not match,Somewhat matches,Zero gravity,Answer quickly but risk errors,3D motion after collision with downward gravitational acceleration; downward gravity should be considered,3D motion after collision under zero or microgravity; downward gravity need not be considered,Pre-collision direction and speed|Candidate landing positions and distance|Relationship between the two ball sizes,"I clearly felt that the balls in the gravity condition were affected by downward gravity, whereas the balls in the zero-gravity condition were not",Sometimes,Often
P024,382,Somewhat does not match,Strongly matches,Somewhat does not match,Strongly matches,Zero gravity,Answer quickly but risk errors,3D motion after collision under zero or microgravity; downward gravity need not be considered,3D motion after collision under zero or microgravity; downward gravity need not be considered,Post-collision motion trend|Candidate landing positions and distance|Relationship between the two ball sizes,I thought the balls in neither condition were affected by gravity,Often,Almost every time
P025,277,Strongly does not match,Somewhat does not match,Strongly does not match,Strongly matches,Zero gravity,Answer quickly but risk errors,3D motion after collision with downward gravitational acceleration; downward gravity should be considered,"2D plane motion after collision, like billiards",Post-collision motion trend|Relationship between the two ball sizes|Intuition or guess,"I clearly felt that the balls in the gravity condition were affected by downward gravity, whereas the balls in the zero-gravity condition were not",Never,Often
P026,239,Somewhat matches,Somewhat matches,Somewhat does not match,Somewhat matches,Zero gravity,Answer quickly but risk errors,3D motion after collision with downward gravitational acceleration; downward gravity should be considered,3D motion after collision under zero or microgravity; downward gravity need not be considered,Downward gravity or acceleration,"I clearly felt that the balls in the gravity condition were affected by downward gravity, whereas the balls in the zero-gravity condition were not",Sometimes,Often
P027,618,Somewhat matches,Somewhat matches,Neutral,Somewhat matches,Zero gravity,Answer quickly but risk errors,3D motion after collision with downward gravitational acceleration; downward gravity should be considered,"2D plane motion after collision, like billiards",Pre-collision direction and speed|Relationship between the two ball sizes,"I clearly felt that the balls in the gravity condition were affected by downward gravity, whereas the balls in the zero-gravity condition were not",Sometimes,Often
P028,301,Neutral,Somewhat matches,Neutral,Somewhat matches,Zero gravity,Answer quickly but risk errors,3D motion after collision with downward gravitational acceleration; downward gravity should be considered,"2D plane motion after collision, like billiards",Post-collision motion trend|Relationship between the two ball sizes,"I clearly felt that the balls in the gravity condition were affected by downward gravity, whereas the balls in the zero-gravity condition were not",Sometimes,Often
P029,188,Somewhat matches,Somewhat matches,Somewhat does not match,Strongly matches,Gravity,Answer quickly but risk errors,3D motion after collision with downward gravitational acceleration; downward gravity should be considered,3D motion after collision under zero or microgravity; downward gravity need not be considered,Downward gravity or acceleration|Candidate landing positions and distance|Relationship between the two ball sizes,"I clearly felt that the balls in the gravity condition were affected by downward gravity, whereas the balls in the zero-gravity condition were not",Never,Almost every time
P030,371,Somewhat matches,Somewhat matches,Neutral,Strongly matches,Zero gravity,Take more time to ensure accuracy,3D motion after collision with downward gravitational acceleration; downward gravity should be considered,3D motion after collision under zero or microgravity; downward gravity need not be considered,Pre-collision direction and speed|Post-collision motion trend|Relationship between the two ball sizes,"I clearly felt that the balls in the gravity condition were affected by downward gravity, whereas the balls in the zero-gravity condition were not",Rarely,Often
P031,253,Strongly does not match,Neutral,Strongly does not match,Strongly matches,Gravity,Answer quickly but risk errors,3D motion after collision with downward gravitational acceleration; downward gravity should be considered,3D motion after collision under zero or microgravity; downward gravity need not be considered,Downward gravity or acceleration|Candidate landing positions and distance|Relationship between the two ball sizes,"I clearly felt that the balls in the gravity condition were affected by downward gravity, whereas the balls in the zero-gravity condition were not",Sometimes,Often
P032,390,Somewhat matches,Somewhat matches,Neutral,Strongly matches,Zero gravity,Take more time to ensure accuracy,3D motion after collision with downward gravitational acceleration; downward gravity should be considered,3D motion after collision under zero or microgravity; downward gravity need not be considered,Pre-collision direction and speed|Relationship between the two ball sizes,"I clearly felt that the balls in the gravity condition were affected by downward gravity, whereas the balls in the zero-gravity condition were not",Often,Often
P033,230,Somewhat matches,Somewhat matches,Neutral,Strongly matches,Zero gravity,Answer quickly but risk errors,3D motion after collision with downward gravitational acceleration; downward gravity should be considered,3D motion after collision under zero or microgravity; downward gravity need not be considered,Pre-collision direction and speed|Post-collision motion trend|Relationship between the two ball sizes,"I clearly felt that the balls in the gravity condition were affected by downward gravity, whereas the balls in the zero-gravity condition were not",Often,Often
P034,215,Strongly does not match,Neutral,Somewhat does not match,Somewhat does not match,Zero gravity,Answer quickly but risk errors,3D motion after collision with downward gravitational acceleration; downward gravity should be considered,3D motion after collision under zero or microgravity; downward gravity need not be considered,Patterns or experience from previous trials,"I clearly felt that the balls in the gravity condition were affected by downward gravity, whereas the balls in the zero-gravity condition were not",Rarely,Sometimes
P035,614,Strongly matches,Strongly matches,Somewhat matches,Neutral,Gravity,Take more time to ensure accuracy,3D motion after collision with downward gravitational acceleration; downward gravity should be considered,3D motion after collision under zero or microgravity; downward gravity need not be considered,Pre-collision direction and speed|Candidate landing positions and distance|Relationship between the two ball sizes,"I clearly felt that the balls in the gravity condition were affected by downward gravity, whereas the balls in the zero-gravity condition were not",Sometimes,Often
P036,291,Strongly matches,Somewhat matches,Somewhat matches,Somewhat matches,Gravity,Take more time to ensure accuracy,3D motion after collision with downward gravitational acceleration; downward gravity should be considered,3D motion after collision under zero or microgravity; downward gravity need not be considered,Candidate landing positions and distance|Relationship between the two ball sizes|Patterns or experience from previous trials,"I clearly felt that the balls in the gravity condition were affected by downward gravity, whereas the balls in the zero-gravity condition were not",Often,Often
P037,394,Somewhat matches,Somewhat matches,Somewhat does not match,Somewhat does not match,Zero gravity,Answer quickly but risk errors,3D motion after collision with downward gravitational acceleration; downward gravity should be considered,3D motion after collision under zero or microgravity; downward gravity need not be considered,Pre-collision direction and speed|Post-collision motion trend|Candidate landing positions and distance,I did not clearly perceive different motion rules between the two conditions,Never,Often
P038,257,Strongly matches,Strongly matches,Somewhat matches,Strongly matches,Zero gravity,Answer quickly but risk errors,3D motion after collision with downward gravitational acceleration; downward gravity should be considered,Abstract motion unrelated to a physical scene,Pre-collision direction and speed|Post-collision motion trend,"I felt that the motion rules differed between the two conditions, but I was unsure whether the difference came from gravity",Sometimes,Often
P039,278,Somewhat does not match,Neutral,Somewhat matches,Strongly matches,Zero gravity,Answer quickly but risk errors,"2D plane motion after collision, like billiards","2D plane motion after collision, like billiards",Pre-collision direction and speed|Relationship between the two ball sizes,"I clearly felt that the balls in the gravity condition were affected by downward gravity, whereas the balls in the zero-gravity condition were not",Sometimes,Almost every time
P040,344,Neutral,Neutral,Somewhat matches,Strongly matches,Zero gravity,Answer quickly but risk errors,3D motion after collision with downward gravitational acceleration; downward gravity should be considered,3D motion after collision under zero or microgravity; downward gravity need not be considered,Pre-collision direction and speed|Downward gravity or acceleration|Relationship between the two ball sizes,"I clearly felt that the balls in the gravity condition were affected by downward gravity, whereas the balls in the zero-gravity condition were not",Often,Often
P041,282,Somewhat does not match,Somewhat matches,Neutral,Somewhat matches,Zero gravity,Take more time to ensure accuracy,"2D plane motion after collision, like billiards",3D motion after collision under zero or microgravity; downward gravity need not be considered,Pre-collision direction and speed|Relationship between the two ball sizes,"I felt that the motion rules differed between the two conditions, but I was unsure whether the difference came from gravity",Often,Almost every time
P042,417,Strongly does not match,Strongly does not match,Strongly does not match,Strongly does not match,Zero gravity,Answer quickly but risk errors,3D motion after collision with downward gravitational acceleration; downward gravity should be considered,3D motion after collision under zero or microgravity; downward gravity need not be considered,Downward gravity or acceleration|Post-collision motion trend|Relationship between the two ball sizes,"I clearly felt that the balls in the gravity condition were affected by downward gravity, whereas the balls in the zero-gravity condition were not",Often,Often
P043,205,Somewhat matches,Somewhat matches,Somewhat does not match,Somewhat matches,Zero gravity,Answer quickly but risk errors,3D motion after collision with downward gravitational acceleration; downward gravity should be considered,3D motion after collision under zero or microgravity; downward gravity need not be considered,Pre-collision direction and speed|Post-collision motion trend|Relationship between the two ball sizes,"I clearly felt that the balls in the gravity condition were affected by downward gravity, whereas the balls in the zero-gravity condition were not",Often,Almost every time
P044,192,Somewhat matches,Somewhat matches,Somewhat matches,Somewhat matches,Zero gravity,Answer quickly but risk errors,3D motion after collision with downward gravitational acceleration; downward gravity should be considered,"2D plane motion after collision, like billiards",Pre-collision direction and speed,"I clearly felt that the balls in the gravity condition were affected by downward gravity, whereas the balls in the zero-gravity condition were not",Sometimes,Sometimes
P045,343,Strongly matches,Strongly matches,Somewhat does not match,Somewhat matches,Zero gravity,Take more time to ensure accuracy,3D motion after collision with downward gravitational acceleration; downward gravity should be considered,"2D plane motion after collision, like billiards",Pre-collision direction and speed|Post-collision motion trend|Candidate landing positions and distance,"I clearly felt that the balls in the gravity condition were affected by downward gravity, whereas the balls in the zero-gravity condition were not",Rarely,Almost every time
P046,651,Somewhat matches,Strongly matches,Somewhat does not match,Strongly matches,Zero gravity,Answer quickly but risk errors,3D motion after collision with downward gravitational acceleration; downward gravity should be considered,3D motion after collision under zero or microgravity; downward gravity need not be considered,Downward gravity or acceleration|Relationship between the two ball sizes|Patterns or experience from previous trials,"I clearly felt that the balls in the gravity condition were affected by downward gravity, whereas the balls in the zero-gravity condition were not",Often,Almost every time
P047,252,Neutral,Neutral,Somewhat matches,Neutral,Gravity,Answer quickly but risk errors,Abstract motion unrelated to a physical scene,Abstract motion unrelated to a physical scene,Downward gravity or acceleration|Post-collision motion trend|Candidate landing positions and distance,I did not clearly perceive different motion rules between the two conditions,Rarely,Often
P048,171,Neutral,Neutral,Neutral,Neutral,Zero gravity,Answer quickly but risk errors,3D motion after collision with downward gravitational acceleration; downward gravity should be considered,3D motion after collision under zero or microgravity; downward gravity need not be considered,Intuition or guess,"I clearly felt that the balls in the gravity condition were affected by downward gravity, whereas the balls in the zero-gravity condition were not",Never,Sometimes
P049,3891,Somewhat matches,Somewhat matches,Neutral,Somewhat matches,Gravity,Answer quickly but risk errors,3D motion after collision with downward gravitational acceleration; downward gravity should be considered,3D motion after collision under zero or microgravity; downward gravity need not be considered,Pre-collision direction and speed|Relationship between the two ball sizes|Intuition or guess,"I felt that the motion rules differed between the two conditions, but I was unsure whether the difference came from gravity",Rarely,Often
P050,230,Neutral,Somewhat matches,Neutral,Strongly matches,Zero gravity,Take more time to ensure accuracy,3D motion after collision with downward gravitational acceleration; downward gravity should be considered,"2D plane motion after collision, like billiards",Downward gravity or acceleration|Relationship between the two ball sizes,"I clearly felt that the balls in the gravity condition were affected by downward gravity, whereas the balls in the zero-gravity condition were not",Never,Almost every time
P051,758,Somewhat matches,Somewhat matches,Somewhat does not match,Somewhat matches,Zero gravity,Take more time to ensure accuracy,3D motion after collision with downward gravitational acceleration; downward gravity should be considered,3D motion after collision under zero or microgravity; downward gravity need not be considered,Pre-collision direction and speed|Downward gravity or acceleration|Relationship between the two ball sizes,"I felt that the motion rules differed between the two conditions, but I was unsure whether the difference came from gravity",Sometimes,Often
P052,466,Strongly matches,Strongly matches,Neutral,Somewhat matches,Zero gravity,Take more time to ensure accuracy,3D motion after collision with downward gravitational acceleration; downward gravity should be considered,3D motion after collision under zero or microgravity; downward gravity need not be considered,Pre-collision direction and speed|Downward gravity or acceleration|Relationship between the two ball sizes,"I felt that the motion rules differed between the two conditions, but I was unsure whether the difference came from gravity",Almost every time,Often
P053,3993,Neutral,Strongly matches,Neutral,Somewhat matches,Gravity,Take more time to ensure accuracy,3D motion after collision under zero or microgravity; downward gravity need not be considered,3D motion after collision under zero or microgravity; downward gravity need not be considered,Post-collision motion trend|Whether post-collision motion remained approximately constant-speed|Relationship between the two ball sizes,"I felt that the motion rules differed between the two conditions, but I was unsure whether the difference came from gravity",Rarely,Rarely
P054,200,Strongly matches,Strongly matches,Neutral,Strongly matches,Zero gravity,Answer quickly but risk errors,3D motion after collision with downward gravitational acceleration; downward gravity should be considered,"2D plane motion after collision, like billiards",Pre-collision direction and speed|Candidate landing positions and distance|Relationship between the two ball sizes,"I clearly felt that the balls in the gravity condition were affected by downward gravity, whereas the balls in the zero-gravity condition were not",Rarely,Almost every time
P055,313,Somewhat matches,Somewhat matches,Neutral,Somewhat matches,Gravity,Answer quickly but risk errors,3D motion after collision with downward gravitational acceleration; downward gravity should be considered,3D motion after collision under zero or microgravity; downward gravity need not be considered,Pre-collision direction and speed|Post-collision motion trend|Relationship between the two ball sizes,"I clearly felt that the balls in the gravity condition were affected by downward gravity, whereas the balls in the zero-gravity condition were not",Often,Almost every time
P056,236,Somewhat matches,Somewhat matches,Somewhat does not match,Strongly matches,Zero gravity,Answer quickly but risk errors,3D motion after collision with downward gravitational acceleration; downward gravity should be considered,Abstract motion unrelated to a physical scene,Pre-collision direction and speed|Downward gravity or acceleration|Relationship between the two ball sizes,I did not clearly perceive different motion rules between the two conditions,Never,Often
P057,562,Strongly matches,Strongly matches,Somewhat does not match,Strongly matches,Zero gravity,Answer quickly but risk errors,3D motion after collision with downward gravitational acceleration; downward gravity should be considered,3D motion after collision under zero or microgravity; downward gravity need not be considered,Downward gravity or acceleration|Relationship between the two ball sizes|Patterns or experience from previous trials,I thought the balls in neither condition were affected by gravity,Never,Almost every time
P058,195,Strongly matches,Somewhat matches,Somewhat matches,Somewhat matches,Zero gravity,Answer quickly but risk errors,3D motion after collision with downward gravitational acceleration; downward gravity should be considered,3D motion after collision under zero or microgravity; downward gravity need not be considered,Downward gravity or acceleration|Candidate landing positions and distance|Relationship between the two ball sizes,"I clearly felt that the balls in the gravity condition were affected by downward gravity, whereas the balls in the zero-gravity condition were not",Rarely,Often
P059,199,Somewhat matches,Somewhat matches,Somewhat does not match,Somewhat matches,Gravity,Answer quickly but risk errors,3D motion after collision with downward gravitational acceleration; downward gravity should be considered,"2D plane motion after collision, like billiards",Pre-collision direction and speed|Post-collision motion trend|Candidate landing positions and distance,"I clearly felt that the balls in the gravity condition were affected by downward gravity, whereas the balls in the zero-gravity condition were not",Rarely,Often
P060,266,Somewhat matches,Strongly matches,Strongly does not match,Strongly matches,Zero gravity,Answer quickly but risk errors,3D motion after collision with downward gravitational acceleration; downward gravity should be considered,3D motion after collision under zero or microgravity; downward gravity need not be considered,Pre-collision direction and speed|Downward gravity or acceleration|Relationship between the two ball sizes,"I clearly felt that the balls in the gravity condition were affected by downward gravity, whereas the balls in the zero-gravity condition were not",Often,Almost every time
P061,355,Strongly matches,Strongly matches,Strongly does not match,Strongly matches,Gravity,Answer quickly but risk errors,3D motion after collision with downward gravitational acceleration; downward gravity should be considered,"2D plane motion after collision, like billiards",Pre-collision direction and speed|Downward gravity or acceleration|Relationship between the two ball sizes,"I clearly felt that the balls in the gravity condition were affected by downward gravity, whereas the balls in the zero-gravity condition were not",Sometimes,Often
P062,3540,Strongly matches,Somewhat matches,Somewhat does not match,Strongly matches,Gravity,Answer quickly but risk errors,3D motion after collision with downward gravitational acceleration; downward gravity should be considered,3D motion after collision under zero or microgravity; downward gravity need not be considered,Pre-collision direction and speed|Candidate landing positions and distance|Relationship between the two ball sizes,"I clearly felt that the balls in the gravity condition were affected by downward gravity, whereas the balls in the zero-gravity condition were not",Never,Almost every time
P063,218,Neutral,Somewhat matches,Somewhat does not match,Somewhat matches,Zero gravity,Take more time to ensure accuracy,3D motion after collision with downward gravitational acceleration; downward gravity should be considered,3D motion after collision under zero or microgravity; downward gravity need not be considered,Downward gravity or acceleration|Relationship between the two ball sizes,"I clearly felt that the balls in the gravity condition were affected by downward gravity, whereas the balls in the zero-gravity condition were not",Sometimes,Sometimes
P064,199,Neutral,Somewhat matches,Neutral,Strongly matches,Zero gravity,Take more time to ensure accuracy,3D motion after collision with downward gravitational acceleration; downward gravity should be considered,3D motion after collision under zero or microgravity; downward gravity need not be considered,Post-collision motion trend|Relationship between the two ball sizes,"I clearly felt that the balls in the gravity condition were affected by downward gravity, whereas the balls in the zero-gravity condition were not",Sometimes,Sometimes
P065,179,Somewhat matches,Somewhat matches,Somewhat matches,Somewhat matches,Zero gravity,Answer quickly but risk errors,3D motion after collision with downward gravitational acceleration; downward gravity should be considered,3D motion after collision under zero or microgravity; downward gravity need not be considered,Downward gravity or acceleration|Post-collision motion trend,I did not clearly perceive different motion rules between the two conditions,Rarely,Often
P066,225,Strongly matches,Strongly matches,Somewhat matches,Strongly matches,Zero gravity,Take more time to ensure accuracy,3D motion after collision with downward gravitational acceleration; downward gravity should be considered,"2D plane motion after collision, like billiards",Post-collision motion trend|Candidate landing positions and distance|Relationship between the two ball sizes,"I clearly felt that the balls in the gravity condition were affected by downward gravity, whereas the balls in the zero-gravity condition were not",Often,Almost every time
P067,679,Somewhat matches,Somewhat matches,Somewhat matches,Somewhat matches,Zero gravity,Take more time to ensure accuracy,3D motion after collision with downward gravitational acceleration; downward gravity should be considered,3D motion after collision under zero or microgravity; downward gravity need not be considered,Pre-collision direction and speed|Post-collision motion trend|Relationship between the two ball sizes,"I clearly felt that the balls in the gravity condition were affected by downward gravity, whereas the balls in the zero-gravity condition were not",Rarely,Often
P068,199,Strongly matches,Strongly matches,Somewhat does not match,Strongly matches,Gravity,Answer quickly but risk errors,3D motion after collision with downward gravitational acceleration; downward gravity should be considered,"2D plane motion after collision, like billiards",Pre-collision direction and speed|Downward gravity or acceleration|Patterns or experience from previous trials,"I clearly felt that the balls in the gravity condition were affected by downward gravity, whereas the balls in the zero-gravity condition were not",Sometimes,Almost every time
P069,5066,Somewhat matches,Somewhat matches,Somewhat does not match,Somewhat matches,Zero gravity,Answer quickly but risk errors,3D motion after collision with downward gravitational acceleration; downward gravity should be considered,3D motion after collision under zero or microgravity; downward gravity need not be considered,Pre-collision direction and speed|Post-collision motion trend|Relationship between the two ball sizes,"I clearly felt that the balls in the gravity condition were affected by downward gravity, whereas the balls in the zero-gravity condition were not",Sometimes,Often
P070,4806,Strongly matches,Somewhat matches,Somewhat does not match,Somewhat matches,Gravity,Answer quickly but risk errors,3D motion after collision with downward gravitational acceleration; downward gravity should be considered,3D motion after collision under zero or microgravity; downward gravity need not be considered,Pre-collision direction and speed|Downward gravity or acceleration|Candidate landing positions and distance,"I clearly felt that the balls in the gravity condition were affected by downward gravity, whereas the balls in the zero-gravity condition were not",Sometimes,Often
P071,208,Somewhat does not match,Neutral,Somewhat does not match,Neutral,Zero gravity,Answer quickly but risk errors,3D motion after collision with downward gravitational acceleration; downward gravity should be considered,3D motion after collision under zero or microgravity; downward gravity need not be considered,Pre-collision direction and speed|Downward gravity or acceleration|Candidate landing positions and distance,"I clearly felt that the balls in the gravity condition were affected by downward gravity, whereas the balls in the zero-gravity condition were not",Never,Sometimes
P072,120,Strongly matches,Strongly matches,Somewhat matches,Strongly matches,Gravity,Answer quickly but risk errors,3D motion after collision with downward gravitational acceleration; downward gravity should be considered,3D motion after collision under zero or microgravity; downward gravity need not be considered,Downward gravity or acceleration|Candidate landing positions and distance|Relationship between the two ball sizes,I did not clearly perceive different motion rules between the two conditions,Rarely,Often
P073,4591,Neutral,Strongly matches,Neutral,Neutral,Zero gravity,Answer quickly but risk errors,3D motion after collision with downward gravitational acceleration; downward gravity should be considered,3D motion after collision under zero or microgravity; downward gravity need not be considered,Pre-collision direction and speed|Downward gravity or acceleration|Whether post-collision motion remained approximately constant-speed,"I clearly felt that the balls in the gravity condition were affected by downward gravity, whereas the balls in the zero-gravity condition were not",Often,Almost every time
P074,5073,Somewhat matches,Strongly matches,Somewhat does not match,Neutral,Zero gravity,Answer quickly but risk errors,3D motion after collision with downward gravitational acceleration; downward gravity should be considered,3D motion after collision under zero or microgravity; downward gravity need not be considered,Pre-collision direction and speed|Downward gravity or acceleration|Post-collision motion trend,I thought the balls in both conditions were affected by gravity,Sometimes,Often
P075,257,Somewhat matches,Somewhat matches,Somewhat matches,Strongly matches,Zero gravity,Answer quickly but risk errors,3D motion after collision with downward gravitational acceleration; downward gravity should be considered,3D motion after collision under zero or microgravity; downward gravity need not be considered,Downward gravity or acceleration,"I clearly felt that the balls in the gravity condition were affected by downward gravity, whereas the balls in the zero-gravity condition were not",Sometimes,Often
P076,236,Strongly matches,Strongly matches,Somewhat does not match,Somewhat matches,Zero gravity,Answer quickly but risk errors,3D motion after collision with downward gravitational acceleration; downward gravity should be considered,"2D plane motion after collision, like billiards",Post-collision motion trend|Candidate landing positions and distance|Relationship between the two ball sizes,"I clearly felt that the balls in the gravity condition were affected by downward gravity, whereas the balls in the zero-gravity condition were not",Sometimes,Often
P077,4829,Neutral,Somewhat matches,Somewhat does not match,Strongly matches,Gravity,Take more time to ensure accuracy,3D motion after collision with downward gravitational acceleration; downward gravity should be considered,"2D plane motion after collision, like billiards",Post-collision motion trend|Relationship between the two ball sizes,"I clearly felt that the balls in the gravity condition were affected by downward gravity, whereas the balls in the zero-gravity condition were not",Rarely,Often
P078,4582,Somewhat matches,Somewhat matches,Somewhat matches,Somewhat matches,Gravity,Answer quickly but risk errors,3D motion after collision with downward gravitational acceleration; downward gravity should be considered,"2D plane motion after collision, like billiards",Pre-collision direction and speed|Post-collision motion trend|Relationship between the two ball sizes,"I clearly felt that the balls in the gravity condition were affected by downward gravity, whereas the balls in the zero-gravity condition were not",Often,Often
P079,69740,Neutral,Somewhat matches,Somewhat does not match,Somewhat matches,Gravity,Answer quickly but risk errors,3D motion after collision with downward gravitational acceleration; downward gravity should be considered,"2D plane motion after collision, like billiards",Downward gravity or acceleration|Post-collision motion trend|Relationship between the two ball sizes,"I clearly felt that the balls in the gravity condition were affected by downward gravity, whereas the balls in the zero-gravity condition were not",Often,Often
P080,272,Strongly matches,Strongly matches,Strongly matches,Strongly matches,Zero gravity,Take more time to ensure accuracy,3D motion after collision with downward gravitational acceleration; downward gravity should be considered,"2D plane motion after collision, like billiards",Post-collision motion trend|Candidate landing positions and distance|Relationship between the two ball sizes,"I clearly felt that the balls in the gravity condition were affected by downward gravity, whereas the balls in the zero-gravity condition were not",Sometimes,Almost every time
P081,545,Neutral,Neutral,Strongly does not match,Strongly matches,Zero gravity,Answer quickly but risk errors,3D motion after collision with downward gravitational acceleration; downward gravity should be considered,"2D plane motion after collision, like billiards",Downward gravity or acceleration|Whether post-collision motion remained approximately constant-speed,"I clearly felt that the balls in the gravity condition were affected by downward gravity, whereas the balls in the zero-gravity condition were not",Rarely,Almost every time
P082,178,Somewhat matches,Somewhat matches,Somewhat does not match,Somewhat matches,Zero gravity,Take more time to ensure accuracy,3D motion after collision with downward gravitational acceleration; downward gravity should be considered,3D motion after collision under zero or microgravity; downward gravity need not be considered,Pre-collision direction and speed|Downward gravity or acceleration|Post-collision motion trend,"I clearly felt that the balls in the gravity condition were affected by downward gravity, whereas the balls in the zero-gravity condition were not",Rarely,Often
P083,242,Strongly matches,Strongly matches,Somewhat does not match,Strongly matches,Zero gravity,Answer quickly but risk errors,3D motion after collision with downward gravitational acceleration; downward gravity should be considered,"2D plane motion after collision, like billiards",Pre-collision direction and speed|Downward gravity or acceleration|Relationship between the two ball sizes,"I clearly felt that the balls in the gravity condition were affected by downward gravity, whereas the balls in the zero-gravity condition were not",Rarely,Almost every time
P084,5153,Somewhat matches,Somewhat matches,Somewhat does not match,Neutral,Zero gravity,Answer quickly but risk errors,3D motion after collision with downward gravitational acceleration; downward gravity should be considered,3D motion after collision under zero or microgravity; downward gravity need not be considered,Downward gravity or acceleration|Post-collision motion trend|Relationship between the two ball sizes,"I clearly felt that the balls in the gravity condition were affected by downward gravity, whereas the balls in the zero-gravity condition were not",Often,Often
P085,3111,Somewhat matches,Neutral,Somewhat does not match,Strongly does not match,Zero gravity,Take more time to ensure accuracy,3D motion after collision with downward gravitational acceleration; downward gravity should be considered,"2D plane motion after collision, like billiards",Post-collision motion trend|Candidate landing positions and distance,"I clearly felt that the balls in the gravity condition were affected by downward gravity, whereas the balls in the zero-gravity condition were not",Often,Often
P086,5017,Somewhat matches,Somewhat matches,Somewhat matches,Somewhat matches,Zero gravity,Answer quickly but risk errors,3D motion after collision with downward gravitational acceleration; downward gravity should be considered,3D motion after collision under zero or microgravity; downward gravity need not be considered,Post-collision motion trend|Candidate landing positions and distance|Patterns or experience from previous trials,"I clearly felt that the balls in the gravity condition were affected by downward gravity, whereas the balls in the zero-gravity condition were not",Often,Often
P087,296,Neutral,Somewhat matches,Somewhat does not match,Strongly does not match,Zero gravity,Answer quickly but risk errors,3D motion after collision with downward gravitational acceleration; downward gravity should be considered,3D motion after collision under zero or microgravity; downward gravity need not be considered,Downward gravity or acceleration|Post-collision motion trend|Intuition or guess,"I felt that the motion rules differed between the two conditions, but I was unsure whether the difference came from gravity",Sometimes,Sometimes
P088,442,Neutral,Somewhat matches,Somewhat does not match,Strongly matches,Zero gravity,Answer quickly but risk errors,3D motion after collision with downward gravitational acceleration; downward gravity should be considered,"2D plane motion after collision, like billiards",Post-collision motion trend|Relationship between the two ball sizes|Patterns or experience from previous trials,"I felt that the motion rules differed between the two conditions, but I was unsure whether the difference came from gravity",Sometimes,Almost every time
P089,85,Strongly matches,Strongly matches,Strongly matches,Strongly matches,Zero gravity,Answer quickly but risk errors,3D motion after collision under zero or microgravity; downward gravity need not be considered,3D motion after collision under zero or microgravity; downward gravity need not be considered,Pre-collision direction and speed|Downward gravity or acceleration|Post-collision motion trend,I thought the balls in both conditions were affected by gravity,Sometimes,Often
P090,309,Somewhat does not match,Neutral,Strongly does not match,Strongly matches,Zero gravity,Answer quickly but risk errors,3D motion after collision with downward gravitational acceleration; downward gravity should be considered,3D motion after collision under zero or microgravity; downward gravity need not be considered,Downward gravity or acceleration|Whether post-collision motion remained approximately constant-speed|Intuition or guess,"I felt that the motion rules differed between the two conditions, but I was unsure whether the difference came from gravity",Never,Rarely
P091,515,Strongly does not match,Strongly matches,Somewhat does not match,Somewhat matches,Zero gravity,Take more time to ensure accuracy,3D motion after collision with downward gravitational acceleration; downward gravity should be considered,"2D plane motion after collision, like billiards",Pre-collision direction and speed|Downward gravity or acceleration|Post-collision motion trend,"I clearly felt that the balls in the gravity condition were affected by downward gravity, whereas the balls in the zero-gravity condition were not",Rarely,Often
P092,280,Neutral,Somewhat matches,Neutral,Strongly matches,Gravity,Answer quickly but risk errors,3D motion after collision with downward gravitational acceleration; downward gravity should be considered,"2D plane motion after collision, like billiards",Pre-collision direction and speed|Downward gravity or acceleration|Relationship between the two ball sizes,"I clearly felt that the balls in the gravity condition were affected by downward gravity, whereas the balls in the zero-gravity condition were not",Rarely,Often
P093,5542,Strongly matches,Strongly matches,Strongly does not match,Strongly matches,Zero gravity,Answer quickly but risk errors,3D motion after collision with downward gravitational acceleration; downward gravity should be considered,"2D plane motion after collision, like billiards",Post-collision motion trend|Candidate landing positions and distance|Relationship between the two ball sizes,"I clearly felt that the balls in the gravity condition were affected by downward gravity, whereas the balls in the zero-gravity condition were not",Sometimes,Almost every time
P094,5205,Somewhat matches,Somewhat matches,Somewhat does not match,Somewhat matches,Gravity,Answer quickly but risk errors,3D motion after collision with downward gravitational acceleration; downward gravity should be considered,3D motion after collision under zero or microgravity; downward gravity need not be considered,Post-collision motion trend|Patterns or experience from previous trials|Intuition or guess,"I clearly felt that the balls in the gravity condition were affected by downward gravity, whereas the balls in the zero-gravity condition were not",Often,Often
P095,5025,Neutral,Somewhat matches,Strongly does not match,Somewhat matches,Zero gravity,Answer quickly but risk errors,3D motion after collision with downward gravitational acceleration; downward gravity should be considered,3D motion after collision under zero or microgravity; downward gravity need not be considered,Post-collision motion trend|Candidate landing positions and distance|Relationship between the two ball sizes,"I clearly felt that the balls in the gravity condition were affected by downward gravity, whereas the balls in the zero-gravity condition were not",Often,Often
P096,4589,Somewhat matches,Somewhat matches,Somewhat does not match,Strongly matches,Zero gravity,Answer quickly but risk errors,3D motion after collision with downward gravitational acceleration; downward gravity should be considered,3D motion after collision under zero or microgravity; downward gravity need not be considered,Downward gravity or acceleration|Post-collision motion trend,"I clearly felt that the balls in the gravity condition were affected by downward gravity, whereas the balls in the zero-gravity condition were not",Rarely,Almost every time
P097,5320,Neutral,Neutral,Somewhat does not match,Somewhat matches,Zero gravity,Take more time to ensure accuracy,3D motion after collision with downward gravitational acceleration; downward gravity should be considered,3D motion after collision under zero or microgravity; downward gravity need not be considered,Pre-collision direction and speed|Downward gravity or acceleration|Post-collision motion trend,I thought the balls in both conditions were affected by gravity,Sometimes,Often
P098,322,Neutral,Neutral,Somewhat does not match,Somewhat does not match,Zero gravity,Take more time to ensure accuracy,3D motion after collision with downward gravitational acceleration; downward gravity should be considered,"2D plane motion after collision, like billiards",Pre-collision direction and speed|Downward gravity or acceleration,"I felt that the motion rules differed between the two conditions, but I was unsure whether the difference came from gravity",Sometimes,Sometimes
P099,326,Somewhat matches,Somewhat matches,Somewhat does not match,Somewhat matches,Zero gravity,Answer quickly but risk errors,3D motion after collision with downward gravitational acceleration; downward gravity should be considered,"2D plane motion after collision, like billiards",Downward gravity or acceleration|Candidate landing positions and distance|Relationship between the two ball sizes,"I felt that the motion rules differed between the two conditions, but I was unsure whether the difference came from gravity",Rarely,Often
P100,207,Somewhat matches,Somewhat matches,Somewhat does not match,Somewhat matches,Gravity,Answer quickly but risk errors,3D motion after collision with downward gravitational acceleration; downward gravity should be considered,3D motion after collision under zero or microgravity; downward gravity need not be considered,Downward gravity or acceleration|Candidate landing positions and distance|Relationship between the two ball sizes,"I clearly felt that the balls in the gravity condition were affected by downward gravity, whereas the balls in the zero-gravity condition were not",Sometimes,Sometimes
P101,204,Strongly matches,Strongly matches,Somewhat matches,Strongly matches,Zero gravity,Answer quickly but risk errors,3D motion after collision under zero or microgravity; downward gravity need not be considered,3D motion after collision under zero or microgravity; downward gravity need not be considered,Pre-collision direction and speed|Post-collision motion trend|Relationship between the two ball sizes,"I clearly felt that the balls in the gravity condition were affected by downward gravity, whereas the balls in the zero-gravity condition were not",Sometimes,Often
P102,276,Strongly matches,Strongly matches,Strongly matches,Strongly matches,Zero gravity,Answer quickly but risk errors,3D motion after collision with downward gravitational acceleration; downward gravity should be considered,3D motion after collision under zero or microgravity; downward gravity need not be considered,Pre-collision direction and speed|Downward gravity or acceleration|Post-collision motion trend,"I clearly felt that the balls in the gravity condition were affected by downward gravity, whereas the balls in the zero-gravity condition were not",Rarely,Often
P103,267,Somewhat matches,Somewhat matches,Neutral,Strongly matches,Gravity,Answer quickly but risk errors,3D motion after collision with downward gravitational acceleration; downward gravity should be considered,3D motion after collision under zero or microgravity; downward gravity need not be considered,Post-collision motion trend|Candidate landing positions and distance|Relationship between the two ball sizes,"I clearly felt that the balls in the gravity condition were affected by downward gravity, whereas the balls in the zero-gravity condition were not",Sometimes,Almost every time
P104,4552,Strongly matches,Strongly matches,Neutral,Strongly matches,Gravity,Answer quickly but risk errors,3D motion after collision with downward gravitational acceleration; downward gravity should be considered,"2D plane motion after collision, like billiards",Pre-collision direction and speed|Downward gravity or acceleration|Relationship between the two ball sizes,"I felt that the motion rules differed between the two conditions, but I was unsure whether the difference came from gravity",Never,Almost every time
P105,2326,Strongly does not match,Somewhat does not match,Strongly does not match,Strongly matches,Gravity,Answer quickly but risk errors,3D motion after collision under zero or microgravity; downward gravity need not be considered,"2D plane motion after collision, like billiards",Pre-collision direction and speed|Relationship between the two ball sizes|Patterns or experience from previous trials,"I clearly felt that the balls in the gravity condition were affected by downward gravity, whereas the balls in the zero-gravity condition were not",Never,Often
P106,352,Somewhat matches,Somewhat matches,Neutral,Somewhat matches,Zero gravity,Answer quickly but risk errors,3D motion after collision with downward gravitational acceleration; downward gravity should be considered,3D motion after collision under zero or microgravity; downward gravity need not be considered,Downward gravity or acceleration|Post-collision motion trend|Relationship between the two ball sizes,"I felt that the motion rules differed between the two conditions, but I was unsure whether the difference came from gravity",Sometimes,Almost every time
P107,349,Neutral,Somewhat matches,Somewhat does not match,Somewhat matches,Zero gravity,Answer quickly but risk errors,3D motion after collision with downward gravitational acceleration; downward gravity should be considered,3D motion after collision under zero or microgravity; downward gravity need not be considered,Downward gravity or acceleration|Relationship between the two ball sizes|Patterns or experience from previous trials,"I clearly felt that the balls in the gravity condition were affected by downward gravity, whereas the balls in the zero-gravity condition were not",Sometimes,Often
P108,4378,Strongly matches,Strongly matches,Strongly does not match,Somewhat matches,Zero gravity,Take more time to ensure accuracy,3D motion after collision with downward gravitational acceleration; downward gravity should be considered,3D motion after collision under zero or microgravity; downward gravity need not be considered,Pre-collision direction and speed|Relationship between the two ball sizes,"I clearly felt that the balls in the gravity condition were affected by downward gravity, whereas the balls in the zero-gravity condition were not",Sometimes,Often
P109,6340,Neutral,Strongly matches,Strongly does not match,Strongly matches,Zero gravity,Take more time to ensure accuracy,3D motion after collision under zero or microgravity; downward gravity need not be considered,3D motion after collision under zero or microgravity; downward gravity need not be considered,Pre-collision direction and speed|Relationship between the two ball sizes,I did not clearly perceive different motion rules between the two conditions,Sometimes,Often
P110,2963,Somewhat does not match,Neutral,Strongly does not match,Somewhat matches,Zero gravity,Answer quickly but risk errors,3D motion after collision with downward gravitational acceleration; downward gravity should be considered,"2D plane motion after collision, like billiards",Downward gravity or acceleration|Candidate landing positions and distance|Relationship between the two ball sizes,"I clearly felt that the balls in the gravity condition were affected by downward gravity, whereas the balls in the zero-gravity condition were not",Rarely,Often
P111,4934,Strongly matches,Somewhat matches,Somewhat does not match,Strongly matches,Zero gravity,Take more time to ensure accuracy,3D motion after collision with downward gravitational acceleration; downward gravity should be considered,"2D plane motion after collision, like billiards",Pre-collision direction and speed|Downward gravity or acceleration|Relationship between the two ball sizes,"I clearly felt that the balls in the gravity condition were affected by downward gravity, whereas the balls in the zero-gravity condition were not",Rarely,Almost every time
P112,268,Strongly matches,Somewhat matches,Somewhat does not match,Neutral,Zero gravity,Answer quickly but risk errors,3D motion after collision with downward gravitational acceleration; downward gravity should be considered,"2D plane motion after collision, like billiards",Downward gravity or acceleration|Post-collision motion trend|Patterns or experience from previous trials,"I clearly felt that the balls in the gravity condition were affected by downward gravity, whereas the balls in the zero-gravity condition were not",Rarely,Almost every time
P113,820,Strongly matches,Somewhat matches,Neutral,Somewhat matches,Zero gravity,Answer quickly but risk errors,3D motion after collision with downward gravitational acceleration; downward gravity should be considered,3D motion after collision under zero or microgravity; downward gravity need not be considered,Downward gravity or acceleration|Post-collision motion trend|Relationship between the two ball sizes,"I clearly felt that the balls in the gravity condition were affected by downward gravity, whereas the balls in the zero-gravity condition were not",Sometimes,Almost every time
P114,5546,Neutral,Somewhat matches,Strongly does not match,Strongly matches,Zero gravity,Answer quickly but risk errors,3D motion after collision with downward gravitational acceleration; downward gravity should be considered,3D motion after collision under zero or microgravity; downward gravity need not be considered,Post-collision motion trend|Candidate landing positions and distance|Relationship between the two ball sizes,"I clearly felt that the balls in the gravity condition were affected by downward gravity, whereas the balls in the zero-gravity condition were not",Rarely,Often
P115,2700,Strongly matches,Strongly matches,Neutral,Strongly matches,Gravity,Take more time to ensure accuracy,"2D plane motion after collision, like billiards","2D plane motion after collision, like billiards",Pre-collision direction and speed|Post-collision motion trend|Candidate landing positions and distance,"I clearly felt that the balls in the gravity condition were affected by downward gravity, whereas the balls in the zero-gravity condition were not",Never,Almost every time
P116,5209,Somewhat does not match,Neutral,Strongly matches,Neutral,Zero gravity,Answer quickly but risk errors,Abstract motion unrelated to a physical scene,3D motion after collision under zero or microgravity; downward gravity need not be considered,Downward gravity or acceleration|Post-collision motion trend|Relationship between the two ball sizes,"I felt that the motion rules differed between the two conditions, but I was unsure whether the difference came from gravity",Rarely,Rarely
P117,4104,Strongly matches,Strongly matches,Somewhat does not match,Neutral,Zero gravity,Answer quickly but risk errors,3D motion after collision with downward gravitational acceleration; downward gravity should be considered,3D motion after collision under zero or microgravity; downward gravity need not be considered,Pre-collision direction and speed|Post-collision motion trend|Patterns or experience from previous trials,I did not clearly perceive different motion rules between the two conditions,Never,Often
P118,263,Somewhat matches,Somewhat matches,Neutral,Strongly matches,Zero gravity,Answer quickly but risk errors,3D motion after collision with downward gravitational acceleration; downward gravity should be considered,"2D plane motion after collision, like billiards",Pre-collision direction and speed|Post-collision motion trend|Relationship between the two ball sizes,"I felt that the motion rules differed between the two conditions, but I was unsure whether the difference came from gravity",Sometimes,Almost every time
P119,537,Somewhat matches,Somewhat matches,Somewhat matches,Somewhat matches,Zero gravity,Take more time to ensure accuracy,3D motion after collision with downward gravitational acceleration; downward gravity should be considered,3D motion after collision under zero or microgravity; downward gravity need not be considered,Pre-collision direction and speed|Downward gravity or acceleration|Relationship between the two ball sizes,"I clearly felt that the balls in the gravity condition were affected by downward gravity, whereas the balls in the zero-gravity condition were not",Sometimes,Often
P120,6859,Neutral,Strongly matches,Strongly matches,Strongly matches,Zero gravity,Take more time to ensure accuracy,3D motion after collision with downward gravitational acceleration; downward gravity should be considered,3D motion after collision under zero or microgravity; downward gravity need not be considered,Pre-collision direction and speed|Downward gravity or acceleration|Relationship between the two ball sizes,I thought the balls in both conditions were affected by gravity,Sometimes,Often
P121,4249,Strongly matches,Strongly matches,Strongly does not match,Somewhat matches,Zero gravity,Take more time to ensure accuracy,3D motion after collision with downward gravitational acceleration; downward gravity should be considered,3D motion after collision under zero or microgravity; downward gravity need not be considered,Pre-collision direction and speed|Relationship between the two ball sizes,"I clearly felt that the balls in the gravity condition were affected by downward gravity, whereas the balls in the zero-gravity condition were not",Rarely,Often
P122,8840,Strongly does not match,Somewhat matches,Somewhat matches,Strongly does not match,Zero gravity,Answer quickly but risk errors,3D motion after collision with downward gravitational acceleration; downward gravity should be considered,3D motion after collision under zero or microgravity; downward gravity need not be considered,Downward gravity or acceleration|Intuition or guess,"I clearly felt that the balls in the gravity condition were affected by downward gravity, whereas the balls in the zero-gravity condition were not",Sometimes,Almost every time
P123,317,Strongly matches,Somewhat matches,Strongly does not match,Strongly matches,Zero gravity,Answer quickly but risk errors,3D motion after collision with downward gravitational acceleration; downward gravity should be considered,3D motion after collision under zero or microgravity; downward gravity need not be considered,Post-collision motion trend|Whether post-collision motion remained approximately constant-speed|Relationship between the two ball sizes,"I clearly felt that the balls in the gravity condition were affected by downward gravity, whereas the balls in the zero-gravity condition were not",Rarely,Rarely
P124,2417,Strongly matches,Neutral,Strongly matches,Strongly matches,Zero gravity,Take more time to ensure accuracy,3D motion after collision with downward gravitational acceleration; downward gravity should be considered,3D motion after collision under zero or microgravity; downward gravity need not be considered,Pre-collision direction and speed|Downward gravity or acceleration|Relationship between the two ball sizes,"I clearly felt that the balls in the gravity condition were affected by downward gravity, whereas the balls in the zero-gravity condition were not",Never,Often
P125,5998,Neutral,Neutral,Somewhat matches,Neutral,Zero gravity,Answer quickly but risk errors,3D motion after collision with downward gravitational acceleration; downward gravity should be considered,"2D plane motion after collision, like billiards",Pre-collision direction and speed|Post-collision motion trend,"I clearly felt that the balls in the gravity condition were affected by downward gravity, whereas the balls in the zero-gravity condition were not",Rarely,Often
P126,463,Somewhat matches,Somewhat matches,Somewhat does not match,Somewhat matches,Zero gravity,Answer quickly but risk errors,3D motion after collision with downward gravitational acceleration; downward gravity should be considered,"2D plane motion after collision, like billiards",Post-collision motion trend|Relationship between the two ball sizes|Intuition or guess,"I clearly felt that the balls in the gravity condition were affected by downward gravity, whereas the balls in the zero-gravity condition were not",Rarely,Rarely
P127,4142,Somewhat matches,Somewhat matches,Strongly does not match,Somewhat matches,Zero gravity,Answer quickly but risk errors,3D motion after collision with downward gravitational acceleration; downward gravity should be considered,3D motion after collision under zero or microgravity; downward gravity need not be considered,Downward gravity or acceleration|Post-collision motion trend|Relationship between the two ball sizes,"I clearly felt that the balls in the gravity condition were affected by downward gravity, whereas the balls in the zero-gravity condition were not",Rarely,Often
P128,279,Somewhat matches,Somewhat matches,Somewhat matches,Strongly matches,Zero gravity,Take more time to ensure accuracy,3D motion after collision with downward gravitational acceleration; downward gravity should be considered,3D motion after collision under zero or microgravity; downward gravity need not be considered,Pre-collision direction and speed|Downward gravity or acceleration|Relationship between the two ball sizes,"I clearly felt that the balls in the gravity condition were affected by downward gravity, whereas the balls in the zero-gravity condition were not",Often,Almost every time
P129,206,Neutral,Somewhat matches,Neutral,Somewhat matches,Zero gravity,Answer quickly but risk errors,3D motion after collision with downward gravitational acceleration; downward gravity should be considered,3D motion after collision under zero or microgravity; downward gravity need not be considered,Downward gravity or acceleration,"I clearly felt that the balls in the gravity condition were affected by downward gravity, whereas the balls in the zero-gravity condition were not",Sometimes,Almost every time
P130,5456,Somewhat matches,Somewhat matches,Somewhat does not match,Somewhat matches,Zero gravity,Answer quickly but risk errors,3D motion after collision with downward gravitational acceleration; downward gravity should be considered,3D motion after collision under zero or microgravity; downward gravity need not be considered,Post-collision motion trend|Relationship between the two ball sizes,"I clearly felt that the balls in the gravity condition were affected by downward gravity, whereas the balls in the zero-gravity condition were not",Rarely,Almost every time
P131,154,Somewhat matches,Somewhat matches,Somewhat matches,Somewhat matches,Zero gravity,Answer quickly but risk errors,3D motion after collision with downward gravitational acceleration; downward gravity should be considered,3D motion after collision under zero or microgravity; downward gravity need not be considered,Downward gravity or acceleration|Relationship between the two ball sizes,"I clearly felt that the balls in the gravity condition were affected by downward gravity, whereas the balls in the zero-gravity condition were not",Often,Almost every time
P132,3252,Somewhat matches,Somewhat matches,Strongly does not match,Strongly matches,Gravity,Answer quickly but risk errors,3D motion after collision with downward gravitational acceleration; downward gravity should be considered,3D motion after collision under zero or microgravity; downward gravity need not be considered,Pre-collision direction and speed|Downward gravity or acceleration|Post-collision motion trend,"I clearly felt that the balls in the gravity condition were affected by downward gravity, whereas the balls in the zero-gravity condition were not",Almost every time,Almost every time
P133,333,Somewhat matches,Somewhat matches,Somewhat does not match,Somewhat matches,Zero gravity,Take more time to ensure accuracy,3D motion after collision with downward gravitational acceleration; downward gravity should be considered,3D motion after collision under zero or microgravity; downward gravity need not be considered,Pre-collision direction and speed|Downward gravity or acceleration|Post-collision motion trend,"I clearly felt that the balls in the gravity condition were affected by downward gravity, whereas the balls in the zero-gravity condition were not",Rarely,Sometimes
P134,335,Neutral,Somewhat matches,Neutral,Somewhat matches,Zero gravity,Take more time to ensure accuracy,"2D plane motion after collision, like billiards",3D motion after collision under zero or microgravity; downward gravity need not be considered,Pre-collision direction and speed|Downward gravity or acceleration|Relationship between the two ball sizes,"I clearly felt that the balls in the gravity condition were affected by downward gravity, whereas the balls in the zero-gravity condition were not",Rarely,Often
P135,106,Somewhat matches,Somewhat does not match,Somewhat matches,Strongly matches,Zero gravity,Answer quickly but risk errors,3D motion after collision with downward gravitational acceleration; downward gravity should be considered,"2D plane motion after collision, like billiards",Post-collision motion trend|Relationship between the two ball sizes,"I felt that the motion rules differed between the two conditions, but I was unsure whether the difference came from gravity",Sometimes,Sometimes
P136,371,Somewhat matches,Strongly matches,Strongly does not match,Strongly matches,Zero gravity,Answer quickly but risk errors,3D motion after collision with downward gravitational acceleration; downward gravity should be considered,3D motion after collision under zero or microgravity; downward gravity need not be considered,Downward gravity or acceleration|Post-collision motion trend|Intuition or guess,"I clearly felt that the balls in the gravity condition were affected by downward gravity, whereas the balls in the zero-gravity condition were not",Never,Almost every time
P137,7361,Neutral,Somewhat matches,Somewhat does not match,Strongly matches,Zero gravity,Take more time to ensure accuracy,3D motion after collision with downward gravitational acceleration; downward gravity should be considered,"2D plane motion after collision, like billiards",Pre-collision direction and speed|Candidate landing positions and distance|Relationship between the two ball sizes,"I clearly felt that the balls in the gravity condition were affected by downward gravity, whereas the balls in the zero-gravity condition were not",Rarely,Almost every time
P138,3382,Somewhat matches,Somewhat matches,Somewhat matches,Strongly matches,Zero gravity,Take more time to ensure accuracy,3D motion after collision with downward gravitational acceleration; downward gravity should be considered,3D motion after collision under zero or microgravity; downward gravity need not be considered,Downward gravity or acceleration|Post-collision motion trend|Relationship between the two ball sizes,"I clearly felt that the balls in the gravity condition were affected by downward gravity, whereas the balls in the zero-gravity condition were not",Sometimes,Almost every time
P139,376,Somewhat matches,Neutral,Neutral,Neutral,Zero gravity,Answer quickly but risk errors,3D motion after collision with downward gravitational acceleration; downward gravity should be considered,3D motion after collision under zero or microgravity; downward gravity need not be considered,Post-collision motion trend|Intuition or guess,"I clearly felt that the balls in the gravity condition were affected by downward gravity, whereas the balls in the zero-gravity condition were not",Rarely,Sometimes
P140,9447,Somewhat does not match,Somewhat does not match,Strongly does not match,Strongly matches,Zero gravity,Take more time to ensure accuracy,"2D plane motion after collision, like billiards","2D plane motion after collision, like billiards",Pre-collision direction and speed|Post-collision motion trend|Relationship between the two ball sizes,"I clearly felt that the balls in the gravity condition were affected by downward gravity, whereas the balls in the zero-gravity condition were not",Never,Almost every time
P141,5359,Somewhat matches,Strongly matches,Strongly does not match,Strongly matches,Zero gravity,Answer quickly but risk errors,"2D plane motion after collision, like billiards","2D plane motion after collision, like billiards",Pre-collision direction and speed|Post-collision motion trend|Relationship between the two ball sizes,I did not clearly perceive different motion rules between the two conditions,Sometimes,Often
P142,4094,Strongly matches,Strongly matches,Somewhat matches,Strongly matches,Zero gravity,Answer quickly but risk errors,3D motion after collision with downward gravitational acceleration; downward gravity should be considered,3D motion after collision under zero or microgravity; downward gravity need not be considered,Pre-collision direction and speed|Downward gravity or acceleration|Relationship between the two ball sizes,"I clearly felt that the balls in the gravity condition were affected by downward gravity, whereas the balls in the zero-gravity condition were not",Often,Almost every time
P143,3647,Somewhat matches,Somewhat matches,Somewhat does not match,Somewhat does not match,Zero gravity,Answer quickly but risk errors,3D motion after collision with downward gravitational acceleration; downward gravity should be considered,"2D plane motion after collision, like billiards",Pre-collision direction and speed|Downward gravity or acceleration|Candidate landing positions and distance,I did not clearly perceive different motion rules between the two conditions,Rarely,Often
P144,300,Somewhat does not match,Somewhat matches,Neutral,Strongly matches,Zero gravity,Answer quickly but risk errors,"2D plane motion after collision, like billiards",Abstract motion unrelated to a physical scene,Post-collision motion trend|Relationship between the two ball sizes|Patterns or experience from previous trials,"I felt that the motion rules differed between the two conditions, but I was unsure whether the difference came from gravity",Often,Often
P145,205,Strongly matches,Strongly matches,Strongly matches,Neutral,Gravity,Answer quickly but risk errors,3D motion after collision with downward gravitational acceleration; downward gravity should be considered,3D motion after collision under zero or microgravity; downward gravity need not be considered,Pre-collision direction and speed,"I clearly felt that the balls in the gravity condition were affected by downward gravity, whereas the balls in the zero-gravity condition were not",Never,Almost every time
P146,3484,Somewhat matches,Somewhat matches,Somewhat does not match,Somewhat matches,Gravity,Take more time to ensure accuracy,3D motion after collision with downward gravitational acceleration; downward gravity should be considered,3D motion after collision under zero or microgravity; downward gravity need not be considered,Pre-collision direction and speed|Post-collision motion trend|Candidate landing positions and distance,"I clearly felt that the balls in the gravity condition were affected by downward gravity, whereas the balls in the zero-gravity condition were not",Often,Almost every time
P147,419,Neutral,Strongly matches,Somewhat matches,Strongly matches,Zero gravity,Answer quickly but risk errors,3D motion after collision with downward gravitational acceleration; downward gravity should be considered,3D motion after collision under zero or microgravity; downward gravity need not be considered,Downward gravity or acceleration|Candidate landing positions and distance|Relationship between the two ball sizes,"I clearly felt that the balls in the gravity condition were affected by downward gravity, whereas the balls in the zero-gravity condition were not",Often,Almost every time
P148,414,Strongly matches,Strongly matches,Somewhat matches,Strongly matches,Gravity,Answer quickly but risk errors,3D motion after collision with downward gravitational acceleration; downward gravity should be considered,3D motion after collision under zero or microgravity; downward gravity need not be considered,Downward gravity or acceleration|Post-collision motion trend|Whether post-collision motion remained approximately constant-speed,"I clearly felt that the balls in the gravity condition were affected by downward gravity, whereas the balls in the zero-gravity condition were not",Sometimes,Almost every time
P149,3933,Neutral,Neutral,Somewhat matches,Somewhat matches,Zero gravity,Take more time to ensure accuracy,3D motion after collision with downward gravitational acceleration; downward gravity should be considered,"2D plane motion after collision, like billiards",Pre-collision direction and speed|Post-collision motion trend|Intuition or guess,"I clearly felt that the balls in the gravity condition were affected by downward gravity, whereas the balls in the zero-gravity condition were not",Never,Often
P150,384,Strongly matches,Strongly matches,Strongly matches,Strongly matches,Zero gravity,Take more time to ensure accuracy,3D motion after collision with downward gravitational acceleration; downward gravity should be considered,3D motion after collision under zero or microgravity; downward gravity need not be considered,Downward gravity or acceleration|Post-collision motion trend|Relationship between the two ball sizes,"I clearly felt that the balls in the gravity condition were affected by downward gravity, whereas the balls in the zero-gravity condition were not",Often,Often
P151,187,Strongly matches,Somewhat matches,Somewhat matches,Strongly matches,Zero gravity,Answer quickly but risk errors,3D motion after collision with downward gravitational acceleration; downward gravity should be considered,3D motion after collision under zero or microgravity; downward gravity need not be considered,Downward gravity or acceleration|Post-collision motion trend|Relationship between the two ball sizes,"I felt that the motion rules differed between the two conditions, but I was unsure whether the difference came from gravity",Sometimes,Often
P152,77,Neutral,Neutral,Neutral,Neutral,Zero gravity,Take more time to ensure accuracy,3D motion after collision with downward gravitational acceleration; downward gravity should be considered,3D motion after collision under zero or microgravity; downward gravity need not be considered,Pre-collision direction and speed|Downward gravity or acceleration|Post-collision motion trend,"I clearly felt that the balls in the gravity condition were affected by downward gravity, whereas the balls in the zero-gravity condition were not",Rarely,Often
P153,262,Strongly matches,Strongly matches,Strongly does not match,Strongly does not match,Zero gravity,Answer quickly but risk errors,3D motion after collision with downward gravitational acceleration; downward gravity should be considered,3D motion after collision under zero or microgravity; downward gravity need not be considered,Pre-collision direction and speed|Downward gravity or acceleration|Post-collision motion trend,"I clearly felt that the balls in the gravity condition were affected by downward gravity, whereas the balls in the zero-gravity condition were not",Sometimes,Almost every time
P154,6154,Neutral,Strongly matches,Somewhat matches,Somewhat matches,Zero gravity,Take more time to ensure accuracy,3D motion after collision with downward gravitational acceleration; downward gravity should be considered,3D motion after collision under zero or microgravity; downward gravity need not be considered,Downward gravity or acceleration|Post-collision motion trend|Relationship between the two ball sizes,"I clearly felt that the balls in the gravity condition were affected by downward gravity, whereas the balls in the zero-gravity condition were not",Almost every time,Almost every time
P155,389,Somewhat matches,Somewhat matches,Neutral,Strongly matches,Zero gravity,Answer quickly but risk errors,3D motion after collision with downward gravitational acceleration; downward gravity should be considered,3D motion after collision under zero or microgravity; downward gravity need not be considered,Pre-collision direction and speed|Candidate landing positions and distance|Relationship between the two ball sizes,"I clearly felt that the balls in the gravity condition were affected by downward gravity, whereas the balls in the zero-gravity condition were not",Sometimes,Often
P156,3506,Neutral,Strongly matches,Somewhat does not match,Somewhat matches,Zero gravity,Take more time to ensure accuracy,3D motion after collision with downward gravitational acceleration; downward gravity should be considered,3D motion after collision under zero or microgravity; downward gravity need not be considered,Pre-collision direction and speed|Downward gravity or acceleration|Post-collision motion trend,"I clearly felt that the balls in the gravity condition were affected by downward gravity, whereas the balls in the zero-gravity condition were not",Often,Almost every time
P157,338,Somewhat matches,Somewhat matches,Neutral,Neutral,Gravity,Answer quickly but risk errors,3D motion after collision with downward gravitational acceleration; downward gravity should be considered,3D motion after collision under zero or microgravity; downward gravity need not be considered,Downward gravity or acceleration|Post-collision motion trend|Candidate landing positions and distance,I thought the balls in both conditions were affected by gravity,Never,Sometimes
P158,507,Somewhat matches,Somewhat matches,Somewhat does not match,Strongly matches,Zero gravity,Take more time to ensure accuracy,3D motion after collision under zero or microgravity; downward gravity need not be considered,"2D plane motion after collision, like billiards",Pre-collision direction and speed|Post-collision motion trend|Relationship between the two ball sizes,"I clearly felt that the balls in the gravity condition were affected by downward gravity, whereas the balls in the zero-gravity condition were not",Often,Often
P159,778,Somewhat does not match,Neutral,Somewhat matches,Strongly matches,Zero gravity,Answer quickly but risk errors,3D motion after collision with downward gravitational acceleration; downward gravity should be considered,3D motion after collision under zero or microgravity; downward gravity need not be considered,Downward gravity or acceleration|Post-collision motion trend|Relationship between the two ball sizes,"I clearly felt that the balls in the gravity condition were affected by downward gravity, whereas the balls in the zero-gravity condition were not",Never,Often
P160,382,Strongly matches,Strongly matches,Strongly matches,Strongly matches,Zero gravity,Answer quickly but risk errors,3D motion after collision with downward gravitational acceleration; downward gravity should be considered,3D motion after collision under zero or microgravity; downward gravity need not be considered,Pre-collision direction and speed|Post-collision motion trend|Candidate landing positions and distance,"I clearly felt that the balls in the gravity condition were affected by downward gravity, whereas the balls in the zero-gravity condition were not",Sometimes,Often
P161,618,Somewhat matches,Strongly matches,Somewhat does not match,Strongly matches,Zero gravity,Take more time to ensure accuracy,"2D plane motion after collision, like billiards",3D motion after collision under zero or microgravity; downward gravity need not be considered,Pre-collision direction and speed|Downward gravity or acceleration|Relationship between the two ball sizes,I thought the balls in both conditions were affected by gravity,Sometimes,Often
P162,6975,Neutral,Neutral,Somewhat does not match,Somewhat matches,Gravity,Take more time to ensure accuracy,3D motion after collision with downward gravitational acceleration; downward gravity should be considered,"2D plane motion after collision, like billiards",Pre-collision direction and speed|Downward gravity or acceleration|Relationship between the two ball sizes,"I clearly felt that the balls in the gravity condition were affected by downward gravity, whereas the balls in the zero-gravity condition were not",Sometimes,Sometimes
P163,260,Somewhat does not match,Somewhat matches,Strongly does not match,Strongly does not match,Zero gravity,Take more time to ensure accuracy,"2D plane motion after collision, like billiards",3D motion after collision under zero or microgravity; downward gravity need not be considered,Pre-collision direction and speed|Post-collision motion trend|Candidate landing positions and distance,"I clearly felt that the balls in the gravity condition were affected by downward gravity, whereas the balls in the zero-gravity condition were not",Rarely,Sometimes
P164,106,Neutral,Somewhat matches,Strongly does not match,Somewhat matches,Zero gravity,Answer quickly but risk errors,3D motion after collision with downward gravitational acceleration; downward gravity should be considered,3D motion after collision under zero or microgravity; downward gravity need not be considered,Candidate landing positions and distance,"I clearly felt that the balls in the gravity condition were affected by downward gravity, whereas the balls in the zero-gravity condition were not",Sometimes,Sometimes
P165,10465,Neutral,Neutral,Neutral,Neutral,Gravity,Answer quickly but risk errors,3D motion after collision with downward gravitational acceleration; downward gravity should be considered,3D motion after collision with downward gravitational acceleration; downward gravity should be considered,Relationship between the two ball sizes|Intuition or guess,"I felt that the motion rules differed between the two conditions, but I was unsure whether the difference came from gravity",Sometimes,Rarely
P166,5073,Somewhat matches,Somewhat matches,Somewhat does not match,Neutral,Gravity,Answer quickly but risk errors,3D motion after collision with downward gravitational acceleration; downward gravity should be considered,3D motion after collision under zero or microgravity; downward gravity need not be considered,Downward gravity or acceleration|Candidate landing positions and distance|Patterns or experience from previous trials,"I clearly felt that the balls in the gravity condition were affected by downward gravity, whereas the balls in the zero-gravity condition were not",Rarely,Sometimes
P167,7263,Strongly does not match,Neutral,Somewhat does not match,Somewhat matches,Gravity,Answer quickly but risk errors,3D motion after collision with downward gravitational acceleration; downward gravity should be considered,"2D plane motion after collision, like billiards",Pre-collision direction and speed|Downward gravity or acceleration|Post-collision motion trend,"I clearly felt that the balls in the gravity condition were affected by downward gravity, whereas the balls in the zero-gravity condition were not",Never,Never
P168,548,Somewhat matches,Somewhat matches,Somewhat matches,Somewhat matches,Zero gravity,Answer quickly but risk errors,3D motion after collision with downward gravitational acceleration; downward gravity should be considered,"2D plane motion after collision, like billiards",Pre-collision direction and speed|Downward gravity or acceleration|Relationship between the two ball sizes,"I clearly felt that the balls in the gravity condition were affected by downward gravity, whereas the balls in the zero-gravity condition were not",Sometimes,Almost every time
P169,372,Somewhat matches,Somewhat matches,Somewhat does not match,Neutral,Zero gravity,Answer quickly but risk errors,3D motion after collision with downward gravitational acceleration; downward gravity should be considered,"2D plane motion after collision, like billiards",Pre-collision direction and speed|Candidate landing positions and distance|Patterns or experience from previous trials,"I felt that the motion rules differed between the two conditions, but I was unsure whether the difference came from gravity",Sometimes,Often
P170,126,Somewhat matches,Strongly matches,Somewhat matches,Neutral,Zero gravity,Take more time to ensure accuracy,3D motion after collision with downward gravitational acceleration; downward gravity should be considered,3D motion after collision under zero or microgravity; downward gravity need not be considered,Pre-collision direction and speed|Downward gravity or acceleration|Post-collision motion trend,"I clearly felt that the balls in the gravity condition were affected by downward gravity, whereas the balls in the zero-gravity condition were not",Sometimes,Almost every time
P171,559,Somewhat does not match,Somewhat matches,Strongly does not match,Strongly matches,Zero gravity,Take more time to ensure accuracy,3D motion after collision with downward gravitational acceleration; downward gravity should be considered,3D motion after collision under zero or microgravity; downward gravity need not be considered,Post-collision motion trend|Candidate landing positions and distance|Relationship between the two ball sizes,"I clearly felt that the balls in the gravity condition were affected by downward gravity, whereas the balls in the zero-gravity condition were not",Sometimes,Often
P172,6058,Neutral,Somewhat does not match,Somewhat matches,Somewhat matches,Gravity,Answer quickly but risk errors,3D motion after collision with downward gravitational acceleration; downward gravity should be considered,3D motion after collision under zero or microgravity; downward gravity need not be considered,Pre-collision direction and speed|Post-collision motion trend|Relationship between the two ball sizes,"I clearly felt that the balls in the gravity condition were affected by downward gravity, whereas the balls in the zero-gravity condition were not",Rarely,Almost every time
P173,422,Somewhat does not match,Neutral,Somewhat matches,Neutral,Zero gravity,Answer quickly but risk errors,"2D plane motion after collision, like billiards",3D motion after collision under zero or microgravity; downward gravity need not be considered,Pre-collision direction and speed|Post-collision motion trend|Relationship between the two ball sizes,"I felt that the motion rules differed between the two conditions, but I was unsure whether the difference came from gravity",Sometimes,Often
P174,171,Somewhat matches,Somewhat matches,Somewhat does not match,Somewhat matches,Zero gravity,Answer quickly but risk errors,3D motion after collision with downward gravitational acceleration; downward gravity should be considered,3D motion after collision under zero or microgravity; downward gravity need not be considered,Post-collision motion trend|Relationship between the two ball sizes|Intuition or guess,"I clearly felt that the balls in the gravity condition were affected by downward gravity, whereas the balls in the zero-gravity condition were not",Sometimes,Often
P175,270,Somewhat matches,Somewhat matches,Neutral,Somewhat matches,Zero gravity,Take more time to ensure accuracy,3D motion after collision with downward gravitational acceleration; downward gravity should be considered,"2D plane motion after collision, like billiards",Pre-collision direction and speed|Downward gravity or acceleration|Relationship between the two ball sizes,"I clearly felt that the balls in the gravity condition were affected by downward gravity, whereas the balls in the zero-gravity condition were not",Rarely,Often
P176,94,Neutral,Neutral,Neutral,Neutral,Zero gravity,Answer quickly but risk errors,3D motion after collision with downward gravitational acceleration; downward gravity should be considered,3D motion after collision under zero or microgravity; downward gravity need not be considered,Downward gravity or acceleration|Candidate landing positions and distance,"I clearly felt that the balls in the gravity condition were affected by downward gravity, whereas the balls in the zero-gravity condition were not",Rarely,Rarely
P177,600,Somewhat matches,Somewhat matches,Somewhat does not match,Somewhat matches,Zero gravity,Take more time to ensure accuracy,3D motion after collision with downward gravitational acceleration; downward gravity should be considered,"2D plane motion after collision, like billiards",Pre-collision direction and speed|Relationship between the two ball sizes,"I clearly felt that the balls in the gravity condition were affected by downward gravity, whereas the balls in the zero-gravity condition were not",Rarely,Often
P178,2666,Strongly matches,Somewhat matches,Neutral,Somewhat matches,Zero gravity,Answer quickly but risk errors,3D motion after collision with downward gravitational acceleration; downward gravity should be considered,3D motion after collision with downward gravitational acceleration; downward gravity should be considered,Pre-collision direction and speed|Post-collision motion trend|Relationship between the two ball sizes,"I felt that the motion rules differed between the two conditions, but I was unsure whether the difference came from gravity",Sometimes,Often
P179,184,Strongly matches,Strongly matches,Neutral,Strongly matches,Zero gravity,Answer quickly but risk errors,3D motion after collision with downward gravitational acceleration; downward gravity should be considered,3D motion after collision under zero or microgravity; downward gravity need not be considered,Pre-collision direction and speed|Downward gravity or acceleration|Relationship between the two ball sizes,"I clearly felt that the balls in the gravity condition were affected by downward gravity, whereas the balls in the zero-gravity condition were not",Sometimes,Often
P180,4709,Somewhat matches,Somewhat matches,Somewhat matches,Somewhat matches,Gravity,Take more time to ensure accuracy,3D motion after collision with downward gravitational acceleration; downward gravity should be considered,"2D plane motion after collision, like billiards",Pre-collision direction and speed|Post-collision motion trend|Candidate landing positions and distance,"I clearly felt that the balls in the gravity condition were affected by downward gravity, whereas the balls in the zero-gravity condition were not",Sometimes,Sometimes
P181,225,Neutral,Somewhat matches,Strongly does not match,Somewhat matches,Gravity,Answer quickly but risk errors,3D motion after collision with downward gravitational acceleration; downward gravity should be considered,"2D plane motion after collision, like billiards",Pre-collision direction and speed|Downward gravity or acceleration,"I clearly felt that the balls in the gravity condition were affected by downward gravity, whereas the balls in the zero-gravity condition were not",Often,Almost every time
P182,4636,Strongly matches,Strongly matches,Somewhat does not match,Strongly matches,Zero gravity,Answer quickly but risk errors,3D motion after collision with downward gravitational acceleration; downward gravity should be considered,3D motion after collision under zero or microgravity; downward gravity need not be considered,Downward gravity or acceleration|Candidate landing positions and distance|Patterns or experience from previous trials,"I clearly felt that the balls in the gravity condition were affected by downward gravity, whereas the balls in the zero-gravity condition were not",Often,Often
P183,618,Somewhat does not match,Strongly matches,Somewhat does not match,Strongly matches,Zero gravity,Take more time to ensure accuracy,3D motion after collision with downward gravitational acceleration; downward gravity should be considered,3D motion after collision under zero or microgravity; downward gravity need not be considered,Post-collision motion trend|Candidate landing positions and distance|Relationship between the two ball sizes,"I felt that the motion rules differed between the two conditions, but I was unsure whether the difference came from gravity",Never,Almost every time
P184,7258,Neutral,Somewhat matches,Somewhat does not match,Somewhat matches,Zero gravity,Answer quickly but risk errors,3D motion after collision with downward gravitational acceleration; downward gravity should be considered,"2D plane motion after collision, like billiards",Post-collision motion trend|Candidate landing positions and distance|Relationship between the two ball sizes,I did not clearly perceive different motion rules between the two conditions,Rarely,Often
P185,759,Neutral,Somewhat matches,Neutral,Strongly does not match,Zero gravity,Answer quickly but risk errors,3D motion after collision with downward gravitational acceleration; downward gravity should be considered,3D motion after collision under zero or microgravity; downward gravity need not be considered,Pre-collision direction and speed|Downward gravity or acceleration|Post-collision motion trend,"I clearly felt that the balls in the gravity condition were affected by downward gravity, whereas the balls in the zero-gravity condition were not",Often,Sometimes
P186,265,Somewhat does not match,Somewhat matches,Somewhat does not match,Somewhat matches,Gravity,Answer quickly but risk errors,3D motion after collision with downward gravitational acceleration; downward gravity should be considered,3D motion after collision under zero or microgravity; downward gravity need not be considered,Post-collision motion trend|Relationship between the two ball sizes,"I clearly felt that the balls in the gravity condition were affected by downward gravity, whereas the balls in the zero-gravity condition were not",Sometimes,Almost every time
P187,196,Somewhat matches,Somewhat matches,Somewhat matches,Somewhat matches,Gravity,Answer quickly but risk errors,3D motion after collision with downward gravitational acceleration; downward gravity should be considered,3D motion after collision under zero or microgravity; downward gravity need not be considered,Pre-collision direction and speed|Downward gravity or acceleration|Relationship between the two ball sizes,"I clearly felt that the balls in the gravity condition were affected by downward gravity, whereas the balls in the zero-gravity condition were not",Often,Almost every time
P188,5522,Somewhat matches,Somewhat matches,Somewhat matches,Neutral,Gravity,Take more time to ensure accuracy,3D motion after collision with downward gravitational acceleration; downward gravity should be considered,Abstract motion unrelated to a physical scene,Post-collision motion trend|Patterns or experience from previous trials,"I felt that the motion rules differed between the two conditions, but I was unsure whether the difference came from gravity",Rarely,Almost every time
P189,359,Somewhat matches,Somewhat matches,Strongly does not match,Somewhat matches,Zero gravity,Take more time to ensure accuracy,"2D plane motion after collision, like billiards","2D plane motion after collision, like billiards",Pre-collision direction and speed|Post-collision motion trend|Relationship between the two ball sizes,"I felt that the motion rules differed between the two conditions, but I was unsure whether the difference came from gravity",Sometimes,Often
P190,375,Neutral,Somewhat matches,Somewhat matches,Neutral,Zero gravity,Answer quickly but risk errors,3D motion after collision with downward gravitational acceleration; downward gravity should be considered,3D motion after collision under zero or microgravity; downward gravity need not be considered,Post-collision motion trend|Candidate landing positions and distance|Intuition or guess,"I clearly felt that the balls in the gravity condition were affected by downward gravity, whereas the balls in the zero-gravity condition were not",Rarely,Often
P191,2452,Somewhat matches,Somewhat matches,Neutral,Somewhat does not match,Zero gravity,Take more time to ensure accuracy,3D motion after collision with downward gravitational acceleration; downward gravity should be considered,3D motion after collision under zero or microgravity; downward gravity need not be considered,Downward gravity or acceleration,"I clearly felt that the balls in the gravity condition were affected by downward gravity, whereas the balls in the zero-gravity condition were not",Sometimes,Often
P192,281,Strongly matches,Strongly matches,Neutral,Somewhat matches,Zero gravity,Take more time to ensure accuracy,3D motion after collision with downward gravitational acceleration; downward gravity should be considered,"2D plane motion after collision, like billiards",Post-collision motion trend,"I clearly felt that the balls in the gravity condition were affected by downward gravity, whereas the balls in the zero-gravity condition were not",Rarely,Often
P193,6222,Somewhat matches,Somewhat matches,Somewhat does not match,Somewhat matches,Gravity,Take more time to ensure accuracy,3D motion after collision under zero or microgravity; downward gravity need not be considered,3D motion after collision under zero or microgravity; downward gravity need not be considered,Post-collision motion trend|Candidate landing positions and distance|Relationship between the two ball sizes,I thought the balls in neither condition were affected by gravity,Sometimes,Often
P194,429,Somewhat matches,Somewhat matches,Strongly does not match,Strongly matches,Gravity,Answer quickly but risk errors,3D motion after collision with downward gravitational acceleration; downward gravity should be considered,"2D plane motion after collision, like billiards",Pre-collision direction and speed|Relationship between the two ball sizes|Patterns or experience from previous trials,I thought the balls in both conditions were affected by gravity,Sometimes,Often
P195,8054,Somewhat does not match,Somewhat matches,Somewhat matches,Strongly matches,Gravity,Answer quickly but risk errors,3D motion after collision with downward gravitational acceleration; downward gravity should be considered,"2D plane motion after collision, like billiards",Pre-collision direction and speed|Post-collision motion trend|Intuition or guess,"I felt that the motion rules differed between the two conditions, but I was unsure whether the difference came from gravity",Often,Sometimes
P196,560,Somewhat matches,Somewhat matches,Somewhat does not match,Somewhat matches,Gravity,Take more time to ensure accuracy,3D motion after collision with downward gravitational acceleration; downward gravity should be considered,3D motion after collision under zero or microgravity; downward gravity need not be considered,Pre-collision direction and speed|Downward gravity or acceleration|Relationship between the two ball sizes,"I clearly felt that the balls in the gravity condition were affected by downward gravity, whereas the balls in the zero-gravity condition were not",Rarely,Sometimes
P197,5819,Neutral,Neutral,Neutral,Somewhat matches,Zero gravity,Answer quickly but risk errors,3D motion after collision with downward gravitational acceleration; downward gravity should be considered,3D motion after collision under zero or microgravity; downward gravity need not be considered,Pre-collision direction and speed|Relationship between the two ball sizes,"I felt that the motion rules differed between the two conditions, but I was unsure whether the difference came from gravity",Sometimes,Sometimes
P198,306,Somewhat matches,Somewhat matches,Somewhat matches,Somewhat matches,Zero gravity,Take more time to ensure accuracy,3D motion after collision with downward gravitational acceleration; downward gravity should be considered,3D motion after collision under zero or microgravity; downward gravity need not be considered,Pre-collision direction and speed|Candidate landing positions and distance|Relationship between the two ball sizes,"I clearly felt that the balls in the gravity condition were affected by downward gravity, whereas the balls in the zero-gravity condition were not",Rarely,Often
P199,4789,Somewhat matches,Somewhat matches,Neutral,Neutral,Gravity,Take more time to ensure accuracy,3D motion after collision with downward gravitational acceleration; downward gravity should be considered,"2D plane motion after collision, like billiards",Pre-collision direction and speed|Downward gravity or acceleration|Candidate landing positions and distance,"I felt that the motion rules differed between the two conditions, but I was unsure whether the difference came from gravity",Sometimes,Often
P200,412,Neutral,Somewhat matches,Somewhat does not match,Somewhat matches,Zero gravity,Answer quickly but risk errors,"2D plane motion after collision, like billiards",Abstract motion unrelated to a physical scene,Post-collision motion trend|Relationship between the two ball sizes|Intuition or guess,"I felt that the motion rules differed between the two conditions, but I was unsure whether the difference came from gravity",Never,Often
P201,5797,Strongly does not match,Somewhat matches,Somewhat does not match,Strongly matches,Zero gravity,Take more time to ensure accuracy,"2D plane motion after collision, like billiards",3D motion after collision with downward gravitational acceleration; downward gravity should be considered,Pre-collision direction and speed|Downward gravity or acceleration|Relationship between the two ball sizes,I thought the balls in both conditions were affected by gravity,Sometimes,Often
P202,690,Somewhat matches,Somewhat matches,Somewhat matches,Somewhat matches,Gravity,Answer quickly but risk errors,3D motion after collision with downward gravitational acceleration; downward gravity should be considered,3D motion after collision with downward gravitational acceleration; downward gravity should be considered,Pre-collision direction and speed|Post-collision motion trend,I did not clearly perceive different motion rules between the two conditions,Sometimes,Often
P203,349,Somewhat does not match,Somewhat matches,Strongly does not match,Somewhat matches,Zero gravity,Take more time to ensure accuracy,3D motion after collision with downward gravitational acceleration; downward gravity should be considered,3D motion after collision under zero or microgravity; downward gravity need not be considered,Pre-collision direction and speed|Downward gravity or acceleration|Post-collision motion trend,"I clearly felt that the balls in the gravity condition were affected by downward gravity, whereas the balls in the zero-gravity condition were not",Rarely,Often
P204,4602,Neutral,Somewhat matches,Neutral,Somewhat matches,Zero gravity,Take more time to ensure accuracy,3D motion after collision with downward gravitational acceleration; downward gravity should be considered,3D motion after collision under zero or microgravity; downward gravity need not be considered,Pre-collision direction and speed|Intuition or guess,"I clearly felt that the balls in the gravity condition were affected by downward gravity, whereas the balls in the zero-gravity condition were not",Sometimes,Sometimes
P205,460,Strongly does not match,Strongly matches,Somewhat does not match,Somewhat matches,Zero gravity,Answer quickly but risk errors,3D motion after collision with downward gravitational acceleration; downward gravity should be considered,3D motion after collision under zero or microgravity; downward gravity need not be considered,Post-collision motion trend|Relationship between the two ball sizes|Patterns or experience from previous trials,I thought the balls in both conditions were affected by gravity,Often,Almost every time
P206,668,Neutral,Neutral,Somewhat does not match,Somewhat does not match,Zero gravity,Answer quickly but risk errors,3D motion after collision with downward gravitational acceleration; downward gravity should be considered,3D motion after collision under zero or microgravity; downward gravity need not be considered,Pre-collision direction and speed|Candidate landing positions and distance|Intuition or guess,"I clearly felt that the balls in the gravity condition were affected by downward gravity, whereas the balls in the zero-gravity condition were not",Sometimes,Often
P207,299,Neutral,Strongly matches,Neutral,Neutral,Zero gravity,Answer quickly but risk errors,3D motion after collision with downward gravitational acceleration; downward gravity should be considered,3D motion after collision under zero or microgravity; downward gravity need not be considered,Whether post-collision motion remained approximately constant-speed|Candidate landing positions and distance,I thought the balls in both conditions were affected by gravity,Rarely,Sometimes
P208,305,Somewhat matches,Somewhat matches,Strongly does not match,Somewhat matches,Gravity,Take more time to ensure accuracy,3D motion after collision with downward gravitational acceleration; downward gravity should be considered,3D motion after collision under zero or microgravity; downward gravity need not be considered,Pre-collision direction and speed|Post-collision motion trend|Candidate landing positions and distance,"I clearly felt that the balls in the gravity condition were affected by downward gravity, whereas the balls in the zero-gravity condition were not",Often,Often
P209,3664,Strongly matches,Strongly matches,Somewhat matches,Strongly matches,Zero gravity,Take more time to ensure accuracy,3D motion after collision with downward gravitational acceleration; downward gravity should be considered,3D motion after collision with downward gravitational acceleration; downward gravity should be considered,Pre-collision direction and speed|Post-collision motion trend|Relationship between the two ball sizes,I thought the balls in neither condition were affected by gravity,Sometimes,Often
P210,5293,Strongly matches,Strongly matches,Strongly matches,Strongly matches,Zero gravity,Answer quickly but risk errors,3D motion after collision with downward gravitational acceleration; downward gravity should be considered,3D motion after collision under zero or microgravity; downward gravity need not be considered,Pre-collision direction and speed|Post-collision motion trend|Relationship between the two ball sizes,"I clearly felt that the balls in the gravity condition were affected by downward gravity, whereas the balls in the zero-gravity condition were not",Often,Almost every time
P211,587,Somewhat does not match,Somewhat does not match,Neutral,Somewhat matches,Gravity,Answer quickly but risk errors,"2D plane motion after collision, like billiards",3D motion after collision under zero or microgravity; downward gravity need not be considered,Downward gravity or acceleration|Post-collision motion trend|Relationship between the two ball sizes,"I felt that the motion rules differed between the two conditions, but I was unsure whether the difference came from gravity",Sometimes,Sometimes
P212,217,Neutral,Somewhat matches,Somewhat does not match,Somewhat matches,Zero gravity,Answer quickly but risk errors,3D motion after collision under zero or microgravity; downward gravity need not be considered,3D motion after collision under zero or microgravity; downward gravity need not be considered,Pre-collision direction and speed|Relationship between the two ball sizes|Intuition or guess,"I clearly felt that the balls in the gravity condition were affected by downward gravity, whereas the balls in the zero-gravity condition were not",Rarely,Often
P213,332,Neutral,Somewhat matches,Neutral,Strongly matches,Zero gravity,Answer quickly but risk errors,Abstract motion unrelated to a physical scene,Abstract motion unrelated to a physical scene,Patterns or experience from previous trials|Intuition or guess,I did not clearly perceive different motion rules between the two conditions,Sometimes,Almost every time
P214,4021,Strongly does not match,Somewhat matches,Somewhat does not match,Neutral,Zero gravity,Take more time to ensure accuracy,3D motion after collision with downward gravitational acceleration; downward gravity should be considered,3D motion after collision under zero or microgravity; downward gravity need not be considered,Downward gravity or acceleration,"I clearly felt that the balls in the gravity condition were affected by downward gravity, whereas the balls in the zero-gravity condition were not",Sometimes,Almost every time
P215,276,Strongly matches,Strongly matches,Somewhat matches,Strongly matches,Zero gravity,Answer quickly but risk errors,3D motion after collision with downward gravitational acceleration; downward gravity should be considered,3D motion after collision under zero or microgravity; downward gravity need not be considered,Pre-collision direction and speed|Downward gravity or acceleration,"I clearly felt that the balls in the gravity condition were affected by downward gravity, whereas the balls in the zero-gravity condition were not",Never,Often
P216,4897,Somewhat matches,Somewhat matches,Somewhat matches,Somewhat matches,Zero gravity,Answer quickly but risk errors,3D motion after collision with downward gravitational acceleration; downward gravity should be considered,3D motion after collision under zero or microgravity; downward gravity need not be considered,Downward gravity or acceleration|Post-collision motion trend|Relationship between the two ball sizes,"I clearly felt that the balls in the gravity condition were affected by downward gravity, whereas the balls in the zero-gravity condition were not",Often,Often
P217,638,Neutral,Neutral,Somewhat matches,Somewhat matches,Zero gravity,Take more time to ensure accuracy,3D motion after collision with downward gravitational acceleration; downward gravity should be considered,3D motion after collision under zero or microgravity; downward gravity need not be considered,Downward gravity or acceleration|Post-collision motion trend|Relationship between the two ball sizes,"I felt that the motion rules differed between the two conditions, but I was unsure whether the difference came from gravity",Sometimes,Sometimes
P218,281,Somewhat matches,Somewhat matches,Neutral,Somewhat matches,Zero gravity,Answer quickly but risk errors,3D motion after collision with downward gravitational acceleration; downward gravity should be considered,3D motion after collision under zero or microgravity; downward gravity need not be considered,Downward gravity or acceleration|Post-collision motion trend|Relationship between the two ball sizes,"I clearly felt that the balls in the gravity condition were affected by downward gravity, whereas the balls in the zero-gravity condition were not",Sometimes,Sometimes
P219,324,Somewhat matches,Strongly matches,Somewhat does not match,Somewhat matches,Zero gravity,Take more time to ensure accuracy,3D motion after collision with downward gravitational acceleration; downward gravity should be considered,3D motion after collision under zero or microgravity; downward gravity need not be considered,Downward gravity or acceleration|Post-collision motion trend|Intuition or guess,"I clearly felt that the balls in the gravity condition were affected by downward gravity, whereas the balls in the zero-gravity condition were not",Rarely,Almost every time
P220,417,Somewhat matches,Strongly matches,Somewhat does not match,Somewhat matches,Zero gravity,Answer quickly but risk errors,3D motion after collision with downward gravitational acceleration; downward gravity should be considered,3D motion after collision under zero or microgravity; downward gravity need not be considered,Pre-collision direction and speed|Post-collision motion trend|Relationship between the two ball sizes,"I clearly felt that the balls in the gravity condition were affected by downward gravity, whereas the balls in the zero-gravity condition were not",Often,Rarely
P221,367,Strongly does not match,Neutral,Somewhat matches,Somewhat matches,Zero gravity,Answer quickly but risk errors,Abstract motion unrelated to a physical scene,3D motion after collision with downward gravitational acceleration; downward gravity should be considered,Pre-collision direction and speed|Downward gravity or acceleration|Post-collision motion trend,I did not clearly perceive different motion rules between the two conditions,Rarely,Sometimes
P222,555,Somewhat matches,Somewhat matches,Strongly matches,Strongly matches,Zero gravity,Answer quickly but risk errors,3D motion after collision with downward gravitational acceleration; downward gravity should be considered,3D motion after collision under zero or microgravity; downward gravity need not be considered,Downward gravity or acceleration|Post-collision motion trend|Relationship between the two ball sizes,"I clearly felt that the balls in the gravity condition were affected by downward gravity, whereas the balls in the zero-gravity condition were not",Never,Almost every time
P223,446,Somewhat matches,Strongly matches,Somewhat does not match,Strongly matches,Zero gravity,Take more time to ensure accuracy,3D motion after collision with downward gravitational acceleration; downward gravity should be considered,3D motion after collision under zero or microgravity; downward gravity need not be considered,Pre-collision direction and speed|Post-collision motion trend|Relationship between the two ball sizes,"I felt that the motion rules differed between the two conditions, but I was unsure whether the difference came from gravity",Almost every time,Almost every time
P224,394,Strongly matches,Strongly matches,Neutral,Somewhat matches,Zero gravity,Answer quickly but risk errors,3D motion after collision with downward gravitational acceleration; downward gravity should be considered,3D motion after collision under zero or microgravity; downward gravity need not be considered,Pre-collision direction and speed|Post-collision motion trend|Candidate landing positions and distance,"I clearly felt that the balls in the gravity condition were affected by downward gravity, whereas the balls in the zero-gravity condition were not",Rarely,Almost every time
P225,401,Strongly matches,Strongly matches,Somewhat does not match,Somewhat does not match,Zero gravity,Answer quickly but risk errors,3D motion after collision with downward gravitational acceleration; downward gravity should be considered,Abstract motion unrelated to a physical scene,Downward gravity or acceleration|Candidate landing positions and distance|Intuition or guess,"Other: I felt that zero gravity was only the gravity condition flipped vertically; in other words, zero gravity felt more like upward gravity",Sometimes,Sometimes
P226,353,Neutral,Somewhat matches,Somewhat matches,Somewhat matches,Zero gravity,Answer quickly but risk errors,3D motion after collision with downward gravitational acceleration; downward gravity should be considered,3D motion after collision under zero or microgravity; downward gravity need not be considered,Pre-collision direction and speed|Downward gravity or acceleration|Relationship between the two ball sizes,"I felt that the motion rules differed between the two conditions, but I was unsure whether the difference came from gravity",Rarely,Often
P227,5165,Neutral,Somewhat matches,Somewhat does not match,Neutral,Zero gravity,Take more time to ensure accuracy,3D motion after collision with downward gravitational acceleration; downward gravity should be considered,3D motion after collision under zero or microgravity; downward gravity need not be considered,Pre-collision direction and speed|Downward gravity or acceleration|Post-collision motion trend,"I clearly felt that the balls in the gravity condition were affected by downward gravity, whereas the balls in the zero-gravity condition were not",Sometimes,Often
P228,765,Strongly does not match,Strongly matches,Somewhat does not match,Somewhat matches,Zero gravity,Answer quickly but risk errors,3D motion after collision with downward gravitational acceleration; downward gravity should be considered,3D motion after collision under zero or microgravity; downward gravity need not be considered,Pre-collision direction and speed|Downward gravity or acceleration|Relationship between the two ball sizes,"I clearly felt that the balls in the gravity condition were affected by downward gravity, whereas the balls in the zero-gravity condition were not",Sometimes,Almost every time
P229,332,Neutral,Somewhat matches,Neutral,Somewhat matches,Zero gravity,Answer quickly but risk errors,3D motion after collision with downward gravitational acceleration; downward gravity should be considered,3D motion after collision under zero or microgravity; downward gravity need not be considered,Pre-collision direction and speed|Downward gravity or acceleration|Relationship between the two ball sizes,"I clearly felt that the balls in the gravity condition were affected by downward gravity, whereas the balls in the zero-gravity condition were not",Often,Often
P230,580,Somewhat does not match,Somewhat matches,Somewhat does not match,Somewhat matches,Zero gravity,Take more time to ensure accuracy,3D motion after collision with downward gravitational acceleration; downward gravity should be considered,3D motion after collision under zero or microgravity; downward gravity need not be considered,Relationship between the two ball sizes|Patterns or experience from previous trials,I did not clearly perceive different motion rules between the two conditions,Sometimes,Almost every time
P231,8076,Neutral,Strongly does not match,Neutral,Neutral,Gravity,Answer quickly but risk errors,"2D plane motion after collision, like billiards",3D motion after collision under zero or microgravity; downward gravity need not be considered,Post-collision motion trend,"I clearly felt that the balls in the gravity condition were affected by downward gravity, whereas the balls in the zero-gravity condition were not",Sometimes,Often
P232,283,Strongly matches,Strongly matches,Strongly matches,Strongly matches,Zero gravity,Answer quickly but risk errors,3D motion after collision with downward gravitational acceleration; downward gravity should be considered,3D motion after collision with downward gravitational acceleration; downward gravity should be considered,Pre-collision direction and speed,"I clearly felt that the balls in the gravity condition were affected by downward gravity, whereas the balls in the zero-gravity condition were not",Never,Never
P233,680,Strongly matches,Strongly matches,Somewhat matches,Strongly matches,Zero gravity,Answer quickly but risk errors,3D motion after collision with downward gravitational acceleration; downward gravity should be considered,3D motion after collision under zero or microgravity; downward gravity need not be considered,Pre-collision direction and speed|Downward gravity or acceleration|Candidate landing positions and distance,I thought the balls in both conditions were affected by gravity,Rarely,Often
P234,722,Somewhat matches,Somewhat matches,Somewhat matches,Strongly matches,Zero gravity,Answer quickly but risk errors,3D motion after collision with downward gravitational acceleration; downward gravity should be considered,3D motion after collision under zero or microgravity; downward gravity need not be considered,Downward gravity or acceleration|Post-collision motion trend|Relationship between the two ball sizes,"I clearly felt that the balls in the gravity condition were affected by downward gravity, whereas the balls in the zero-gravity condition were not",Sometimes,Often
P235,584,Neutral,Neutral,Somewhat does not match,Neutral,Zero gravity,Answer quickly but risk errors,3D motion after collision with downward gravitational acceleration; downward gravity should be considered,3D motion after collision under zero or microgravity; downward gravity need not be considered,Downward gravity or acceleration|Post-collision motion trend|Relationship between the two ball sizes,"I felt that the motion rules differed between the two conditions, but I was unsure whether the difference came from gravity",Sometimes,Rarely
P236,628,Somewhat does not match,Somewhat does not match,Somewhat does not match,Somewhat matches,Zero gravity,Answer quickly but risk errors,3D motion after collision with downward gravitational acceleration; downward gravity should be considered,3D motion after collision under zero or microgravity; downward gravity need not be considered,Downward gravity or acceleration|Candidate landing positions and distance|Relationship between the two ball sizes,"I clearly felt that the balls in the gravity condition were affected by downward gravity, whereas the balls in the zero-gravity condition were not",Sometimes,Often
P237,760,Somewhat matches,Strongly matches,Strongly does not match,Somewhat matches,Gravity,Answer quickly but risk errors,3D motion after collision with downward gravitational acceleration; downward gravity should be considered,3D motion after collision under zero or microgravity; downward gravity need not be considered,Downward gravity or acceleration|Relationship between the two ball sizes,"I clearly felt that the balls in the gravity condition were affected by downward gravity, whereas the balls in the zero-gravity condition were not",Sometimes,Almost every time
P238,6387,Somewhat does not match,Neutral,Strongly does not match,Neutral,Zero gravity,Answer quickly but risk errors,3D motion after collision with downward gravitational acceleration; downward gravity should be considered,3D motion after collision under zero or microgravity; downward gravity need not be considered,Intuition or guess,I did not clearly perceive different motion rules between the two conditions,Rarely,Often
P239,671,Strongly matches,Strongly matches,Somewhat does not match,Somewhat does not match,Zero gravity,Take more time to ensure accuracy,3D motion after collision with downward gravitational acceleration; downward gravity should be considered,3D motion after collision under zero or microgravity; downward gravity need not be considered,Pre-collision direction and speed|Downward gravity or acceleration|Post-collision motion trend,"I clearly felt that the balls in the gravity condition were affected by downward gravity, whereas the balls in the zero-gravity condition were not",Often,Almost every time
P240,670,Somewhat does not match,Neutral,Neutral,Strongly matches,Zero gravity,Answer quickly but risk errors,3D motion after collision with downward gravitational acceleration; downward gravity should be considered,3D motion after collision under zero or microgravity; downward gravity need not be considered,Post-collision motion trend|Relationship between the two ball sizes|Intuition or guess,"I clearly felt that the balls in the gravity condition were affected by downward gravity, whereas the balls in the zero-gravity condition were not",Sometimes,Often
P241,494,Somewhat matches,Neutral,Strongly does not match,Somewhat matches,Gravity,Answer quickly but risk errors,3D motion after collision with downward gravitational acceleration; downward gravity should be considered,3D motion after collision under zero or microgravity; downward gravity need not be considered,Post-collision motion trend|Relationship between the two ball sizes|Intuition or guess,"I clearly felt that the balls in the gravity condition were affected by downward gravity, whereas the balls in the zero-gravity condition were not",Rarely,Rarely
P242,515,Neutral,Neutral,Neutral,Neutral,Gravity,Answer quickly but risk errors,3D motion after collision with downward gravitational acceleration; downward gravity should be considered,3D motion after collision under zero or microgravity; downward gravity need not be considered,Pre-collision direction and speed|Downward gravity or acceleration|Post-collision motion trend,"I clearly felt that the balls in the gravity condition were affected by downward gravity, whereas the balls in the zero-gravity condition were not",Rarely,Often
P243,781,Somewhat matches,Somewhat matches,Somewhat does not match,Strongly matches,Zero gravity,Answer quickly but risk errors,3D motion after collision with downward gravitational acceleration; downward gravity should be considered,3D motion after collision under zero or microgravity; downward gravity need not be considered,Pre-collision direction and speed|Post-collision motion trend|Relationship between the two ball sizes,"I felt that the motion rules differed between the two conditions, but I was unsure whether the difference came from gravity",Often,Almost every time
P244,388,Somewhat matches,Somewhat matches,Somewhat matches,Somewhat matches,Zero gravity,Take more time to ensure accuracy,3D motion after collision with downward gravitational acceleration; downward gravity should be considered,3D motion after collision under zero or microgravity; downward gravity need not be considered,Downward gravity or acceleration|Post-collision motion trend|Whether post-collision motion remained approximately constant-speed,"I clearly felt that the balls in the gravity condition were affected by downward gravity, whereas the balls in the zero-gravity condition were not",Sometimes,Often
P245,110,Neutral,Neutral,Somewhat matches,Somewhat matches,Gravity,Answer quickly but risk errors,3D motion after collision with downward gravitational acceleration; downward gravity should be considered,3D motion after collision under zero or microgravity; downward gravity need not be considered,Pre-collision direction and speed|Downward gravity or acceleration|Post-collision motion trend,"I felt that the motion rules differed between the two conditions, but I was unsure whether the difference came from gravity",Rarely,Often
P246,5416,Somewhat does not match,Somewhat matches,Somewhat matches,Somewhat matches,Zero gravity,Answer quickly but risk errors,3D motion after collision with downward gravitational acceleration; downward gravity should be considered,3D motion after collision under zero or microgravity; downward gravity need not be considered,Pre-collision direction and speed|Downward gravity or acceleration|Relationship between the two ball sizes,I did not clearly perceive different motion rules between the two conditions,Often,Often
P247,629,Strongly matches,Strongly matches,Strongly matches,Strongly matches,Zero gravity,Answer quickly but risk errors,3D motion after collision with downward gravitational acceleration; downward gravity should be considered,3D motion after collision under zero or microgravity; downward gravity need not be considered,Pre-collision direction and speed|Post-collision motion trend|Relationship between the two ball sizes,"I clearly felt that the balls in the gravity condition were affected by downward gravity, whereas the balls in the zero-gravity condition were not",Sometimes,Almost every time
P248,3826,Somewhat matches,Neutral,Strongly does not match,Strongly matches,Zero gravity,Answer quickly but risk errors,3D motion after collision with downward gravitational acceleration; downward gravity should be considered,3D motion after collision under zero or microgravity; downward gravity need not be considered,Relationship between the two ball sizes,I did not clearly perceive different motion rules between the two conditions,Almost every time,Sometimes
P249,336,Neutral,Somewhat matches,Neutral,Somewhat matches,Zero gravity,Take more time to ensure accuracy,3D motion after collision with downward gravitational acceleration; downward gravity should be considered,3D motion after collision under zero or microgravity; downward gravity need not be considered,Downward gravity or acceleration,"I clearly felt that the balls in the gravity condition were affected by downward gravity, whereas the balls in the zero-gravity condition were not",Often,Almost every time
P250,6387,Strongly does not match,Strongly matches,Somewhat does not match,Somewhat does not match,Zero gravity,Answer quickly but risk errors,3D motion after collision with downward gravitational acceleration; downward gravity should be considered,3D motion after collision under zero or microgravity; downward gravity need not be considered,Downward gravity or acceleration|Patterns or experience from previous trials|Intuition or guess,I thought the balls in neither condition were affected by gravity,Rarely,Often
P251,6003,Somewhat matches,Somewhat matches,Somewhat does not match,Strongly matches,Zero gravity,Answer quickly but risk errors,"2D plane motion after collision, like billiards",3D motion after collision under zero or microgravity; downward gravity need not be considered,Relationship between the two ball sizes|Patterns or experience from previous trials|Intuition or guess,"I felt that the motion rules differed between the two conditions, but I was unsure whether the difference came from gravity",Often,Often
P252,356,Strongly matches,Somewhat matches,Neutral,Strongly matches,Zero gravity,Answer quickly but risk errors,3D motion after collision with downward gravitational acceleration; downward gravity should be considered,3D motion after collision under zero or microgravity; downward gravity need not be considered,Pre-collision direction and speed|Downward gravity or acceleration|Relationship between the two ball sizes,"I clearly felt that the balls in the gravity condition were affected by downward gravity, whereas the balls in the zero-gravity condition were not",Rarely,Sometimes
P253,119,Strongly matches,Strongly matches,Somewhat matches,Strongly does not match,Gravity,Answer quickly but risk errors,3D motion after collision with downward gravitational acceleration; downward gravity should be considered,3D motion after collision under zero or microgravity; downward gravity need not be considered,Post-collision motion trend,"I clearly felt that the balls in the gravity condition were affected by downward gravity, whereas the balls in the zero-gravity condition were not",Sometimes,Almost every time
P254,505,Strongly matches,Strongly matches,Neutral,Somewhat matches,Zero gravity,Answer quickly but risk errors,3D motion after collision with downward gravitational acceleration; downward gravity should be considered,3D motion after collision under zero or microgravity; downward gravity need not be considered,Downward gravity or acceleration|Candidate landing positions and distance|Relationship between the two ball sizes,"I clearly felt that the balls in the gravity condition were affected by downward gravity, whereas the balls in the zero-gravity condition were not",Sometimes,Almost every time
P255,348,Somewhat matches,Somewhat matches,Somewhat does not match,Somewhat does not match,Gravity,Answer quickly but risk errors,3D motion after collision with downward gravitational acceleration; downward gravity should be considered,3D motion after collision under zero or microgravity; downward gravity need not be considered,Downward gravity or acceleration|Patterns or experience from previous trials|Intuition or guess,"I clearly felt that the balls in the gravity condition were affected by downward gravity, whereas the balls in the zero-gravity condition were not",Never,Almost every time
P256,473,Neutral,Somewhat matches,Neutral,Neutral,Gravity,Answer quickly but risk errors,"2D plane motion after collision, like billiards",3D motion after collision under zero or microgravity; downward gravity need not be considered,Pre-collision direction and speed|Downward gravity or acceleration|Post-collision motion trend,"I clearly felt that the balls in the gravity condition were affected by downward gravity, whereas the balls in the zero-gravity condition were not",Often,Often
P257,535,Somewhat matches,Somewhat matches,Somewhat matches,Somewhat matches,Zero gravity,Answer quickly but risk errors,"2D plane motion after collision, like billiards",3D motion after collision under zero or microgravity; downward gravity need not be considered,Downward gravity or acceleration|Candidate landing positions and distance|Relationship between the two ball sizes,"I clearly felt that the balls in the gravity condition were affected by downward gravity, whereas the balls in the zero-gravity condition were not",Rarely,Almost every time
P258,5546,Neutral,Strongly matches,Neutral,Strongly matches,Zero gravity,Answer quickly but risk errors,3D motion after collision with downward gravitational acceleration; downward gravity should be considered,3D motion after collision with downward gravitational acceleration; downward gravity should be considered,Post-collision motion trend|Candidate landing positions and distance|Relationship between the two ball sizes,I thought the balls in both conditions were affected by gravity,Often,Almost every time
P259,7009,Somewhat does not match,Somewhat does not match,Somewhat matches,Somewhat matches,Zero gravity,Answer quickly but risk errors,3D motion after collision with downward gravitational acceleration; downward gravity should be considered,Abstract motion unrelated to a physical scene,Downward gravity or acceleration|Post-collision motion trend|Relationship between the two ball sizes,"I clearly felt that the balls in the gravity condition were affected by downward gravity, whereas the balls in the zero-gravity condition were not",Never,Sometimes
P260,537,Somewhat does not match,Somewhat matches,Somewhat matches,Somewhat does not match,Zero gravity,Answer quickly but risk errors,3D motion after collision with downward gravitational acceleration; downward gravity should be considered,3D motion after collision under zero or microgravity; downward gravity need not be considered,Pre-collision direction and speed|Downward gravity or acceleration|Post-collision motion trend,"I felt that the motion rules differed between the two conditions, but I was unsure whether the difference came from gravity",Rarely,Often
P261,4940,Strongly matches,Strongly matches,Somewhat does not match,Somewhat matches,Zero gravity,Answer quickly but risk errors,3D motion after collision with downward gravitational acceleration; downward gravity should be considered,3D motion after collision under zero or microgravity; downward gravity need not be considered,Downward gravity or acceleration|Post-collision motion trend|Candidate landing positions and distance,"I clearly felt that the balls in the gravity condition were affected by downward gravity, whereas the balls in the zero-gravity condition were not",Sometimes,Often
P262,484,Somewhat matches,Neutral,Somewhat does not match,Strongly matches,Zero gravity,Take more time to ensure accuracy,3D motion after collision with downward gravitational acceleration; downward gravity should be considered,3D motion after collision under zero or microgravity; downward gravity need not be considered,Downward gravity or acceleration|Candidate landing positions and distance|Relationship between the two ball sizes,"I felt that the motion rules differed between the two conditions, but I was unsure whether the difference came from gravity",Never,Often
P263,471,Somewhat matches,Strongly matches,Somewhat does not match,Strongly matches,Gravity,Take more time to ensure accuracy,3D motion after collision with downward gravitational acceleration; downward gravity should be considered,3D motion after collision under zero or microgravity; downward gravity need not be considered,Post-collision motion trend|Candidate landing positions and distance|Relationship between the two ball sizes,"I clearly felt that the balls in the gravity condition were affected by downward gravity, whereas the balls in the zero-gravity condition were not",Often,Often
P264,281,Neutral,Neutral,Neutral,Neutral,Zero gravity,Answer quickly but risk errors,"2D plane motion after collision, like billiards",3D motion after collision under zero or microgravity; downward gravity need not be considered,Downward gravity or acceleration,I thought the balls in both conditions were affected by gravity,Rarely,Rarely
P265,431,Somewhat does not match,Strongly matches,Strongly does not match,Strongly matches,Zero gravity,Take more time to ensure accuracy,3D motion after collision with downward gravitational acceleration; downward gravity should be considered,3D motion after collision under zero or microgravity; downward gravity need not be considered,Pre-collision direction and speed|Downward gravity or acceleration|Relationship between the two ball sizes,"I clearly felt that the balls in the gravity condition were affected by downward gravity, whereas the balls in the zero-gravity condition were not",Rarely,Almost every time
P266,794,Somewhat matches,Somewhat matches,Somewhat matches,Somewhat matches,Zero gravity,Take more time to ensure accuracy,"2D plane motion after collision, like billiards",3D motion after collision under zero or microgravity; downward gravity need not be considered,Pre-collision direction and speed|Post-collision motion trend,"I felt that the motion rules differed between the two conditions, but I was unsure whether the difference came from gravity",Almost every time,Almost every time
P267,111,Strongly matches,Strongly matches,Strongly matches,Strongly matches,Zero gravity,Answer quickly but risk errors,3D motion after collision with downward gravitational acceleration; downward gravity should be considered,3D motion after collision under zero or microgravity; downward gravity need not be considered,Pre-collision direction and speed|Post-collision motion trend|Relationship between the two ball sizes,"I felt that the motion rules differed between the two conditions, but I was unsure whether the difference came from gravity",Never,Almost every time
P268,510,Strongly matches,Somewhat matches,Somewhat matches,Somewhat matches,Zero gravity,Answer quickly but risk errors,3D motion after collision with downward gravitational acceleration; downward gravity should be considered,3D motion after collision under zero or microgravity; downward gravity need not be considered,Pre-collision direction and speed|Downward gravity or acceleration|Relationship between the two ball sizes,"I clearly felt that the balls in the gravity condition were affected by downward gravity, whereas the balls in the zero-gravity condition were not",Rarely,Sometimes
P269,4463,Strongly does not match,Neutral,Neutral,Somewhat matches,Zero gravity,Answer quickly but risk errors,"2D plane motion after collision, like billiards",3D motion after collision under zero or microgravity; downward gravity need not be considered,Downward gravity or acceleration|Candidate landing positions and distance|Relationship between the two ball sizes,I did not clearly perceive different motion rules between the two conditions,Sometimes,Sometimes
P270,4916,Somewhat matches,Strongly matches,Strongly matches,Strongly matches,Gravity,Take more time to ensure accuracy,3D motion after collision with downward gravitational acceleration; downward gravity should be considered,3D motion after collision under zero or microgravity; downward gravity need not be considered,Pre-collision direction and speed|Downward gravity or acceleration|Post-collision motion trend,"I clearly felt that the balls in the gravity condition were affected by downward gravity, whereas the balls in the zero-gravity condition were not",Rarely,Often
P271,751,Neutral,Strongly matches,Neutral,Somewhat matches,Gravity,Take more time to ensure accuracy,3D motion after collision with downward gravitational acceleration; downward gravity should be considered,3D motion after collision under zero or microgravity; downward gravity need not be considered,Downward gravity or acceleration|Post-collision motion trend|Relationship between the two ball sizes,"I clearly felt that the balls in the gravity condition were affected by downward gravity, whereas the balls in the zero-gravity condition were not",Often,Almost every time
P272,6656,Neutral,Somewhat matches,Somewhat matches,Somewhat matches,Gravity,Take more time to ensure accuracy,"2D plane motion after collision, like billiards",3D motion after collision under zero or microgravity; downward gravity need not be considered,Candidate landing positions and distance|Relationship between the two ball sizes|Patterns or experience from previous trials,"I felt that the motion rules differed between the two conditions, but I was unsure whether the difference came from gravity",Often,Often
P273,656,Somewhat matches,Somewhat matches,Somewhat does not match,Somewhat matches,Gravity,Take more time to ensure accuracy,3D motion after collision with downward gravitational acceleration; downward gravity should be considered,3D motion after collision under zero or microgravity; downward gravity need not be considered,Pre-collision direction and speed|Post-collision motion trend|Relationship between the two ball sizes,I thought the balls in neither condition were affected by gravity,Rarely,Sometimes
P274,185,Somewhat does not match,Neutral,Neutral,Somewhat matches,Zero gravity,Answer quickly but risk errors,"2D plane motion after collision, like billiards",3D motion after collision under zero or microgravity; downward gravity need not be considered,Pre-collision direction and speed|Relationship between the two ball sizes,"I clearly felt that the balls in the gravity condition were affected by downward gravity, whereas the balls in the zero-gravity condition were not",Often,Often
P275,567,Strongly does not match,Neutral,Neutral,Strongly matches,Zero gravity,Answer quickly but risk errors,3D motion after collision with downward gravitational acceleration; downward gravity should be considered,3D motion after collision under zero or microgravity; downward gravity need not be considered,Relationship between the two ball sizes|Intuition or guess,"I clearly felt that the balls in the gravity condition were affected by downward gravity, whereas the balls in the zero-gravity condition were not",Sometimes,Sometimes
P276,335,Strongly matches,Strongly matches,Somewhat matches,Somewhat matches,Zero gravity,Take more time to ensure accuracy,3D motion after collision with downward gravitational acceleration; downward gravity should be considered,3D motion after collision under zero or microgravity; downward gravity need not be considered,Pre-collision direction and speed|Post-collision motion trend,"I clearly felt that the balls in the gravity condition were affected by downward gravity, whereas the balls in the zero-gravity condition were not",Rarely,Almost every time
P277,4431,Neutral,Somewhat matches,Somewhat does not match,Somewhat matches,Zero gravity,Answer quickly but risk errors,3D motion after collision with downward gravitational acceleration; downward gravity should be considered,3D motion after collision with downward gravitational acceleration; downward gravity should be considered,Post-collision motion trend|Candidate landing positions and distance|Relationship between the two ball sizes,I thought the balls in both conditions were affected by gravity,Sometimes,Often
P278,4472,Neutral,Strongly matches,Somewhat does not match,Strongly matches,Zero gravity,Take more time to ensure accuracy,3D motion after collision with downward gravitational acceleration; downward gravity should be considered,3D motion after collision under zero or microgravity; downward gravity need not be considered,Pre-collision direction and speed|Downward gravity or acceleration|Relationship between the two ball sizes,"I clearly felt that the balls in the gravity condition were affected by downward gravity, whereas the balls in the zero-gravity condition were not",Rarely,Almost every time
P279,406,Somewhat matches,Somewhat matches,Somewhat does not match,Somewhat matches,Zero gravity,Answer quickly but risk errors,3D motion after collision with downward gravitational acceleration; downward gravity should be considered,3D motion after collision under zero or microgravity; downward gravity need not be considered,Downward gravity or acceleration|Post-collision motion trend|Relationship between the two ball sizes,"I clearly felt that the balls in the gravity condition were affected by downward gravity, whereas the balls in the zero-gravity condition were not",Often,Often
P280,215,Strongly matches,Strongly matches,Neutral,Somewhat matches,Zero gravity,Take more time to ensure accuracy,3D motion after collision with downward gravitational acceleration; downward gravity should be considered,3D motion after collision under zero or microgravity; downward gravity need not be considered,Pre-collision direction and speed|Downward gravity or acceleration|Post-collision motion trend,"I clearly felt that the balls in the gravity condition were affected by downward gravity, whereas the balls in the zero-gravity condition were not",Sometimes,Often
P281,1006,Strongly matches,Strongly matches,Strongly does not match,Strongly matches,Zero gravity,Answer quickly but risk errors,3D motion after collision with downward gravitational acceleration; downward gravity should be considered,3D motion after collision under zero or microgravity; downward gravity need not be considered,Relationship between the two ball sizes,I did not clearly perceive different motion rules between the two conditions,Never,Often
P282,781,Strongly matches,Strongly matches,Somewhat does not match,Strongly matches,Zero gravity,Answer quickly but risk errors,3D motion after collision with downward gravitational acceleration; downward gravity should be considered,3D motion after collision under zero or microgravity; downward gravity need not be considered,Pre-collision direction and speed|Downward gravity or acceleration|Candidate landing positions and distance,"I clearly felt that the balls in the gravity condition were affected by downward gravity, whereas the balls in the zero-gravity condition were not",Sometimes,Almost every time
P283,176,Neutral,Somewhat matches,Neutral,Neutral,Zero gravity,Take more time to ensure accuracy,"2D plane motion after collision, like billiards",3D motion after collision under zero or microgravity; downward gravity need not be considered,Pre-collision direction and speed|Downward gravity or acceleration|Post-collision motion trend,"I clearly felt that the balls in the gravity condition were affected by downward gravity, whereas the balls in the zero-gravity condition were not",Rarely,Almost every time
P284,5904,Somewhat matches,Somewhat matches,Somewhat matches,Somewhat matches,Gravity,Take more time to ensure accuracy,3D motion after collision with downward gravitational acceleration; downward gravity should be considered,3D motion after collision under zero or microgravity; downward gravity need not be considered,Downward gravity or acceleration|Candidate landing positions and distance|Relationship between the two ball sizes,"I clearly felt that the balls in the gravity condition were affected by downward gravity, whereas the balls in the zero-gravity condition were not",Sometimes,Almost every time
P285,444,Strongly matches,Strongly matches,Neutral,Strongly matches,Zero gravity,Answer quickly but risk errors,3D motion after collision with downward gravitational acceleration; downward gravity should be considered,3D motion after collision under zero or microgravity; downward gravity need not be considered,Downward gravity or acceleration|Post-collision motion trend|Candidate landing positions and distance,"I clearly felt that the balls in the gravity condition were affected by downward gravity, whereas the balls in the zero-gravity condition were not",Often,Almost every time
P286,949,Neutral,Neutral,Somewhat does not match,Somewhat matches,Zero gravity,Answer quickly but risk errors,3D motion after collision with downward gravitational acceleration; downward gravity should be considered,3D motion after collision under zero or microgravity; downward gravity need not be considered,Pre-collision direction and speed|Downward gravity or acceleration|Relationship between the two ball sizes,"I clearly felt that the balls in the gravity condition were affected by downward gravity, whereas the balls in the zero-gravity condition were not",Often,Sometimes
